[main 8c46d38] Update backing 2026-03-25 18:40
 4 files changed, 27 insertions(+), 11 deletions(-)
To https://github.com/todayindefi/backing-monitor.git
   d1399e0..8c46d38  main -> main
Wed Mar 25 06:40:08 PM CST 2026: Pushed updated backing data
[main a1c080e] Update backing 2026-03-25 19:40
 4 files changed, 32 insertions(+), 16 deletions(-)
To https://github.com/todayindefi/backing-monitor.git
   8c46d38..a1c080e  main -> main
Wed Mar 25 07:40:02 PM CST 2026: Pushed updated backing data
[main f67611a] Update backing 2026-03-25 20:40
 4 files changed, 36 insertions(+), 20 deletions(-)
To https://github.com/todayindefi/backing-monitor.git
   a1c080e..f67611a  main -> main
Wed Mar 25 08:40:03 PM CST 2026: Pushed updated backing data
[main 5e51c43] Update backing 2026-03-25 21:40
 4 files changed, 33 insertions(+), 17 deletions(-)
To https://github.com/todayindefi/backing-monitor.git
   f67611a..5e51c43  main -> main
Wed Mar 25 09:40:03 PM CST 2026: Pushed updated backing data
[main 5fb8008] Update backing 2026-03-25 22:40
 4 files changed, 31 insertions(+), 15 deletions(-)
To https://github.com/todayindefi/backing-monitor.git
   5e51c43..5fb8008  main -> main
Wed Mar 25 10:40:02 PM CST 2026: Pushed updated backing data
[main 8443ae2] Update backing 2026-03-25 23:40
 4 files changed, 33 insertions(+), 17 deletions(-)
To https://github.com/todayindefi/backing-monitor.git
   5fb8008..8443ae2  main -> main
Wed Mar 25 11:40:03 PM CST 2026: Pushed updated backing data
[main a77099a] Update backing 2026-03-26 00:40
 4 files changed, 38 insertions(+), 22 deletions(-)
To https://github.com/todayindefi/backing-monitor.git
   8443ae2..a77099a  main -> main
Thu Mar 26 12:40:02 AM CST 2026: Pushed updated backing data
[main 5d40270] Update backing 2026-03-26 01:40
 4 files changed, 39 insertions(+), 23 deletions(-)
To https://github.com/todayindefi/backing-monitor.git
   a77099a..5d40270  main -> main
Thu Mar 26 01:40:02 AM CST 2026: Pushed updated backing data
[main 15a8a10] Update backing 2026-03-26 02:40
 4 files changed, 34 insertions(+), 18 deletions(-)
To https://github.com/todayindefi/backing-monitor.git
   5d40270..15a8a10  main -> main
Thu Mar 26 02:40:03 AM CST 2026: Pushed updated backing data
[main 9de23f1] Update backing 2026-03-26 03:40
 4 files changed, 36 insertions(+), 20 deletions(-)
To https://github.com/todayindefi/backing-monitor.git
   15a8a10..9de23f1  main -> main
Thu Mar 26 03:40:02 AM CST 2026: Pushed updated backing data
[main 9a7a339] Update backing 2026-03-26 04:40
 4 files changed, 35 insertions(+), 19 deletions(-)
To https://github.com/todayindefi/backing-monitor.git
   9de23f1..9a7a339  main -> main
Thu Mar 26 04:40:02 AM CST 2026: Pushed updated backing data
[main 6a6ab50] Update backing 2026-03-26 05:40
 4 files changed, 37 insertions(+), 21 deletions(-)
To https://github.com/todayindefi/backing-monitor.git
   9a7a339..6a6ab50  main -> main
Thu Mar 26 05:40:02 AM CST 2026: Pushed updated backing data
[main c8922f5] Update backing 2026-03-26 06:40
 4 files changed, 32 insertions(+), 16 deletions(-)
To https://github.com/todayindefi/backing-monitor.git
   6a6ab50..c8922f5  main -> main
Thu Mar 26 06:40:02 AM CST 2026: Pushed updated backing data
[main 218b46e] Update backing 2026-03-26 07:40
 4 files changed, 32 insertions(+), 16 deletions(-)
To https://github.com/todayindefi/backing-monitor.git
   c8922f5..218b46e  main -> main
Thu Mar 26 07:40:02 AM CST 2026: Pushed updated backing data
[main a522180] Update backing 2026-03-26 08:40
 4 files changed, 42 insertions(+), 26 deletions(-)
To https://github.com/todayindefi/backing-monitor.git
   218b46e..a522180  main -> main
Thu Mar 26 08:40:03 AM CST 2026: Pushed updated backing data
[main d77a7b5] Update backing 2026-03-26 09:40
 4 files changed, 34 insertions(+), 18 deletions(-)
To https://github.com/todayindefi/backing-monitor.git
   a522180..d77a7b5  main -> main
Thu Mar 26 09:40:02 AM CST 2026: Pushed updated backing data
[main 04782db] Update backing 2026-03-26 10:40
 4 files changed, 31 insertions(+), 15 deletions(-)
To https://github.com/todayindefi/backing-monitor.git
   d77a7b5..04782db  main -> main
Thu Mar 26 10:40:02 AM CST 2026: Pushed updated backing data
[main 5c0ef89] Update backing 2026-03-26 11:40
 4 files changed, 33 insertions(+), 17 deletions(-)
To https://github.com/todayindefi/backing-monitor.git
   04782db..5c0ef89  main -> main
Thu Mar 26 11:40:02 AM CST 2026: Pushed updated backing data
[main a0ac3a1] Update backing 2026-03-26 12:40
 4 files changed, 32 insertions(+), 16 deletions(-)
To https://github.com/todayindefi/backing-monitor.git
   5c0ef89..a0ac3a1  main -> main
Thu Mar 26 12:40:02 PM CST 2026: Pushed updated backing data
[main cd2e94a] Update backing 2026-03-26 13:40
 4 files changed, 34 insertions(+), 18 deletions(-)
To https://github.com/todayindefi/backing-monitor.git
   a0ac3a1..cd2e94a  main -> main
Thu Mar 26 01:40:03 PM CST 2026: Pushed updated backing data
[main 806e4fb] Update backing 2026-03-26 14:40
 4 files changed, 35 insertions(+), 19 deletions(-)
To https://github.com/todayindefi/backing-monitor.git
   cd2e94a..806e4fb  main -> main
Thu Mar 26 02:40:02 PM CST 2026: Pushed updated backing data
[main 7b988b4] Update backing 2026-03-26 15:40
 4 files changed, 32 insertions(+), 16 deletions(-)
To https://github.com/todayindefi/backing-monitor.git
   806e4fb..7b988b4  main -> main
Thu Mar 26 03:40:02 PM CST 2026: Pushed updated backing data
[main a590c1c] Update backing 2026-03-26 16:40
 4 files changed, 40 insertions(+), 24 deletions(-)
To https://github.com/todayindefi/backing-monitor.git
   7b988b4..a590c1c  main -> main
Thu Mar 26 04:40:02 PM CST 2026: Pushed updated backing data
[main 736fb69] Update backing 2026-03-26 17:40
 4 files changed, 37 insertions(+), 21 deletions(-)
To https://github.com/todayindefi/backing-monitor.git
   a590c1c..736fb69  main -> main
Thu Mar 26 05:40:03 PM CST 2026: Pushed updated backing data
[main 2675ada] Update backing 2026-03-26 18:40
 4 files changed, 32 insertions(+), 16 deletions(-)
To https://github.com/todayindefi/backing-monitor.git
   736fb69..2675ada  main -> main
Thu Mar 26 06:40:03 PM CST 2026: Pushed updated backing data
[main d2dd14f] Update backing 2026-03-26 19:40
 4 files changed, 36 insertions(+), 20 deletions(-)
To https://github.com/todayindefi/backing-monitor.git
   2675ada..d2dd14f  main -> main
Thu Mar 26 07:40:03 PM CST 2026: Pushed updated backing data
[main 8b679ed] Update backing 2026-03-26 20:40
 4 files changed, 35 insertions(+), 19 deletions(-)
To https://github.com/todayindefi/backing-monitor.git
   d2dd14f..8b679ed  main -> main
Thu Mar 26 08:40:03 PM CST 2026: Pushed updated backing data
[main 277b82c] Update backing 2026-03-26 21:40
 4 files changed, 35 insertions(+), 19 deletions(-)
To https://github.com/todayindefi/backing-monitor.git
   8b679ed..277b82c  main -> main
Thu Mar 26 09:40:02 PM CST 2026: Pushed updated backing data
[main a0c3fb7] Update backing 2026-03-26 22:40
 4 files changed, 32 insertions(+), 16 deletions(-)
To https://github.com/todayindefi/backing-monitor.git
   277b82c..a0c3fb7  main -> main
Thu Mar 26 10:40:03 PM CST 2026: Pushed updated backing data
[main 1678a63] Update backing 2026-03-26 23:40
 4 files changed, 37 insertions(+), 21 deletions(-)
To https://github.com/todayindefi/backing-monitor.git
   a0c3fb7..1678a63  main -> main
Thu Mar 26 11:40:02 PM CST 2026: Pushed updated backing data
[main 1d1746b] Update backing 2026-03-27 00:40
 4 files changed, 42 insertions(+), 26 deletions(-)
To https://github.com/todayindefi/backing-monitor.git
   1678a63..1d1746b  main -> main
Fri Mar 27 12:40:02 AM CST 2026: Pushed updated backing data
[main a51b722] Update backing 2026-03-27 01:40
 4 files changed, 24 insertions(+), 8 deletions(-)
To https://github.com/todayindefi/backing-monitor.git
   1d1746b..a51b722  main -> main
Fri Mar 27 01:40:03 AM CST 2026: Pushed updated backing data
[main b088606] Update backing 2026-03-27 02:40
 4 files changed, 41 insertions(+), 25 deletions(-)
To https://github.com/todayindefi/backing-monitor.git
   a51b722..b088606  main -> main
Fri Mar 27 02:40:02 AM CST 2026: Pushed updated backing data
[main 959f1fd] Update backing 2026-03-27 03:40
 4 files changed, 30 insertions(+), 14 deletions(-)
To https://github.com/todayindefi/backing-monitor.git
   b088606..959f1fd  main -> main
Fri Mar 27 03:40:02 AM CST 2026: Pushed updated backing data
[main 1a6d782] Update backing 2026-03-27 04:40
 4 files changed, 38 insertions(+), 22 deletions(-)
To https://github.com/todayindefi/backing-monitor.git
   959f1fd..1a6d782  main -> main
Fri Mar 27 04:40:03 AM CST 2026: Pushed updated backing data
[main ac0059a] Update backing 2026-03-27 05:40
 4 files changed, 34 insertions(+), 18 deletions(-)
To https://github.com/todayindefi/backing-monitor.git
   1a6d782..ac0059a  main -> main
Fri Mar 27 05:40:02 AM CST 2026: Pushed updated backing data
[main 61e0826] Update backing 2026-03-27 06:40
 4 files changed, 35 insertions(+), 19 deletions(-)
To https://github.com/todayindefi/backing-monitor.git
   ac0059a..61e0826  main -> main
Fri Mar 27 06:40:02 AM CST 2026: Pushed updated backing data
[main fbbb4f6] Update backing 2026-03-27 07:40
 4 files changed, 33 insertions(+), 17 deletions(-)
To https://github.com/todayindefi/backing-monitor.git
   61e0826..fbbb4f6  main -> main
Fri Mar 27 07:40:02 AM CST 2026: Pushed updated backing data
[main bdafc3e] Update backing 2026-03-27 08:40
 4 files changed, 43 insertions(+), 27 deletions(-)
To https://github.com/todayindefi/backing-monitor.git
   fbbb4f6..bdafc3e  main -> main
Fri Mar 27 08:40:02 AM CST 2026: Pushed updated backing data
[main 0adbf81] Update backing 2026-03-27 09:40
 4 files changed, 37 insertions(+), 21 deletions(-)
To https://github.com/todayindefi/backing-monitor.git
   bdafc3e..0adbf81  main -> main
Fri Mar 27 09:40:02 AM CST 2026: Pushed updated backing data
[main 89506c8] Update backing 2026-03-27 10:40
 4 files changed, 30 insertions(+), 14 deletions(-)
To https://github.com/todayindefi/backing-monitor.git
   0adbf81..89506c8  main -> main
Fri Mar 27 10:40:03 AM CST 2026: Pushed updated backing data
[main eb52721] Update backing 2026-03-27 11:40
 4 files changed, 31 insertions(+), 15 deletions(-)
To https://github.com/todayindefi/backing-monitor.git
   89506c8..eb52721  main -> main
Fri Mar 27 11:40:02 AM CST 2026: Pushed updated backing data
[main f7fb7a9] Update backing 2026-03-27 12:40
 7 files changed, 401 insertions(+), 19 deletions(-)
 create mode 100644 data/crvusd_backing.json
 create mode 100644 data/crvusd_backing_history.json
To https://github.com/todayindefi/backing-monitor.git
   eb52721..f7fb7a9  main -> main
Fri Mar 27 12:40:03 PM CST 2026: Pushed updated backing data
[main 195fb36] Update backing 2026-03-27 13:40
 6 files changed, 113 insertions(+), 88 deletions(-)
To https://github.com/todayindefi/backing-monitor.git
   f7fb7a9..195fb36  main -> main
Fri Mar 27 01:40:03 PM CST 2026: Pushed updated backing data
[main e2951a5] Update backing 2026-03-27 14:40
 6 files changed, 112 insertions(+), 87 deletions(-)
To https://github.com/todayindefi/backing-monitor.git
   195fb36..e2951a5  main -> main
Fri Mar 27 02:40:02 PM CST 2026: Pushed updated backing data
[main 5999fd3] Update backing 2026-03-27 15:40
 6 files changed, 106 insertions(+), 81 deletions(-)
To https://github.com/todayindefi/backing-monitor.git
   8a26760..5999fd3  main -> main
Fri Mar 27 03:40:02 PM CST 2026: Pushed updated backing data
[main 9c37296] Update backing 2026-03-27 16:40
 4 files changed, 44 insertions(+), 28 deletions(-)
To https://github.com/todayindefi/backing-monitor.git
   5635d96..9c37296  main -> main
Fri Mar 27 04:40:02 PM CST 2026: Pushed updated backing data
[main 3eefdd2] Update backing 2026-03-27 17:40
 6 files changed, 159 insertions(+), 129 deletions(-)
To https://github.com/todayindefi/backing-monitor.git
   366eebd..3eefdd2  main -> main
Fri Mar 27 05:40:02 PM CST 2026: Pushed updated backing data
[main b7f0be9] Update backing 2026-03-27 18:40
 4 files changed, 40 insertions(+), 24 deletions(-)
To https://github.com/todayindefi/backing-monitor.git
   07dbb97..b7f0be9  main -> main
Fri Mar 27 06:40:02 PM CST 2026: Pushed updated backing data
[main cc03ab1] Update backing 2026-03-27 19:40
 4 files changed, 33 insertions(+), 17 deletions(-)
To https://github.com/todayindefi/backing-monitor.git
   b7f0be9..cc03ab1  main -> main
Fri Mar 27 07:40:03 PM CST 2026: Pushed updated backing data
[main 8446a86] Update backing 2026-03-27 20:40
 4 files changed, 28 insertions(+), 12 deletions(-)
To https://github.com/todayindefi/backing-monitor.git
   cc03ab1..8446a86  main -> main
Fri Mar 27 08:40:02 PM CST 2026: Pushed updated backing data
[main 1239ff4] Update backing 2026-03-27 21:40
 4 files changed, 35 insertions(+), 19 deletions(-)
To https://github.com/todayindefi/backing-monitor.git
   8446a86..1239ff4  main -> main
Fri Mar 27 09:40:02 PM CST 2026: Pushed updated backing data
[main 0f38d23] Update backing 2026-03-27 22:40
 4 files changed, 40 insertions(+), 24 deletions(-)
To https://github.com/todayindefi/backing-monitor.git
   1239ff4..0f38d23  main -> main
Fri Mar 27 10:40:02 PM CST 2026: Pushed updated backing data
[main f5b19b7] Update backing 2026-03-27 23:40
 4 files changed, 36 insertions(+), 20 deletions(-)
To https://github.com/todayindefi/backing-monitor.git
   0f38d23..f5b19b7  main -> main
Fri Mar 27 11:40:03 PM CST 2026: Pushed updated backing data
[main 471e371] Update backing 2026-03-28 00:40
 6 files changed, 262 insertions(+), 171 deletions(-)
To https://github.com/todayindefi/backing-monitor.git
   f5b19b7..471e371  main -> main
Sat Mar 28 12:40:03 AM CST 2026: Pushed updated backing data
[main befc905] Update backing 2026-03-28 01:40
 4 files changed, 36 insertions(+), 20 deletions(-)
To https://github.com/todayindefi/backing-monitor.git
   2e9e20a..befc905  main -> main
Sat Mar 28 01:40:03 AM CST 2026: Pushed updated backing data
[main 7d707d6] Update backing 2026-03-28 02:40
 4 files changed, 40 insertions(+), 24 deletions(-)
To https://github.com/todayindefi/backing-monitor.git
   befc905..7d707d6  main -> main
Sat Mar 28 02:40:02 AM CST 2026: Pushed updated backing data
[main 41a6e21] Update backing 2026-03-28 03:40
 4 files changed, 28 insertions(+), 12 deletions(-)
To https://github.com/todayindefi/backing-monitor.git
   7d707d6..41a6e21  main -> main
Sat Mar 28 03:40:02 AM CST 2026: Pushed updated backing data
[main 5690feb] Update backing 2026-03-28 04:40
 4 files changed, 31 insertions(+), 15 deletions(-)
To https://github.com/todayindefi/backing-monitor.git
   41a6e21..5690feb  main -> main
Sat Mar 28 04:40:03 AM CST 2026: Pushed updated backing data
[main 3d03da9] Update backing 2026-03-28 05:40
 4 files changed, 35 insertions(+), 19 deletions(-)
To https://github.com/todayindefi/backing-monitor.git
   5690feb..3d03da9  main -> main
Sat Mar 28 05:40:02 AM CST 2026: Pushed updated backing data
[main 48f0fa8] Update backing 2026-03-28 06:40
 4 files changed, 36 insertions(+), 20 deletions(-)
To https://github.com/todayindefi/backing-monitor.git
   3d03da9..48f0fa8  main -> main
Sat Mar 28 06:40:02 AM CST 2026: Pushed updated backing data
[main 6dcaa07] Update backing 2026-03-28 07:40
 4 files changed, 32 insertions(+), 16 deletions(-)
To https://github.com/todayindefi/backing-monitor.git
   48f0fa8..6dcaa07  main -> main
Sat Mar 28 07:40:03 AM CST 2026: Pushed updated backing data
[main bf6a6eb] Update backing 2026-03-28 08:40
 4 files changed, 43 insertions(+), 27 deletions(-)
To https://github.com/todayindefi/backing-monitor.git
   6dcaa07..bf6a6eb  main -> main
Sat Mar 28 08:40:02 AM CST 2026: Pushed updated backing data
[main 1fc3766] Update backing 2026-03-28 09:40
 4 files changed, 33 insertions(+), 17 deletions(-)
To https://github.com/todayindefi/backing-monitor.git
   bf6a6eb..1fc3766  main -> main
Sat Mar 28 09:40:02 AM CST 2026: Pushed updated backing data
[main 4bb50f2] Update backing 2026-03-28 10:40
 4 files changed, 23 insertions(+), 7 deletions(-)
To https://github.com/todayindefi/backing-monitor.git
   1fc3766..4bb50f2  main -> main
Sat Mar 28 10:40:02 AM CST 2026: Pushed updated backing data
[main 26e8340] Update backing 2026-03-28 11:40
 4 files changed, 25 insertions(+), 9 deletions(-)
To https://github.com/todayindefi/backing-monitor.git
   4bb50f2..26e8340  main -> main
Sat Mar 28 11:40:03 AM CST 2026: Pushed updated backing data
[main 256d3b2] Update backing 2026-03-28 12:40
 4 files changed, 36 insertions(+), 20 deletions(-)
To https://github.com/todayindefi/backing-monitor.git
   26e8340..256d3b2  main -> main
Sat Mar 28 12:40:02 PM CST 2026: Pushed updated backing data
[main 1ac1b0d] Update backing 2026-03-28 13:40
 4 files changed, 30 insertions(+), 14 deletions(-)
To https://github.com/todayindefi/backing-monitor.git
   0b721c0..1ac1b0d  main -> main
Sat Mar 28 01:40:03 PM CST 2026: Pushed updated backing data
[main ca75a5e] Update backing 2026-03-28 14:40
 4 files changed, 35 insertions(+), 19 deletions(-)
To https://github.com/todayindefi/backing-monitor.git
   1ac1b0d..ca75a5e  main -> main
Sat Mar 28 02:40:03 PM CST 2026: Pushed updated backing data
[main c7c3a82] Update backing 2026-03-28 15:40
 4 files changed, 34 insertions(+), 18 deletions(-)
To https://github.com/todayindefi/backing-monitor.git
   c40fd33..c7c3a82  main -> main
Sat Mar 28 03:40:02 PM CST 2026: Pushed updated backing data
[main a8db8a4] Update backing 2026-03-28 16:40
 6 files changed, 197 insertions(+), 154 deletions(-)
To https://github.com/todayindefi/backing-monitor.git
   7d6d242..a8db8a4  main -> main
Sat Mar 28 04:40:02 PM CST 2026: Pushed updated backing data
[main 9a68775] Update backing 2026-03-28 17:40
 6 files changed, 161 insertions(+), 136 deletions(-)
To https://github.com/todayindefi/backing-monitor.git
   a8db8a4..9a68775  main -> main
Sat Mar 28 05:40:02 PM CST 2026: Pushed updated backing data
[main f933ebf] Update backing 2026-03-28 18:40
 6 files changed, 146 insertions(+), 121 deletions(-)
To https://github.com/todayindefi/backing-monitor.git
   9a68775..f933ebf  main -> main
Sat Mar 28 06:40:02 PM CST 2026: Pushed updated backing data
[main 50f56e3] Update backing 2026-03-28 19:40
 6 files changed, 151 insertions(+), 126 deletions(-)
To https://github.com/todayindefi/backing-monitor.git
   f933ebf..50f56e3  main -> main
Sat Mar 28 07:40:02 PM CST 2026: Pushed updated backing data
[main 8d328ea] Update backing 2026-03-28 20:40
 6 files changed, 164 insertions(+), 139 deletions(-)
To https://github.com/todayindefi/backing-monitor.git
   50f56e3..8d328ea  main -> main
Sat Mar 28 08:40:02 PM CST 2026: Pushed updated backing data
[main e6d4d53] Update backing 2026-03-28 21:40
 6 files changed, 152 insertions(+), 127 deletions(-)
To https://github.com/todayindefi/backing-monitor.git
   8d328ea..e6d4d53  main -> main
Sat Mar 28 09:40:02 PM CST 2026: Pushed updated backing data
[main 43ab3ac] Update backing 2026-03-28 22:40
 6 files changed, 174 insertions(+), 149 deletions(-)
To https://github.com/todayindefi/backing-monitor.git
   e6d4d53..43ab3ac  main -> main
Sat Mar 28 10:40:02 PM CST 2026: Pushed updated backing data
[main f0ae2a7] Update backing 2026-03-28 23:40
 4 files changed, 37 insertions(+), 21 deletions(-)
To https://github.com/todayindefi/backing-monitor.git
   5c4d55a..f0ae2a7  main -> main
Sat Mar 28 11:40:02 PM CST 2026: Pushed updated backing data
[main 8c2deca] Update backing 2026-03-29 00:40
 4 files changed, 40 insertions(+), 24 deletions(-)
To https://github.com/todayindefi/backing-monitor.git
   1e5c482..8c2deca  main -> main
Sun Mar 29 12:40:02 AM CST 2026: Pushed updated backing data
[main 79e1238] Update backing 2026-03-29 01:40
 6 files changed, 155 insertions(+), 152 deletions(-)
 rewrite data/crvusd_backing_history.json (86%)
To https://github.com/todayindefi/backing-monitor.git
   e29e223..79e1238  main -> main
Sun Mar 29 01:40:03 AM CST 2026: Pushed updated backing data
From https://github.com/todayindefi/backing-monitor
 * branch              main       -> FETCH_HEAD
From https://github.com/todayindefi/backing-monitor
 * branch              main       -> FETCH_HEAD
From https://github.com/todayindefi/backing-monitor
 * branch              main       -> FETCH_HEAD
From https://github.com/todayindefi/backing-monitor
 * branch              main       -> FETCH_HEAD
From https://github.com/todayindefi/backing-monitor
 * branch              main       -> FETCH_HEAD
From https://github.com/todayindefi/backing-monitor
 * branch              main       -> FETCH_HEAD
From https://github.com/todayindefi/backing-monitor
 * branch              main       -> FETCH_HEAD
From https://github.com/todayindefi/backing-monitor
 * branch              main       -> FETCH_HEAD
From https://github.com/todayindefi/backing-monitor
 * branch              main       -> FETCH_HEAD
From https://github.com/todayindefi/backing-monitor
 * branch              main       -> FETCH_HEAD
From https://github.com/todayindefi/backing-monitor
 * branch              main       -> FETCH_HEAD
From https://github.com/todayindefi/backing-monitor
 * branch              main       -> FETCH_HEAD
From https://github.com/todayindefi/backing-monitor
 * branch              main       -> FETCH_HEAD
From https://github.com/todayindefi/backing-monitor
 * branch              main       -> FETCH_HEAD
From https://github.com/todayindefi/backing-monitor
 * branch              main       -> FETCH_HEAD
From https://github.com/todayindefi/backing-monitor
 * branch              main       -> FETCH_HEAD
From https://github.com/todayindefi/backing-monitor
 * branch              main       -> FETCH_HEAD
From https://github.com/todayindefi/backing-monitor
 * branch              main       -> FETCH_HEAD
From https://github.com/todayindefi/backing-monitor
 * branch              main       -> FETCH_HEAD
From https://github.com/todayindefi/backing-monitor
 * branch              main       -> FETCH_HEAD
From https://github.com/todayindefi/backing-monitor
 * branch              main       -> FETCH_HEAD
From https://github.com/todayindefi/backing-monitor
 * branch              main       -> FETCH_HEAD
From https://github.com/todayindefi/backing-monitor
 * branch              main       -> FETCH_HEAD
From https://github.com/todayindefi/backing-monitor
 * branch              main       -> FETCH_HEAD
From https://github.com/todayindefi/backing-monitor
 * branch              main       -> FETCH_HEAD
From https://github.com/todayindefi/backing-monitor
 * branch              main       -> FETCH_HEAD
From https://github.com/todayindefi/backing-monitor
 * branch              main       -> FETCH_HEAD
From https://github.com/todayindefi/backing-monitor
 * branch              main       -> FETCH_HEAD
From https://github.com/todayindefi/backing-monitor
 * branch              main       -> FETCH_HEAD
From https://github.com/todayindefi/backing-monitor
 * branch              main       -> FETCH_HEAD
From https://github.com/todayindefi/backing-monitor
 * branch              main       -> FETCH_HEAD
From https://github.com/todayindefi/backing-monitor
 * branch              main       -> FETCH_HEAD
From https://github.com/todayindefi/backing-monitor
 * branch              main       -> FETCH_HEAD
From https://github.com/todayindefi/backing-monitor
 * branch              main       -> FETCH_HEAD
From https://github.com/todayindefi/backing-monitor
 * branch              main       -> FETCH_HEAD
From https://github.com/todayindefi/backing-monitor
 * branch              main       -> FETCH_HEAD
From https://github.com/todayindefi/backing-monitor
 * branch              main       -> FETCH_HEAD
From https://github.com/todayindefi/backing-monitor
 * branch              main       -> FETCH_HEAD
fatal: unable to access 'https://github.com/todayindefi/backing-monitor.git/': Could not resolve host: github.com
From https://github.com/todayindefi/backing-monitor
 * branch              main       -> FETCH_HEAD
From https://github.com/todayindefi/backing-monitor
 * branch              main       -> FETCH_HEAD
From https://github.com/todayindefi/backing-monitor
 * branch              main       -> FETCH_HEAD
From https://github.com/todayindefi/backing-monitor
 * branch              main       -> FETCH_HEAD
From https://github.com/todayindefi/backing-monitor
 * branch              main       -> FETCH_HEAD
From https://github.com/todayindefi/backing-monitor
 * branch              main       -> FETCH_HEAD
From https://github.com/todayindefi/backing-monitor
 * branch              main       -> FETCH_HEAD
From https://github.com/todayindefi/backing-monitor
 * branch              main       -> FETCH_HEAD
From https://github.com/todayindefi/backing-monitor
 * branch              main       -> FETCH_HEAD
From https://github.com/todayindefi/backing-monitor
 * branch              main       -> FETCH_HEAD
From https://github.com/todayindefi/backing-monitor
 * branch              main       -> FETCH_HEAD
From https://github.com/todayindefi/backing-monitor
 * branch              main       -> FETCH_HEAD
From https://github.com/todayindefi/backing-monitor
 * branch              main       -> FETCH_HEAD
From https://github.com/todayindefi/backing-monitor
 * branch              main       -> FETCH_HEAD
From https://github.com/todayindefi/backing-monitor
 * branch              main       -> FETCH_HEAD
From https://github.com/todayindefi/backing-monitor
 * branch              main       -> FETCH_HEAD
From https://github.com/todayindefi/backing-monitor
 * branch              main       -> FETCH_HEAD
From https://github.com/todayindefi/backing-monitor
 * branch              main       -> FETCH_HEAD
From https://github.com/todayindefi/backing-monitor
 * branch              main       -> FETCH_HEAD
From https://github.com/todayindefi/backing-monitor
 * branch              main       -> FETCH_HEAD
From https://github.com/todayindefi/backing-monitor
 * branch              main       -> FETCH_HEAD
From https://github.com/todayindefi/backing-monitor
 * branch              main       -> FETCH_HEAD
From https://github.com/todayindefi/backing-monitor
 * branch              main       -> FETCH_HEAD
From https://github.com/todayindefi/backing-monitor
 * branch              main       -> FETCH_HEAD
From https://github.com/todayindefi/backing-monitor
 * branch              main       -> FETCH_HEAD
From https://github.com/todayindefi/backing-monitor
 * branch              main       -> FETCH_HEAD
From https://github.com/todayindefi/backing-monitor
 * branch              main       -> FETCH_HEAD
From https://github.com/todayindefi/backing-monitor
 * branch              main       -> FETCH_HEAD
From https://github.com/todayindefi/backing-monitor
 * branch              main       -> FETCH_HEAD
From https://github.com/todayindefi/backing-monitor
 * branch              main       -> FETCH_HEAD
From https://github.com/todayindefi/backing-monitor
 * branch              main       -> FETCH_HEAD
From https://github.com/todayindefi/backing-monitor
 * branch              main       -> FETCH_HEAD
From https://github.com/todayindefi/backing-monitor
 * branch              main       -> FETCH_HEAD
From https://github.com/todayindefi/backing-monitor
 * branch              main       -> FETCH_HEAD
From https://github.com/todayindefi/backing-monitor
 * branch              main       -> FETCH_HEAD
From https://github.com/todayindefi/backing-monitor
 * branch              main       -> FETCH_HEAD
From https://github.com/todayindefi/backing-monitor
 * branch              main       -> FETCH_HEAD
From https://github.com/todayindefi/backing-monitor
 * branch              main       -> FETCH_HEAD
From https://github.com/todayindefi/backing-monitor
 * branch              main       -> FETCH_HEAD
From https://github.com/todayindefi/backing-monitor
 * branch              main       -> FETCH_HEAD
From https://github.com/todayindefi/backing-monitor
 * branch              main       -> FETCH_HEAD
From https://github.com/todayindefi/backing-monitor
 * branch              main       -> FETCH_HEAD
From https://github.com/todayindefi/backing-monitor
 * branch              main       -> FETCH_HEAD
From https://github.com/todayindefi/backing-monitor
 * branch              main       -> FETCH_HEAD
From https://github.com/todayindefi/backing-monitor
 * branch              main       -> FETCH_HEAD
From https://github.com/todayindefi/backing-monitor
 * branch              main       -> FETCH_HEAD
From https://github.com/todayindefi/backing-monitor
 * branch              main       -> FETCH_HEAD
From https://github.com/todayindefi/backing-monitor
 * branch              main       -> FETCH_HEAD
From https://github.com/todayindefi/backing-monitor
 * branch              main       -> FETCH_HEAD
From https://github.com/todayindefi/backing-monitor
 * branch              main       -> FETCH_HEAD
From https://github.com/todayindefi/backing-monitor
 * branch              main       -> FETCH_HEAD
From https://github.com/todayindefi/backing-monitor
 * branch              main       -> FETCH_HEAD
From https://github.com/todayindefi/backing-monitor
 * branch              main       -> FETCH_HEAD
From https://github.com/todayindefi/backing-monitor
 * branch              main       -> FETCH_HEAD
From https://github.com/todayindefi/backing-monitor
 * branch              main       -> FETCH_HEAD
From https://github.com/todayindefi/backing-monitor
 * branch              main       -> FETCH_HEAD
From https://github.com/todayindefi/backing-monitor
 * branch              main       -> FETCH_HEAD
From https://github.com/todayindefi/backing-monitor
 * branch              main       -> FETCH_HEAD
From https://github.com/todayindefi/backing-monitor
 * branch              main       -> FETCH_HEAD
From https://github.com/todayindefi/backing-monitor
 * branch              main       -> FETCH_HEAD
From https://github.com/todayindefi/backing-monitor
 * branch              main       -> FETCH_HEAD
From https://github.com/todayindefi/backing-monitor
 * branch              main       -> FETCH_HEAD
From https://github.com/todayindefi/backing-monitor
 * branch              main       -> FETCH_HEAD
From https://github.com/todayindefi/backing-monitor
 * branch              main       -> FETCH_HEAD
From https://github.com/todayindefi/backing-monitor
 * branch              main       -> FETCH_HEAD
From https://github.com/todayindefi/backing-monitor
 * branch              main       -> FETCH_HEAD
From https://github.com/todayindefi/backing-monitor
 * branch              main       -> FETCH_HEAD
From https://github.com/todayindefi/backing-monitor
 * branch              main       -> FETCH_HEAD
From https://github.com/todayindefi/backing-monitor
 * branch              main       -> FETCH_HEAD
From https://github.com/todayindefi/backing-monitor
 * branch              main       -> FETCH_HEAD
From https://github.com/todayindefi/backing-monitor
 * branch              main       -> FETCH_HEAD
From https://github.com/todayindefi/backing-monitor
 * branch              main       -> FETCH_HEAD
From https://github.com/todayindefi/backing-monitor
 * branch              main       -> FETCH_HEAD
From https://github.com/todayindefi/backing-monitor
 * branch              main       -> FETCH_HEAD
From https://github.com/todayindefi/backing-monitor
 * branch              main       -> FETCH_HEAD
From https://github.com/todayindefi/backing-monitor
 * branch              main       -> FETCH_HEAD
From https://github.com/todayindefi/backing-monitor
 * branch              main       -> FETCH_HEAD
From https://github.com/todayindefi/backing-monitor
 * branch              main       -> FETCH_HEAD
From https://github.com/todayindefi/backing-monitor
 * branch              main       -> FETCH_HEAD
From https://github.com/todayindefi/backing-monitor
 * branch              main       -> FETCH_HEAD
From https://github.com/todayindefi/backing-monitor
 * branch              main       -> FETCH_HEAD
From https://github.com/todayindefi/backing-monitor
 * branch              main       -> FETCH_HEAD
From https://github.com/todayindefi/backing-monitor
 * branch              main       -> FETCH_HEAD
From https://github.com/todayindefi/backing-monitor
 * branch              main       -> FETCH_HEAD
From https://github.com/todayindefi/backing-monitor
 * branch              main       -> FETCH_HEAD
From https://github.com/todayindefi/backing-monitor
 * branch              main       -> FETCH_HEAD
From https://github.com/todayindefi/backing-monitor
 * branch              main       -> FETCH_HEAD
From https://github.com/todayindefi/backing-monitor
 * branch              main       -> FETCH_HEAD
From https://github.com/todayindefi/backing-monitor
 * branch              main       -> FETCH_HEAD
From https://github.com/todayindefi/backing-monitor
 * branch              main       -> FETCH_HEAD
From https://github.com/todayindefi/backing-monitor
 * branch              main       -> FETCH_HEAD
From https://github.com/todayindefi/backing-monitor
 * branch              main       -> FETCH_HEAD
From https://github.com/todayindefi/backing-monitor
 * branch              main       -> FETCH_HEAD
From https://github.com/todayindefi/backing-monitor
 * branch              main       -> FETCH_HEAD
From https://github.com/todayindefi/backing-monitor
 * branch              main       -> FETCH_HEAD
From https://github.com/todayindefi/backing-monitor
 * branch              main       -> FETCH_HEAD
From https://github.com/todayindefi/backing-monitor
 * branch              main       -> FETCH_HEAD
From https://github.com/todayindefi/backing-monitor
 * branch              main       -> FETCH_HEAD
From https://github.com/todayindefi/backing-monitor
 * branch              main       -> FETCH_HEAD
From https://github.com/todayindefi/backing-monitor
 * branch              main       -> FETCH_HEAD
From https://github.com/todayindefi/backing-monitor
 * branch              main       -> FETCH_HEAD
From https://github.com/todayindefi/backing-monitor
 * branch              main       -> FETCH_HEAD
From https://github.com/todayindefi/backing-monitor
 * branch              main       -> FETCH_HEAD
From https://github.com/todayindefi/backing-monitor
 * branch              main       -> FETCH_HEAD
From https://github.com/todayindefi/backing-monitor
 * branch              main       -> FETCH_HEAD
From https://github.com/todayindefi/backing-monitor
 * branch              main       -> FETCH_HEAD
From https://github.com/todayindefi/backing-monitor
 * branch              main       -> FETCH_HEAD
From https://github.com/todayindefi/backing-monitor
 * branch              main       -> FETCH_HEAD
From https://github.com/todayindefi/backing-monitor
 * branch              main       -> FETCH_HEAD
From https://github.com/todayindefi/backing-monitor
 * branch              main       -> FETCH_HEAD
From https://github.com/todayindefi/backing-monitor
 * branch              main       -> FETCH_HEAD
From https://github.com/todayindefi/backing-monitor
 * branch              main       -> FETCH_HEAD
From https://github.com/todayindefi/backing-monitor
 * branch              main       -> FETCH_HEAD
From https://github.com/todayindefi/backing-monitor
 * branch              main       -> FETCH_HEAD
From https://github.com/todayindefi/backing-monitor
 * branch              main       -> FETCH_HEAD
From https://github.com/todayindefi/backing-monitor
 * branch              main       -> FETCH_HEAD
From https://github.com/todayindefi/backing-monitor
 * branch              main       -> FETCH_HEAD
From https://github.com/todayindefi/backing-monitor
 * branch              main       -> FETCH_HEAD
From https://github.com/todayindefi/backing-monitor
 * branch              main       -> FETCH_HEAD
From https://github.com/todayindefi/backing-monitor
 * branch              main       -> FETCH_HEAD
From https://github.com/todayindefi/backing-monitor
 * branch              main       -> FETCH_HEAD
From https://github.com/todayindefi/backing-monitor
 * branch              main       -> FETCH_HEAD
From https://github.com/todayindefi/backing-monitor
 * branch              main       -> FETCH_HEAD
From https://github.com/todayindefi/backing-monitor
 * branch              main       -> FETCH_HEAD
From https://github.com/todayindefi/backing-monitor
 * branch              main       -> FETCH_HEAD
From https://github.com/todayindefi/backing-monitor
 * branch              main       -> FETCH_HEAD
From https://github.com/todayindefi/backing-monitor
 * branch              main       -> FETCH_HEAD
From https://github.com/todayindefi/backing-monitor
 * branch              main       -> FETCH_HEAD
From https://github.com/todayindefi/backing-monitor
 * branch              main       -> FETCH_HEAD
From https://github.com/todayindefi/backing-monitor
 * branch              main       -> FETCH_HEAD
From https://github.com/todayindefi/backing-monitor
 * branch              main       -> FETCH_HEAD
From https://github.com/todayindefi/backing-monitor
 * branch                main       -> FETCH_HEAD
From https://github.com/todayindefi/backing-monitor
 * branch                main       -> FETCH_HEAD
From https://github.com/todayindefi/backing-monitor
 * branch                main       -> FETCH_HEAD
From https://github.com/todayindefi/backing-monitor
 * branch                main       -> FETCH_HEAD
From https://github.com/todayindefi/backing-monitor
 * branch                main       -> FETCH_HEAD
From https://github.com/todayindefi/backing-monitor
 * branch                main       -> FETCH_HEAD
From https://github.com/todayindefi/backing-monitor
 * branch                main       -> FETCH_HEAD
From https://github.com/todayindefi/backing-monitor
 * branch                main       -> FETCH_HEAD
From https://github.com/todayindefi/backing-monitor
 * branch                main       -> FETCH_HEAD
From https://github.com/todayindefi/backing-monitor
 * branch                main       -> FETCH_HEAD
From https://github.com/todayindefi/backing-monitor
 * branch                main       -> FETCH_HEAD
From https://github.com/todayindefi/backing-monitor
 * branch                main       -> FETCH_HEAD
From https://github.com/todayindefi/backing-monitor
 * branch                main       -> FETCH_HEAD
From https://github.com/todayindefi/backing-monitor
 * branch                main       -> FETCH_HEAD
From https://github.com/todayindefi/backing-monitor
 * branch                main       -> FETCH_HEAD
From https://github.com/todayindefi/backing-monitor
 * branch                main       -> FETCH_HEAD
From https://github.com/todayindefi/backing-monitor
 * branch                main       -> FETCH_HEAD
From https://github.com/todayindefi/backing-monitor
 * branch                main       -> FETCH_HEAD
From https://github.com/todayindefi/backing-monitor
 * branch                main       -> FETCH_HEAD
From https://github.com/todayindefi/backing-monitor
 * branch                main       -> FETCH_HEAD
From https://github.com/todayindefi/backing-monitor
 * branch                main       -> FETCH_HEAD
From https://github.com/todayindefi/backing-monitor
 * branch                main       -> FETCH_HEAD
From https://github.com/todayindefi/backing-monitor
 * branch                main       -> FETCH_HEAD
From https://github.com/todayindefi/backing-monitor
 * branch                main       -> FETCH_HEAD
From https://github.com/todayindefi/backing-monitor
 * branch                main       -> FETCH_HEAD
From https://github.com/todayindefi/backing-monitor
 * branch                main       -> FETCH_HEAD
From https://github.com/todayindefi/backing-monitor
 * branch                main       -> FETCH_HEAD
From https://github.com/todayindefi/backing-monitor
 * branch                main       -> FETCH_HEAD
From https://github.com/todayindefi/backing-monitor
 * branch                main       -> FETCH_HEAD
From https://github.com/todayindefi/backing-monitor
 * branch                main       -> FETCH_HEAD
From https://github.com/todayindefi/backing-monitor
 * branch                main       -> FETCH_HEAD
From https://github.com/todayindefi/backing-monitor
 * branch                main       -> FETCH_HEAD
From https://github.com/todayindefi/backing-monitor
 * branch                main       -> FETCH_HEAD
From https://github.com/todayindefi/backing-monitor
 * branch                main       -> FETCH_HEAD
From https://github.com/todayindefi/backing-monitor
 * branch                main       -> FETCH_HEAD
From https://github.com/todayindefi/backing-monitor
 * branch                main       -> FETCH_HEAD
From https://github.com/todayindefi/backing-monitor
 * branch                main       -> FETCH_HEAD
From https://github.com/todayindefi/backing-monitor
 * branch                main       -> FETCH_HEAD
From https://github.com/todayindefi/backing-monitor
 * branch                main       -> FETCH_HEAD
From https://github.com/todayindefi/backing-monitor
 * branch                main       -> FETCH_HEAD
From https://github.com/todayindefi/backing-monitor
 * branch                main       -> FETCH_HEAD
From https://github.com/todayindefi/backing-monitor
 * branch                main       -> FETCH_HEAD
From https://github.com/todayindefi/backing-monitor
 * branch                main       -> FETCH_HEAD
From https://github.com/todayindefi/backing-monitor
 * branch                main       -> FETCH_HEAD
From https://github.com/todayindefi/backing-monitor
 * branch                main       -> FETCH_HEAD
From https://github.com/todayindefi/backing-monitor
 * branch                main       -> FETCH_HEAD
From https://github.com/todayindefi/backing-monitor
 * branch                main       -> FETCH_HEAD
From https://github.com/todayindefi/backing-monitor
 * branch                main       -> FETCH_HEAD
From https://github.com/todayindefi/backing-monitor
 * branch                main       -> FETCH_HEAD
From https://github.com/todayindefi/backing-monitor
 * branch                main       -> FETCH_HEAD
From https://github.com/todayindefi/backing-monitor
 * branch                main       -> FETCH_HEAD
From https://github.com/todayindefi/backing-monitor
 * branch                main       -> FETCH_HEAD
From https://github.com/todayindefi/backing-monitor
 * branch                main       -> FETCH_HEAD
From https://github.com/todayindefi/backing-monitor
 * branch                main       -> FETCH_HEAD
From https://github.com/todayindefi/backing-monitor
 * branch                main       -> FETCH_HEAD
From https://github.com/todayindefi/backing-monitor
 * branch                main       -> FETCH_HEAD
From https://github.com/todayindefi/backing-monitor
 * branch                main       -> FETCH_HEAD
From https://github.com/todayindefi/backing-monitor
 * branch                main       -> FETCH_HEAD
From https://github.com/todayindefi/backing-monitor
 * branch                main       -> FETCH_HEAD
From https://github.com/todayindefi/backing-monitor
 * branch                main       -> FETCH_HEAD
From https://github.com/todayindefi/backing-monitor
 * branch                main       -> FETCH_HEAD
From https://github.com/todayindefi/backing-monitor
 * branch                main       -> FETCH_HEAD
From https://github.com/todayindefi/backing-monitor
 * branch                main       -> FETCH_HEAD
From https://github.com/todayindefi/backing-monitor
 * branch                main       -> FETCH_HEAD
From https://github.com/todayindefi/backing-monitor
 * branch                main       -> FETCH_HEAD
From https://github.com/todayindefi/backing-monitor
 * branch                main       -> FETCH_HEAD
From https://github.com/todayindefi/backing-monitor
 * branch                main       -> FETCH_HEAD
From https://github.com/todayindefi/backing-monitor
 * branch                main       -> FETCH_HEAD
From https://github.com/todayindefi/backing-monitor
 * branch                main       -> FETCH_HEAD
From https://github.com/todayindefi/backing-monitor
 * branch                main       -> FETCH_HEAD
From https://github.com/todayindefi/backing-monitor
 * branch                main       -> FETCH_HEAD
From https://github.com/todayindefi/backing-monitor
 * branch                main       -> FETCH_HEAD
From https://github.com/todayindefi/backing-monitor
 * branch                main       -> FETCH_HEAD
From https://github.com/todayindefi/backing-monitor
 * branch                main       -> FETCH_HEAD
From https://github.com/todayindefi/backing-monitor
 * branch                main       -> FETCH_HEAD
From https://github.com/todayindefi/backing-monitor
 * branch                main       -> FETCH_HEAD
From https://github.com/todayindefi/backing-monitor
 * branch                main       -> FETCH_HEAD
From https://github.com/todayindefi/backing-monitor
 * branch                main       -> FETCH_HEAD
From https://github.com/todayindefi/backing-monitor
 * branch                main       -> FETCH_HEAD
From https://github.com/todayindefi/backing-monitor
 * branch                main       -> FETCH_HEAD
From https://github.com/todayindefi/backing-monitor
 * branch                main       -> FETCH_HEAD
From https://github.com/todayindefi/backing-monitor
 * branch                main       -> FETCH_HEAD
From https://github.com/todayindefi/backing-monitor
 * branch                main       -> FETCH_HEAD
From https://github.com/todayindefi/backing-monitor
 * branch                main       -> FETCH_HEAD
From https://github.com/todayindefi/backing-monitor
 * branch                main       -> FETCH_HEAD
From https://github.com/todayindefi/backing-monitor
 * branch                main       -> FETCH_HEAD
From https://github.com/todayindefi/backing-monitor
 * branch                main       -> FETCH_HEAD
From https://github.com/todayindefi/backing-monitor
 * branch                main       -> FETCH_HEAD
From https://github.com/todayindefi/backing-monitor
 * branch                main       -> FETCH_HEAD
From https://github.com/todayindefi/backing-monitor
 * branch                main       -> FETCH_HEAD
From https://github.com/todayindefi/backing-monitor
 * branch                main       -> FETCH_HEAD
From https://github.com/todayindefi/backing-monitor
 * branch                main       -> FETCH_HEAD
From https://github.com/todayindefi/backing-monitor
 * branch                main       -> FETCH_HEAD
From https://github.com/todayindefi/backing-monitor
 * branch                main       -> FETCH_HEAD
From https://github.com/todayindefi/backing-monitor
 * branch                main       -> FETCH_HEAD
From https://github.com/todayindefi/backing-monitor
 * branch                main       -> FETCH_HEAD
From https://github.com/todayindefi/backing-monitor
 * branch                main       -> FETCH_HEAD
From https://github.com/todayindefi/backing-monitor
 * branch                main       -> FETCH_HEAD
From https://github.com/todayindefi/backing-monitor
 * branch                main       -> FETCH_HEAD
From https://github.com/todayindefi/backing-monitor
 * branch                main       -> FETCH_HEAD
From https://github.com/todayindefi/backing-monitor
 * branch                main       -> FETCH_HEAD
From https://github.com/todayindefi/backing-monitor
 * branch                main       -> FETCH_HEAD
From https://github.com/todayindefi/backing-monitor
 * branch                main       -> FETCH_HEAD
From https://github.com/todayindefi/backing-monitor
 * branch                main       -> FETCH_HEAD
From https://github.com/todayindefi/backing-monitor
 * branch                main       -> FETCH_HEAD
From https://github.com/todayindefi/backing-monitor
 * branch                main       -> FETCH_HEAD
From https://github.com/todayindefi/backing-monitor
 * branch                main       -> FETCH_HEAD
From https://github.com/todayindefi/backing-monitor
 * branch                main       -> FETCH_HEAD
From https://github.com/todayindefi/backing-monitor
 * branch                main       -> FETCH_HEAD
From https://github.com/todayindefi/backing-monitor
 * branch                main       -> FETCH_HEAD
From https://github.com/todayindefi/backing-monitor
 * branch                main       -> FETCH_HEAD
From https://github.com/todayindefi/backing-monitor
 * branch                main       -> FETCH_HEAD
From https://github.com/todayindefi/backing-monitor
 * branch                main       -> FETCH_HEAD
From https://github.com/todayindefi/backing-monitor
 * branch                main       -> FETCH_HEAD
From https://github.com/todayindefi/backing-monitor
 * branch                main       -> FETCH_HEAD
From https://github.com/todayindefi/backing-monitor
 * branch                main       -> FETCH_HEAD
From https://github.com/todayindefi/backing-monitor
 * branch                main       -> FETCH_HEAD
From https://github.com/todayindefi/backing-monitor
 * branch                main       -> FETCH_HEAD
From https://github.com/todayindefi/backing-monitor
 * branch                main       -> FETCH_HEAD
From https://github.com/todayindefi/backing-monitor
 * branch                main       -> FETCH_HEAD
From https://github.com/todayindefi/backing-monitor
 * branch                main       -> FETCH_HEAD
From https://github.com/todayindefi/backing-monitor
 * branch                main       -> FETCH_HEAD
From https://github.com/todayindefi/backing-monitor
 * branch                main       -> FETCH_HEAD
From https://github.com/todayindefi/backing-monitor
 * branch                main       -> FETCH_HEAD
From https://github.com/todayindefi/backing-monitor
 * branch                main       -> FETCH_HEAD
From https://github.com/todayindefi/backing-monitor
 * branch                main       -> FETCH_HEAD
From https://github.com/todayindefi/backing-monitor
 * branch                main       -> FETCH_HEAD
From https://github.com/todayindefi/backing-monitor
 * branch                main       -> FETCH_HEAD
From https://github.com/todayindefi/backing-monitor
 * branch                main       -> FETCH_HEAD
From https://github.com/todayindefi/backing-monitor
 * branch                main       -> FETCH_HEAD
From https://github.com/todayindefi/backing-monitor
 * branch                main       -> FETCH_HEAD
From https://github.com/todayindefi/backing-monitor
 * branch                main       -> FETCH_HEAD
From https://github.com/todayindefi/backing-monitor
 * branch                main       -> FETCH_HEAD
From https://github.com/todayindefi/backing-monitor
 * branch                main       -> FETCH_HEAD
From https://github.com/todayindefi/backing-monitor
 * branch                main       -> FETCH_HEAD
From https://github.com/todayindefi/backing-monitor
 * branch                main       -> FETCH_HEAD
From https://github.com/todayindefi/backing-monitor
 * branch                main       -> FETCH_HEAD
From https://github.com/todayindefi/backing-monitor
 * branch                main       -> FETCH_HEAD
From https://github.com/todayindefi/backing-monitor
 * branch                main       -> FETCH_HEAD
From https://github.com/todayindefi/backing-monitor
 * branch                main       -> FETCH_HEAD
From https://github.com/todayindefi/backing-monitor
 * branch                main       -> FETCH_HEAD
From https://github.com/todayindefi/backing-monitor
 * branch                main       -> FETCH_HEAD
From https://github.com/todayindefi/backing-monitor
 * branch                main       -> FETCH_HEAD
From https://github.com/todayindefi/backing-monitor
 * branch                main       -> FETCH_HEAD
From https://github.com/todayindefi/backing-monitor
 * branch                main       -> FETCH_HEAD
From https://github.com/todayindefi/backing-monitor
 * branch                main       -> FETCH_HEAD
From https://github.com/todayindefi/backing-monitor
 * branch                main       -> FETCH_HEAD
From https://github.com/todayindefi/backing-monitor
 * branch                main       -> FETCH_HEAD
From https://github.com/todayindefi/backing-monitor
 * branch                main       -> FETCH_HEAD
From https://github.com/todayindefi/backing-monitor
 * branch                main       -> FETCH_HEAD
From https://github.com/todayindefi/backing-monitor
 * branch                main       -> FETCH_HEAD
From https://github.com/todayindefi/backing-monitor
 * branch                main       -> FETCH_HEAD
From https://github.com/todayindefi/backing-monitor
 * branch                main       -> FETCH_HEAD
From https://github.com/todayindefi/backing-monitor
 * branch                main       -> FETCH_HEAD
From https://github.com/todayindefi/backing-monitor
 * branch                main       -> FETCH_HEAD
From https://github.com/todayindefi/backing-monitor
 * branch                main       -> FETCH_HEAD
From https://github.com/todayindefi/backing-monitor
 * branch                main       -> FETCH_HEAD
From https://github.com/todayindefi/backing-monitor
 * branch                main       -> FETCH_HEAD
From https://github.com/todayindefi/backing-monitor
 * branch                main       -> FETCH_HEAD
From https://github.com/todayindefi/backing-monitor
 * branch                main       -> FETCH_HEAD
From https://github.com/todayindefi/backing-monitor
 * branch                main       -> FETCH_HEAD
From https://github.com/todayindefi/backing-monitor
 * branch                main       -> FETCH_HEAD
From https://github.com/todayindefi/backing-monitor
 * branch                main       -> FETCH_HEAD
From https://github.com/todayindefi/backing-monitor
 * branch                main       -> FETCH_HEAD
From https://github.com/todayindefi/backing-monitor
 * branch                main       -> FETCH_HEAD
From https://github.com/todayindefi/backing-monitor
 * branch                main       -> FETCH_HEAD
From https://github.com/todayindefi/backing-monitor
 * branch                main       -> FETCH_HEAD
From https://github.com/todayindefi/backing-monitor
 * branch                main       -> FETCH_HEAD
From https://github.com/todayindefi/backing-monitor
 * branch                main       -> FETCH_HEAD
From https://github.com/todayindefi/backing-monitor
 * branch                main       -> FETCH_HEAD
From https://github.com/todayindefi/backing-monitor
 * branch                main       -> FETCH_HEAD
From https://github.com/todayindefi/backing-monitor
 * branch                main       -> FETCH_HEAD
From https://github.com/todayindefi/backing-monitor
 * branch                main       -> FETCH_HEAD
From https://github.com/todayindefi/backing-monitor
 * branch                main       -> FETCH_HEAD
From https://github.com/todayindefi/backing-monitor
 * branch                main       -> FETCH_HEAD
From https://github.com/todayindefi/backing-monitor
 * branch                main       -> FETCH_HEAD
From https://github.com/todayindefi/backing-monitor
 * branch                main       -> FETCH_HEAD
From https://github.com/todayindefi/backing-monitor
 * branch                main       -> FETCH_HEAD
From https://github.com/todayindefi/backing-monitor
 * branch                main       -> FETCH_HEAD
From https://github.com/todayindefi/backing-monitor
 * branch                main       -> FETCH_HEAD
From https://github.com/todayindefi/backing-monitor
 * branch                main       -> FETCH_HEAD
From https://github.com/todayindefi/backing-monitor
 * branch                main       -> FETCH_HEAD
From https://github.com/todayindefi/backing-monitor
 * branch                main       -> FETCH_HEAD
From https://github.com/todayindefi/backing-monitor
 * branch                main       -> FETCH_HEAD
From https://github.com/todayindefi/backing-monitor
 * branch                main       -> FETCH_HEAD
From https://github.com/todayindefi/backing-monitor
 * branch                main       -> FETCH_HEAD
From https://github.com/todayindefi/backing-monitor
 * branch                main       -> FETCH_HEAD
From https://github.com/todayindefi/backing-monitor
 * branch                main       -> FETCH_HEAD
From https://github.com/todayindefi/backing-monitor
 * branch                main       -> FETCH_HEAD
From https://github.com/todayindefi/backing-monitor
 * branch                main       -> FETCH_HEAD
From https://github.com/todayindefi/backing-monitor
 * branch                main       -> FETCH_HEAD
From https://github.com/todayindefi/backing-monitor
 * branch                main       -> FETCH_HEAD
From https://github.com/todayindefi/backing-monitor
 * branch                main       -> FETCH_HEAD
From https://github.com/todayindefi/backing-monitor
 * branch                main       -> FETCH_HEAD
From https://github.com/todayindefi/backing-monitor
 * branch                main       -> FETCH_HEAD
From https://github.com/todayindefi/backing-monitor
 * branch                main       -> FETCH_HEAD
From https://github.com/todayindefi/backing-monitor
 * branch                main       -> FETCH_HEAD
From https://github.com/todayindefi/backing-monitor
 * branch                main       -> FETCH_HEAD
From https://github.com/todayindefi/backing-monitor
 * branch                main       -> FETCH_HEAD
From https://github.com/todayindefi/backing-monitor
 * branch                main       -> FETCH_HEAD
From https://github.com/todayindefi/backing-monitor
 * branch                main       -> FETCH_HEAD
From https://github.com/todayindefi/backing-monitor
 * branch                main       -> FETCH_HEAD
From https://github.com/todayindefi/backing-monitor
 * branch                main       -> FETCH_HEAD
From https://github.com/todayindefi/backing-monitor
 * branch                main       -> FETCH_HEAD
From https://github.com/todayindefi/backing-monitor
 * branch                main       -> FETCH_HEAD
From https://github.com/todayindefi/backing-monitor
 * branch                main       -> FETCH_HEAD
From https://github.com/todayindefi/backing-monitor
 * branch                main       -> FETCH_HEAD
From https://github.com/todayindefi/backing-monitor
 * branch                main       -> FETCH_HEAD
From https://github.com/todayindefi/backing-monitor
 * branch                main       -> FETCH_HEAD
From https://github.com/todayindefi/backing-monitor
 * branch                main       -> FETCH_HEAD
From https://github.com/todayindefi/backing-monitor
 * branch                main       -> FETCH_HEAD
From https://github.com/todayindefi/backing-monitor
 * branch                main       -> FETCH_HEAD
From https://github.com/todayindefi/backing-monitor
 * branch                main       -> FETCH_HEAD
From https://github.com/todayindefi/backing-monitor
 * branch                main       -> FETCH_HEAD
From https://github.com/todayindefi/backing-monitor
 * branch                main       -> FETCH_HEAD
From https://github.com/todayindefi/backing-monitor
 * branch                main       -> FETCH_HEAD
From https://github.com/todayindefi/backing-monitor
 * branch                main       -> FETCH_HEAD
From https://github.com/todayindefi/backing-monitor
 * branch                main       -> FETCH_HEAD
From https://github.com/todayindefi/backing-monitor
 * branch                main       -> FETCH_HEAD
From https://github.com/todayindefi/backing-monitor
 * branch                main       -> FETCH_HEAD
From https://github.com/todayindefi/backing-monitor
 * branch                main       -> FETCH_HEAD
From https://github.com/todayindefi/backing-monitor
 * branch                main       -> FETCH_HEAD
From https://github.com/todayindefi/backing-monitor
 * branch                main       -> FETCH_HEAD
From https://github.com/todayindefi/backing-monitor
 * branch                main       -> FETCH_HEAD
From https://github.com/todayindefi/backing-monitor
 * branch                main       -> FETCH_HEAD
From https://github.com/todayindefi/backing-monitor
 * branch                main       -> FETCH_HEAD
From https://github.com/todayindefi/backing-monitor
 * branch                main       -> FETCH_HEAD
From https://github.com/todayindefi/backing-monitor
 * branch                main       -> FETCH_HEAD
From https://github.com/todayindefi/backing-monitor
 * branch                main       -> FETCH_HEAD
From https://github.com/todayindefi/backing-monitor
 * branch                main       -> FETCH_HEAD
From https://github.com/todayindefi/backing-monitor
 * branch                main       -> FETCH_HEAD
From https://github.com/todayindefi/backing-monitor
 * branch                main       -> FETCH_HEAD
From https://github.com/todayindefi/backing-monitor
 * branch                main       -> FETCH_HEAD
From https://github.com/todayindefi/backing-monitor
 * branch                main       -> FETCH_HEAD
From https://github.com/todayindefi/backing-monitor
 * branch                main       -> FETCH_HEAD
From https://github.com/todayindefi/backing-monitor
 * branch                main       -> FETCH_HEAD
From https://github.com/todayindefi/backing-monitor
 * branch                main       -> FETCH_HEAD
From https://github.com/todayindefi/backing-monitor
 * branch                main       -> FETCH_HEAD
From https://github.com/todayindefi/backing-monitor
 * branch                main       -> FETCH_HEAD
From https://github.com/todayindefi/backing-monitor
 * branch                main       -> FETCH_HEAD
From https://github.com/todayindefi/backing-monitor
 * branch                main       -> FETCH_HEAD
From https://github.com/todayindefi/backing-monitor
 * branch                main       -> FETCH_HEAD
From https://github.com/todayindefi/backing-monitor
 * branch                main       -> FETCH_HEAD
From https://github.com/todayindefi/backing-monitor
 * branch                main       -> FETCH_HEAD
From https://github.com/todayindefi/backing-monitor
 * branch                main       -> FETCH_HEAD
From https://github.com/todayindefi/backing-monitor
 * branch                main       -> FETCH_HEAD
From https://github.com/todayindefi/backing-monitor
 * branch                main       -> FETCH_HEAD
From https://github.com/todayindefi/backing-monitor
 * branch                main       -> FETCH_HEAD
From https://github.com/todayindefi/backing-monitor
 * branch                main       -> FETCH_HEAD
From https://github.com/todayindefi/backing-monitor
 * branch                main       -> FETCH_HEAD
From https://github.com/todayindefi/backing-monitor
 * branch                main       -> FETCH_HEAD
From https://github.com/todayindefi/backing-monitor
 * branch                main       -> FETCH_HEAD
From https://github.com/todayindefi/backing-monitor
 * branch                main       -> FETCH_HEAD
From https://github.com/todayindefi/backing-monitor
 * branch                main       -> FETCH_HEAD
From https://github.com/todayindefi/backing-monitor
 * branch                main       -> FETCH_HEAD
From https://github.com/todayindefi/backing-monitor
 * branch                main       -> FETCH_HEAD
From https://github.com/todayindefi/backing-monitor
 * branch                main       -> FETCH_HEAD
From https://github.com/todayindefi/backing-monitor
 * branch                main       -> FETCH_HEAD
From https://github.com/todayindefi/backing-monitor
 * branch                main       -> FETCH_HEAD
From https://github.com/todayindefi/backing-monitor
 * branch                main       -> FETCH_HEAD
From https://github.com/todayindefi/backing-monitor
 * branch                main       -> FETCH_HEAD
From https://github.com/todayindefi/backing-monitor
 * branch                main       -> FETCH_HEAD
From https://github.com/todayindefi/backing-monitor
 * branch                main       -> FETCH_HEAD
From https://github.com/todayindefi/backing-monitor
 * branch                main       -> FETCH_HEAD
From https://github.com/todayindefi/backing-monitor
 * branch                main       -> FETCH_HEAD
From https://github.com/todayindefi/backing-monitor
 * branch                main       -> FETCH_HEAD
From https://github.com/todayindefi/backing-monitor
 * branch                main       -> FETCH_HEAD
From https://github.com/todayindefi/backing-monitor
 * branch                main       -> FETCH_HEAD
From https://github.com/todayindefi/backing-monitor
 * branch                main       -> FETCH_HEAD
From https://github.com/todayindefi/backing-monitor
 * branch                main       -> FETCH_HEAD
From https://github.com/todayindefi/backing-monitor
 * branch                main       -> FETCH_HEAD
From https://github.com/todayindefi/backing-monitor
 * branch                main       -> FETCH_HEAD
From https://github.com/todayindefi/backing-monitor
 * branch                main       -> FETCH_HEAD
From https://github.com/todayindefi/backing-monitor
 * branch                main       -> FETCH_HEAD
From https://github.com/todayindefi/backing-monitor
 * branch                main       -> FETCH_HEAD
From https://github.com/todayindefi/backing-monitor
 * branch                main       -> FETCH_HEAD
From https://github.com/todayindefi/backing-monitor
 * branch                main       -> FETCH_HEAD
From https://github.com/todayindefi/backing-monitor
 * branch                main       -> FETCH_HEAD
From https://github.com/todayindefi/backing-monitor
 * branch                main       -> FETCH_HEAD
From https://github.com/todayindefi/backing-monitor
 * branch                main       -> FETCH_HEAD
From https://github.com/todayindefi/backing-monitor
 * branch                main       -> FETCH_HEAD
From https://github.com/todayindefi/backing-monitor
 * branch                main       -> FETCH_HEAD
From https://github.com/todayindefi/backing-monitor
 * branch                main       -> FETCH_HEAD
From https://github.com/todayindefi/backing-monitor
 * branch                main       -> FETCH_HEAD
From https://github.com/todayindefi/backing-monitor
 * branch                main       -> FETCH_HEAD
From https://github.com/todayindefi/backing-monitor
 * branch                main       -> FETCH_HEAD
From https://github.com/todayindefi/backing-monitor
 * branch                main       -> FETCH_HEAD
From https://github.com/todayindefi/backing-monitor
 * branch                main       -> FETCH_HEAD
From https://github.com/todayindefi/backing-monitor
 * branch                main       -> FETCH_HEAD
From https://github.com/todayindefi/backing-monitor
 * branch                main       -> FETCH_HEAD
From https://github.com/todayindefi/backing-monitor
 * branch                main       -> FETCH_HEAD
From https://github.com/todayindefi/backing-monitor
 * branch                main       -> FETCH_HEAD
From https://github.com/todayindefi/backing-monitor
 * branch                main       -> FETCH_HEAD
From https://github.com/todayindefi/backing-monitor
 * branch                main       -> FETCH_HEAD
From https://github.com/todayindefi/backing-monitor
 * branch                main       -> FETCH_HEAD
From https://github.com/todayindefi/backing-monitor
 * branch                main       -> FETCH_HEAD
From https://github.com/todayindefi/backing-monitor
 * branch                main       -> FETCH_HEAD
From https://github.com/todayindefi/backing-monitor
 * branch                main       -> FETCH_HEAD
From https://github.com/todayindefi/backing-monitor
 * branch                main       -> FETCH_HEAD
From https://github.com/todayindefi/backing-monitor
 * branch                main       -> FETCH_HEAD
From https://github.com/todayindefi/backing-monitor
 * branch                main       -> FETCH_HEAD
From https://github.com/todayindefi/backing-monitor
 * branch                main       -> FETCH_HEAD
From https://github.com/todayindefi/backing-monitor
 * branch                main       -> FETCH_HEAD
From https://github.com/todayindefi/backing-monitor
 * branch                main       -> FETCH_HEAD
From https://github.com/todayindefi/backing-monitor
 * branch                main       -> FETCH_HEAD
From https://github.com/todayindefi/backing-monitor
 * branch                main       -> FETCH_HEAD
From https://github.com/todayindefi/backing-monitor
 * branch                main       -> FETCH_HEAD
From https://github.com/todayindefi/backing-monitor
 * branch                main       -> FETCH_HEAD
From https://github.com/todayindefi/backing-monitor
 * branch                main       -> FETCH_HEAD
From https://github.com/todayindefi/backing-monitor
 * branch                main       -> FETCH_HEAD
From https://github.com/todayindefi/backing-monitor
 * branch                main       -> FETCH_HEAD
From https://github.com/todayindefi/backing-monitor
 * branch                main       -> FETCH_HEAD
From https://github.com/todayindefi/backing-monitor
 * branch                main       -> FETCH_HEAD
From https://github.com/todayindefi/backing-monitor
 * branch                main       -> FETCH_HEAD
From https://github.com/todayindefi/backing-monitor
 * branch                main       -> FETCH_HEAD
From https://github.com/todayindefi/backing-monitor
 * branch                main       -> FETCH_HEAD
From https://github.com/todayindefi/backing-monitor
 * branch                main       -> FETCH_HEAD
From https://github.com/todayindefi/backing-monitor
 * branch                main       -> FETCH_HEAD
From https://github.com/todayindefi/backing-monitor
 * branch                main       -> FETCH_HEAD
From https://github.com/todayindefi/backing-monitor
 * branch                main       -> FETCH_HEAD
From https://github.com/todayindefi/backing-monitor
 * branch                main       -> FETCH_HEAD
From https://github.com/todayindefi/backing-monitor
 * branch                main       -> FETCH_HEAD
From https://github.com/todayindefi/backing-monitor
 * branch                main       -> FETCH_HEAD
From https://github.com/todayindefi/backing-monitor
 * branch                main       -> FETCH_HEAD
From https://github.com/todayindefi/backing-monitor
 * branch                main       -> FETCH_HEAD
From https://github.com/todayindefi/backing-monitor
 * branch                main       -> FETCH_HEAD
From https://github.com/todayindefi/backing-monitor
 * branch                main       -> FETCH_HEAD
From https://github.com/todayindefi/backing-monitor
 * branch                main       -> FETCH_HEAD
From https://github.com/todayindefi/backing-monitor
 * branch                main       -> FETCH_HEAD
From https://github.com/todayindefi/backing-monitor
 * branch                main       -> FETCH_HEAD
From https://github.com/todayindefi/backing-monitor
 * branch                main       -> FETCH_HEAD
From https://github.com/todayindefi/backing-monitor
 * branch                main       -> FETCH_HEAD
From https://github.com/todayindefi/backing-monitor
 * branch                main       -> FETCH_HEAD
From https://github.com/todayindefi/backing-monitor
 * branch                main       -> FETCH_HEAD
From https://github.com/todayindefi/backing-monitor
 * branch                main       -> FETCH_HEAD
From https://github.com/todayindefi/backing-monitor
 * branch                main       -> FETCH_HEAD
From https://github.com/todayindefi/backing-monitor
 * branch                main       -> FETCH_HEAD
From https://github.com/todayindefi/backing-monitor
 * branch                main       -> FETCH_HEAD
From https://github.com/todayindefi/backing-monitor
 * branch                main       -> FETCH_HEAD
From https://github.com/todayindefi/backing-monitor
 * branch                main       -> FETCH_HEAD
From https://github.com/todayindefi/backing-monitor
 * branch                main       -> FETCH_HEAD
From https://github.com/todayindefi/backing-monitor
 * branch                main       -> FETCH_HEAD
From https://github.com/todayindefi/backing-monitor
 * branch                main       -> FETCH_HEAD
From https://github.com/todayindefi/backing-monitor
 * branch                main       -> FETCH_HEAD
From https://github.com/todayindefi/backing-monitor
 * branch                main       -> FETCH_HEAD
From https://github.com/todayindefi/backing-monitor
 * branch                main       -> FETCH_HEAD
From https://github.com/todayindefi/backing-monitor
 * branch                main       -> FETCH_HEAD
From https://github.com/todayindefi/backing-monitor
 * branch                main       -> FETCH_HEAD
From https://github.com/todayindefi/backing-monitor
 * branch                main       -> FETCH_HEAD
From https://github.com/todayindefi/backing-monitor
 * branch                main       -> FETCH_HEAD
From https://github.com/todayindefi/backing-monitor
 * branch                main       -> FETCH_HEAD
From https://github.com/todayindefi/backing-monitor
 * branch                main       -> FETCH_HEAD
From https://github.com/todayindefi/backing-monitor
 * branch                main       -> FETCH_HEAD
From https://github.com/todayindefi/backing-monitor
 * branch                main       -> FETCH_HEAD
From https://github.com/todayindefi/backing-monitor
 * branch                main       -> FETCH_HEAD
From https://github.com/todayindefi/backing-monitor
 * branch                main       -> FETCH_HEAD
From https://github.com/todayindefi/backing-monitor
 * branch                main       -> FETCH_HEAD
From https://github.com/todayindefi/backing-monitor
 * branch                main       -> FETCH_HEAD
From https://github.com/todayindefi/backing-monitor
 * branch                main       -> FETCH_HEAD
From https://github.com/todayindefi/backing-monitor
 * branch                main       -> FETCH_HEAD
From https://github.com/todayindefi/backing-monitor
 * branch                main       -> FETCH_HEAD
From https://github.com/todayindefi/backing-monitor
 * branch                main       -> FETCH_HEAD
From https://github.com/todayindefi/backing-monitor
 * branch                main       -> FETCH_HEAD
From https://github.com/todayindefi/backing-monitor
 * branch                main       -> FETCH_HEAD
From https://github.com/todayindefi/backing-monitor
 * branch                main       -> FETCH_HEAD
From https://github.com/todayindefi/backing-monitor
 * branch                main       -> FETCH_HEAD
From https://github.com/todayindefi/backing-monitor
 * branch                main       -> FETCH_HEAD
fatal: unable to access 'https://github.com/todayindefi/backing-monitor.git/': Could not resolve host: github.com
From https://github.com/todayindefi/backing-monitor
 * branch                main       -> FETCH_HEAD
From https://github.com/todayindefi/backing-monitor
 * branch                main       -> FETCH_HEAD
From https://github.com/todayindefi/backing-monitor
 * branch                main       -> FETCH_HEAD
From https://github.com/todayindefi/backing-monitor
 * branch                main       -> FETCH_HEAD
From https://github.com/todayindefi/backing-monitor
 * branch                main       -> FETCH_HEAD
From https://github.com/todayindefi/backing-monitor
 * branch                main       -> FETCH_HEAD
From https://github.com/todayindefi/backing-monitor
 * branch                main       -> FETCH_HEAD
From https://github.com/todayindefi/backing-monitor
 * branch                main       -> FETCH_HEAD
From https://github.com/todayindefi/backing-monitor
 * branch                main       -> FETCH_HEAD
From https://github.com/todayindefi/backing-monitor
 * branch                main       -> FETCH_HEAD
From https://github.com/todayindefi/backing-monitor
 * branch                main       -> FETCH_HEAD
From https://github.com/todayindefi/backing-monitor
 * branch                main       -> FETCH_HEAD
From https://github.com/todayindefi/backing-monitor
 * branch                main       -> FETCH_HEAD
From https://github.com/todayindefi/backing-monitor
 * branch                main       -> FETCH_HEAD
From https://github.com/todayindefi/backing-monitor
 * branch                main       -> FETCH_HEAD
From https://github.com/todayindefi/backing-monitor
 * branch                main       -> FETCH_HEAD
From https://github.com/todayindefi/backing-monitor
 * branch                main       -> FETCH_HEAD
From https://github.com/todayindefi/backing-monitor
 * branch                main       -> FETCH_HEAD
From https://github.com/todayindefi/backing-monitor
 * branch                main       -> FETCH_HEAD
From https://github.com/todayindefi/backing-monitor
 * branch                main       -> FETCH_HEAD
From https://github.com/todayindefi/backing-monitor
 * branch                main       -> FETCH_HEAD
From https://github.com/todayindefi/backing-monitor
 * branch                main       -> FETCH_HEAD
From https://github.com/todayindefi/backing-monitor
 * branch                main       -> FETCH_HEAD
From https://github.com/todayindefi/backing-monitor
 * branch                main       -> FETCH_HEAD
From https://github.com/todayindefi/backing-monitor
 * branch                main       -> FETCH_HEAD
From https://github.com/todayindefi/backing-monitor
 * branch                main       -> FETCH_HEAD
From https://github.com/todayindefi/backing-monitor
 * branch                main       -> FETCH_HEAD
From https://github.com/todayindefi/backing-monitor
 * branch                main       -> FETCH_HEAD
From https://github.com/todayindefi/backing-monitor
 * branch                main       -> FETCH_HEAD
From https://github.com/todayindefi/backing-monitor
 * branch                main       -> FETCH_HEAD
From https://github.com/todayindefi/backing-monitor
 * branch                main       -> FETCH_HEAD
From https://github.com/todayindefi/backing-monitor
 * branch                main       -> FETCH_HEAD
From https://github.com/todayindefi/backing-monitor
 * branch                main       -> FETCH_HEAD
From https://github.com/todayindefi/backing-monitor
 * branch                main       -> FETCH_HEAD
From https://github.com/todayindefi/backing-monitor
 * branch                main       -> FETCH_HEAD
From https://github.com/todayindefi/backing-monitor
 * branch                main       -> FETCH_HEAD
From https://github.com/todayindefi/backing-monitor
 * branch                main       -> FETCH_HEAD
From https://github.com/todayindefi/backing-monitor
 * branch                main       -> FETCH_HEAD
From https://github.com/todayindefi/backing-monitor
 * branch                main       -> FETCH_HEAD
From https://github.com/todayindefi/backing-monitor
 * branch                main       -> FETCH_HEAD
From https://github.com/todayindefi/backing-monitor
 * branch                main       -> FETCH_HEAD
From https://github.com/todayindefi/backing-monitor
 * branch                main       -> FETCH_HEAD
From https://github.com/todayindefi/backing-monitor
 * branch                main       -> FETCH_HEAD
From https://github.com/todayindefi/backing-monitor
 * branch                main       -> FETCH_HEAD
From https://github.com/todayindefi/backing-monitor
 * branch                main       -> FETCH_HEAD
From https://github.com/todayindefi/backing-monitor
 * branch                main       -> FETCH_HEAD
From https://github.com/todayindefi/backing-monitor
 * branch                main       -> FETCH_HEAD
From https://github.com/todayindefi/backing-monitor
 * branch                main       -> FETCH_HEAD
From https://github.com/todayindefi/backing-monitor
 * branch                main       -> FETCH_HEAD
From https://github.com/todayindefi/backing-monitor
 * branch                main       -> FETCH_HEAD
From https://github.com/todayindefi/backing-monitor
 * branch                main       -> FETCH_HEAD
From https://github.com/todayindefi/backing-monitor
 * branch                main       -> FETCH_HEAD
From https://github.com/todayindefi/backing-monitor
 * branch                main       -> FETCH_HEAD
From https://github.com/todayindefi/backing-monitor
 * branch                main       -> FETCH_HEAD
From https://github.com/todayindefi/backing-monitor
 * branch                main       -> FETCH_HEAD
From https://github.com/todayindefi/backing-monitor
 * branch                main       -> FETCH_HEAD
From https://github.com/todayindefi/backing-monitor
 * branch                main       -> FETCH_HEAD
From https://github.com/todayindefi/backing-monitor
 * branch                main       -> FETCH_HEAD
From https://github.com/todayindefi/backing-monitor
 * branch                main       -> FETCH_HEAD
From https://github.com/todayindefi/backing-monitor
 * branch                main       -> FETCH_HEAD
From https://github.com/todayindefi/backing-monitor
 * branch                main       -> FETCH_HEAD
From https://github.com/todayindefi/backing-monitor
 * branch                main       -> FETCH_HEAD
From https://github.com/todayindefi/backing-monitor
 * branch                main       -> FETCH_HEAD
From https://github.com/todayindefi/backing-monitor
 * branch                main       -> FETCH_HEAD
From https://github.com/todayindefi/backing-monitor
 * branch                main       -> FETCH_HEAD
From https://github.com/todayindefi/backing-monitor
 * branch                main       -> FETCH_HEAD
From https://github.com/todayindefi/backing-monitor
 * branch                main       -> FETCH_HEAD
From https://github.com/todayindefi/backing-monitor
 * branch                main       -> FETCH_HEAD
From https://github.com/todayindefi/backing-monitor
 * branch                main       -> FETCH_HEAD
From https://github.com/todayindefi/backing-monitor
 * branch                main       -> FETCH_HEAD
From https://github.com/todayindefi/backing-monitor
 * branch                main       -> FETCH_HEAD
From https://github.com/todayindefi/backing-monitor
 * branch                main       -> FETCH_HEAD
From https://github.com/todayindefi/backing-monitor
 * branch                main       -> FETCH_HEAD
From https://github.com/todayindefi/backing-monitor
 * branch                main       -> FETCH_HEAD
From https://github.com/todayindefi/backing-monitor
 * branch                main       -> FETCH_HEAD
From https://github.com/todayindefi/backing-monitor
 * branch                main       -> FETCH_HEAD
From https://github.com/todayindefi/backing-monitor
 * branch                main       -> FETCH_HEAD
From https://github.com/todayindefi/backing-monitor
 * branch                main       -> FETCH_HEAD
From https://github.com/todayindefi/backing-monitor
 * branch                main       -> FETCH_HEAD
From https://github.com/todayindefi/backing-monitor
 * branch                main       -> FETCH_HEAD
From https://github.com/todayindefi/backing-monitor
 * branch                main       -> FETCH_HEAD
From https://github.com/todayindefi/backing-monitor
 * branch                main       -> FETCH_HEAD
From https://github.com/todayindefi/backing-monitor
 * branch                main       -> FETCH_HEAD
From https://github.com/todayindefi/backing-monitor
 * branch                main       -> FETCH_HEAD
From https://github.com/todayindefi/backing-monitor
 * branch                main       -> FETCH_HEAD
From https://github.com/todayindefi/backing-monitor
 * branch                main       -> FETCH_HEAD
From https://github.com/todayindefi/backing-monitor
 * branch                main       -> FETCH_HEAD
From https://github.com/todayindefi/backing-monitor
 * branch                main       -> FETCH_HEAD
From https://github.com/todayindefi/backing-monitor
 * branch                main       -> FETCH_HEAD
From https://github.com/todayindefi/backing-monitor
 * branch                main       -> FETCH_HEAD
From https://github.com/todayindefi/backing-monitor
 * branch                main       -> FETCH_HEAD
From https://github.com/todayindefi/backing-monitor
 * branch                main       -> FETCH_HEAD
From https://github.com/todayindefi/backing-monitor
 * branch                main       -> FETCH_HEAD
From https://github.com/todayindefi/backing-monitor
 * branch                main       -> FETCH_HEAD
From https://github.com/todayindefi/backing-monitor
 * branch                main       -> FETCH_HEAD
From https://github.com/todayindefi/backing-monitor
 * branch                main       -> FETCH_HEAD
From https://github.com/todayindefi/backing-monitor
 * branch                main       -> FETCH_HEAD
From https://github.com/todayindefi/backing-monitor
 * branch                main       -> FETCH_HEAD
From https://github.com/todayindefi/backing-monitor
 * branch                main       -> FETCH_HEAD
From https://github.com/todayindefi/backing-monitor
 * branch                main       -> FETCH_HEAD
From https://github.com/todayindefi/backing-monitor
 * branch                main       -> FETCH_HEAD
From https://github.com/todayindefi/backing-monitor
 * branch                main       -> FETCH_HEAD
From https://github.com/todayindefi/backing-monitor
 * branch                main       -> FETCH_HEAD
From https://github.com/todayindefi/backing-monitor
 * branch                main       -> FETCH_HEAD
From https://github.com/todayindefi/backing-monitor
 * branch                main       -> FETCH_HEAD
From https://github.com/todayindefi/backing-monitor
 * branch                main       -> FETCH_HEAD
From https://github.com/todayindefi/backing-monitor
 * branch                main       -> FETCH_HEAD
From https://github.com/todayindefi/backing-monitor
 * branch                main       -> FETCH_HEAD
From https://github.com/todayindefi/backing-monitor
 * branch                main       -> FETCH_HEAD
From https://github.com/todayindefi/backing-monitor
 * branch                main       -> FETCH_HEAD
From https://github.com/todayindefi/backing-monitor
 * branch                main       -> FETCH_HEAD
From https://github.com/todayindefi/backing-monitor
 * branch                main       -> FETCH_HEAD
From https://github.com/todayindefi/backing-monitor
 * branch                main       -> FETCH_HEAD
From https://github.com/todayindefi/backing-monitor
 * branch                main       -> FETCH_HEAD
From https://github.com/todayindefi/backing-monitor
 * branch                main       -> FETCH_HEAD
From https://github.com/todayindefi/backing-monitor
 * branch                main       -> FETCH_HEAD
From https://github.com/todayindefi/backing-monitor
 * branch                main       -> FETCH_HEAD
From https://github.com/todayindefi/backing-monitor
 * branch                main       -> FETCH_HEAD
From https://github.com/todayindefi/backing-monitor
 * branch                main       -> FETCH_HEAD
From https://github.com/todayindefi/backing-monitor
 * branch                main       -> FETCH_HEAD
From https://github.com/todayindefi/backing-monitor
 * branch                main       -> FETCH_HEAD
From https://github.com/todayindefi/backing-monitor
 * branch                main       -> FETCH_HEAD
From https://github.com/todayindefi/backing-monitor
 * branch                main       -> FETCH_HEAD
From https://github.com/todayindefi/backing-monitor
 * branch                main       -> FETCH_HEAD
From https://github.com/todayindefi/backing-monitor
 * branch                main       -> FETCH_HEAD
From https://github.com/todayindefi/backing-monitor
 * branch                main       -> FETCH_HEAD
From https://github.com/todayindefi/backing-monitor
 * branch                main       -> FETCH_HEAD
From https://github.com/todayindefi/backing-monitor
 * branch                main       -> FETCH_HEAD
From https://github.com/todayindefi/backing-monitor
 * branch                main       -> FETCH_HEAD
From https://github.com/todayindefi/backing-monitor
 * branch                main       -> FETCH_HEAD
From https://github.com/todayindefi/backing-monitor
 * branch                main       -> FETCH_HEAD
From https://github.com/todayindefi/backing-monitor
 * branch                main       -> FETCH_HEAD
From https://github.com/todayindefi/backing-monitor
 * branch                main       -> FETCH_HEAD
From https://github.com/todayindefi/backing-monitor
 * branch                main       -> FETCH_HEAD
From https://github.com/todayindefi/backing-monitor
 * branch                main       -> FETCH_HEAD
From https://github.com/todayindefi/backing-monitor
 * branch                main       -> FETCH_HEAD
From https://github.com/todayindefi/backing-monitor
 * branch                main       -> FETCH_HEAD
From https://github.com/todayindefi/backing-monitor
 * branch                main       -> FETCH_HEAD
From https://github.com/todayindefi/backing-monitor
 * branch                main       -> FETCH_HEAD
From https://github.com/todayindefi/backing-monitor
 * branch                main       -> FETCH_HEAD
From https://github.com/todayindefi/backing-monitor
 * branch                main       -> FETCH_HEAD
From https://github.com/todayindefi/backing-monitor
 * branch                main       -> FETCH_HEAD
From https://github.com/todayindefi/backing-monitor
 * branch                main       -> FETCH_HEAD
From https://github.com/todayindefi/backing-monitor
 * branch                main       -> FETCH_HEAD
From https://github.com/todayindefi/backing-monitor
 * branch                main       -> FETCH_HEAD
From https://github.com/todayindefi/backing-monitor
 * branch                main       -> FETCH_HEAD
From https://github.com/todayindefi/backing-monitor
 * branch                main       -> FETCH_HEAD
From https://github.com/todayindefi/backing-monitor
 * branch                main       -> FETCH_HEAD
From https://github.com/todayindefi/backing-monitor
 * branch                main       -> FETCH_HEAD
From https://github.com/todayindefi/backing-monitor
 * branch                main       -> FETCH_HEAD
From https://github.com/todayindefi/backing-monitor
 * branch                main       -> FETCH_HEAD
From https://github.com/todayindefi/backing-monitor
 * branch                main       -> FETCH_HEAD
From https://github.com/todayindefi/backing-monitor
 * branch                main       -> FETCH_HEAD
From https://github.com/todayindefi/backing-monitor
 * branch                main       -> FETCH_HEAD
From https://github.com/todayindefi/backing-monitor
 * branch                main       -> FETCH_HEAD
From https://github.com/todayindefi/backing-monitor
 * branch                main       -> FETCH_HEAD
From https://github.com/todayindefi/backing-monitor
 * branch                main       -> FETCH_HEAD
From https://github.com/todayindefi/backing-monitor
 * branch                main       -> FETCH_HEAD
From https://github.com/todayindefi/backing-monitor
 * branch                main       -> FETCH_HEAD
From https://github.com/todayindefi/backing-monitor
 * branch                main       -> FETCH_HEAD
From https://github.com/todayindefi/backing-monitor
 * branch                main       -> FETCH_HEAD
From https://github.com/todayindefi/backing-monitor
 * branch                main       -> FETCH_HEAD
From https://github.com/todayindefi/backing-monitor
 * branch                main       -> FETCH_HEAD
From https://github.com/todayindefi/backing-monitor
 * branch                main       -> FETCH_HEAD
From https://github.com/todayindefi/backing-monitor
 * branch                main       -> FETCH_HEAD
From https://github.com/todayindefi/backing-monitor
 * branch                main       -> FETCH_HEAD
From https://github.com/todayindefi/backing-monitor
 * branch                main       -> FETCH_HEAD
From https://github.com/todayindefi/backing-monitor
 * branch                main       -> FETCH_HEAD
From https://github.com/todayindefi/backing-monitor
 * branch                main       -> FETCH_HEAD
From https://github.com/todayindefi/backing-monitor
 * branch                main       -> FETCH_HEAD
From https://github.com/todayindefi/backing-monitor
 * branch                main       -> FETCH_HEAD
From https://github.com/todayindefi/backing-monitor
 * branch                main       -> FETCH_HEAD
From https://github.com/todayindefi/backing-monitor
 * branch                main       -> FETCH_HEAD
From https://github.com/todayindefi/backing-monitor
 * branch                main       -> FETCH_HEAD
From https://github.com/todayindefi/backing-monitor
 * branch                main       -> FETCH_HEAD
From https://github.com/todayindefi/backing-monitor
 * branch                main       -> FETCH_HEAD
From https://github.com/todayindefi/backing-monitor
 * branch                main       -> FETCH_HEAD
From https://github.com/todayindefi/backing-monitor
 * branch                main       -> FETCH_HEAD
From https://github.com/todayindefi/backing-monitor
 * branch                main       -> FETCH_HEAD
From https://github.com/todayindefi/backing-monitor
 * branch                main       -> FETCH_HEAD
From https://github.com/todayindefi/backing-monitor
 * branch                main       -> FETCH_HEAD
From https://github.com/todayindefi/backing-monitor
 * branch                main       -> FETCH_HEAD
From https://github.com/todayindefi/backing-monitor
 * branch                main       -> FETCH_HEAD
From https://github.com/todayindefi/backing-monitor
 * branch                main       -> FETCH_HEAD
From https://github.com/todayindefi/backing-monitor
 * branch                main       -> FETCH_HEAD
From https://github.com/todayindefi/backing-monitor
 * branch                main       -> FETCH_HEAD
From https://github.com/todayindefi/backing-monitor
 * branch                main       -> FETCH_HEAD
From https://github.com/todayindefi/backing-monitor
 * branch                main       -> FETCH_HEAD
From https://github.com/todayindefi/backing-monitor
 * branch                main       -> FETCH_HEAD
From https://github.com/todayindefi/backing-monitor
 * branch                main       -> FETCH_HEAD
From https://github.com/todayindefi/backing-monitor
 * branch                main       -> FETCH_HEAD
From https://github.com/todayindefi/backing-monitor
 * branch                main       -> FETCH_HEAD
From https://github.com/todayindefi/backing-monitor
 * branch                main       -> FETCH_HEAD
From https://github.com/todayindefi/backing-monitor
 * branch                main       -> FETCH_HEAD
From https://github.com/todayindefi/backing-monitor
 * branch                main       -> FETCH_HEAD
From https://github.com/todayindefi/backing-monitor
 * branch                main       -> FETCH_HEAD
From https://github.com/todayindefi/backing-monitor
 * branch                main       -> FETCH_HEAD
From https://github.com/todayindefi/backing-monitor
 * branch                main       -> FETCH_HEAD
From https://github.com/todayindefi/backing-monitor
 * branch                main       -> FETCH_HEAD
From https://github.com/todayindefi/backing-monitor
 * branch                main       -> FETCH_HEAD
From https://github.com/todayindefi/backing-monitor
 * branch                main       -> FETCH_HEAD
From https://github.com/todayindefi/backing-monitor
 * branch                main       -> FETCH_HEAD
From https://github.com/todayindefi/backing-monitor
 * branch                main       -> FETCH_HEAD
From https://github.com/todayindefi/backing-monitor
 * branch                main       -> FETCH_HEAD
From https://github.com/todayindefi/backing-monitor
 * branch                main       -> FETCH_HEAD
From https://github.com/todayindefi/backing-monitor
 * branch                main       -> FETCH_HEAD
From https://github.com/todayindefi/backing-monitor
 * branch                main       -> FETCH_HEAD
From https://github.com/todayindefi/backing-monitor
 * branch                main       -> FETCH_HEAD
From https://github.com/todayindefi/backing-monitor
 * branch                main       -> FETCH_HEAD
From https://github.com/todayindefi/backing-monitor
 * branch                main       -> FETCH_HEAD
From https://github.com/todayindefi/backing-monitor
 * branch                main       -> FETCH_HEAD
From https://github.com/todayindefi/backing-monitor
 * branch                main       -> FETCH_HEAD
From https://github.com/todayindefi/backing-monitor
 * branch                main       -> FETCH_HEAD
From https://github.com/todayindefi/backing-monitor
 * branch                main       -> FETCH_HEAD
From https://github.com/todayindefi/backing-monitor
 * branch                main       -> FETCH_HEAD
From https://github.com/todayindefi/backing-monitor
 * branch                main       -> FETCH_HEAD
From https://github.com/todayindefi/backing-monitor
 * branch                main       -> FETCH_HEAD
From https://github.com/todayindefi/backing-monitor
 * branch                main       -> FETCH_HEAD
From https://github.com/todayindefi/backing-monitor
 * branch                main       -> FETCH_HEAD
From https://github.com/todayindefi/backing-monitor
 * branch                main       -> FETCH_HEAD
From https://github.com/todayindefi/backing-monitor
 * branch                main       -> FETCH_HEAD
From https://github.com/todayindefi/backing-monitor
 * branch                main       -> FETCH_HEAD
From https://github.com/todayindefi/backing-monitor
 * branch                main       -> FETCH_HEAD
From https://github.com/todayindefi/backing-monitor
 * branch                main       -> FETCH_HEAD
From https://github.com/todayindefi/backing-monitor
 * branch                main       -> FETCH_HEAD
From https://github.com/todayindefi/backing-monitor
 * branch                main       -> FETCH_HEAD
From https://github.com/todayindefi/backing-monitor
 * branch                main       -> FETCH_HEAD
From https://github.com/todayindefi/backing-monitor
 * branch                main       -> FETCH_HEAD
From https://github.com/todayindefi/backing-monitor
 * branch                main       -> FETCH_HEAD
From https://github.com/todayindefi/backing-monitor
 * branch                main       -> FETCH_HEAD
From https://github.com/todayindefi/backing-monitor
 * branch                main       -> FETCH_HEAD
From https://github.com/todayindefi/backing-monitor
 * branch                main       -> FETCH_HEAD
From https://github.com/todayindefi/backing-monitor
 * branch                main       -> FETCH_HEAD
From https://github.com/todayindefi/backing-monitor
 * branch                main       -> FETCH_HEAD
From https://github.com/todayindefi/backing-monitor
 * branch                main       -> FETCH_HEAD
From https://github.com/todayindefi/backing-monitor
 * branch                main       -> FETCH_HEAD
From https://github.com/todayindefi/backing-monitor
 * branch                main       -> FETCH_HEAD
From https://github.com/todayindefi/backing-monitor
 * branch                main       -> FETCH_HEAD
From https://github.com/todayindefi/backing-monitor
 * branch                main       -> FETCH_HEAD
From https://github.com/todayindefi/backing-monitor
 * branch                main       -> FETCH_HEAD
From https://github.com/todayindefi/backing-monitor
 * branch                main       -> FETCH_HEAD
From https://github.com/todayindefi/backing-monitor
 * branch                main       -> FETCH_HEAD
From https://github.com/todayindefi/backing-monitor
 * branch                main       -> FETCH_HEAD
From https://github.com/todayindefi/backing-monitor
 * branch                main       -> FETCH_HEAD
From https://github.com/todayindefi/backing-monitor
 * branch                main       -> FETCH_HEAD
From https://github.com/todayindefi/backing-monitor
 * branch                main       -> FETCH_HEAD
From https://github.com/todayindefi/backing-monitor
 * branch                main       -> FETCH_HEAD
From https://github.com/todayindefi/backing-monitor
 * branch                main       -> FETCH_HEAD
From https://github.com/todayindefi/backing-monitor
 * branch                main       -> FETCH_HEAD
From https://github.com/todayindefi/backing-monitor
 * branch                main       -> FETCH_HEAD
From https://github.com/todayindefi/backing-monitor
 * branch                main       -> FETCH_HEAD
From https://github.com/todayindefi/backing-monitor
 * branch                main       -> FETCH_HEAD
From https://github.com/todayindefi/backing-monitor
 * branch                main       -> FETCH_HEAD
From https://github.com/todayindefi/backing-monitor
 * branch                main       -> FETCH_HEAD
From https://github.com/todayindefi/backing-monitor
 * branch                main       -> FETCH_HEAD
From https://github.com/todayindefi/backing-monitor
 * branch                main       -> FETCH_HEAD
From https://github.com/todayindefi/backing-monitor
 * branch                main       -> FETCH_HEAD
From https://github.com/todayindefi/backing-monitor
 * branch                main       -> FETCH_HEAD
From https://github.com/todayindefi/backing-monitor
 * branch                main       -> FETCH_HEAD
From https://github.com/todayindefi/backing-monitor
 * branch                main       -> FETCH_HEAD
From https://github.com/todayindefi/backing-monitor
 * branch                main       -> FETCH_HEAD
From https://github.com/todayindefi/backing-monitor
 * branch                main       -> FETCH_HEAD
From https://github.com/todayindefi/backing-monitor
 * branch                main       -> FETCH_HEAD
From https://github.com/todayindefi/backing-monitor
 * branch                main       -> FETCH_HEAD
From https://github.com/todayindefi/backing-monitor
 * branch                main       -> FETCH_HEAD
From https://github.com/todayindefi/backing-monitor
 * branch                main       -> FETCH_HEAD
From https://github.com/todayindefi/backing-monitor
 * branch                main       -> FETCH_HEAD
From https://github.com/todayindefi/backing-monitor
 * branch                main       -> FETCH_HEAD
From https://github.com/todayindefi/backing-monitor
 * branch                main       -> FETCH_HEAD
From https://github.com/todayindefi/backing-monitor
 * branch                main       -> FETCH_HEAD
From https://github.com/todayindefi/backing-monitor
 * branch                main       -> FETCH_HEAD
From https://github.com/todayindefi/backing-monitor
 * branch                main       -> FETCH_HEAD
From https://github.com/todayindefi/backing-monitor
 * branch                main       -> FETCH_HEAD
From https://github.com/todayindefi/backing-monitor
 * branch                main       -> FETCH_HEAD
From https://github.com/todayindefi/backing-monitor
 * branch                main       -> FETCH_HEAD
From https://github.com/todayindefi/backing-monitor
 * branch                main       -> FETCH_HEAD
From https://github.com/todayindefi/backing-monitor
 * branch                main       -> FETCH_HEAD
From https://github.com/todayindefi/backing-monitor
 * branch                main       -> FETCH_HEAD
From https://github.com/todayindefi/backing-monitor
 * branch                main       -> FETCH_HEAD
From https://github.com/todayindefi/backing-monitor
 * branch                main       -> FETCH_HEAD
From https://github.com/todayindefi/backing-monitor
 * branch                main       -> FETCH_HEAD
From https://github.com/todayindefi/backing-monitor
 * branch                main       -> FETCH_HEAD
From https://github.com/todayindefi/backing-monitor
 * branch                main       -> FETCH_HEAD
From https://github.com/todayindefi/backing-monitor
 * branch                main       -> FETCH_HEAD
From https://github.com/todayindefi/backing-monitor
 * branch                main       -> FETCH_HEAD
From https://github.com/todayindefi/backing-monitor
 * branch                main       -> FETCH_HEAD
From https://github.com/todayindefi/backing-monitor
 * branch                main       -> FETCH_HEAD
From https://github.com/todayindefi/backing-monitor
 * branch                main       -> FETCH_HEAD
From https://github.com/todayindefi/backing-monitor
 * branch                main       -> FETCH_HEAD
From https://github.com/todayindefi/backing-monitor
 * branch                main       -> FETCH_HEAD
From https://github.com/todayindefi/backing-monitor
 * branch                main       -> FETCH_HEAD
From https://github.com/todayindefi/backing-monitor
 * branch                main       -> FETCH_HEAD
From https://github.com/todayindefi/backing-monitor
 * branch                main       -> FETCH_HEAD
From https://github.com/todayindefi/backing-monitor
 * branch                main       -> FETCH_HEAD
From https://github.com/todayindefi/backing-monitor
 * branch                main       -> FETCH_HEAD
From https://github.com/todayindefi/backing-monitor
 * branch                main       -> FETCH_HEAD
   04985e207..bbcf9a5fe  main       -> origin/main
From https://github.com/todayindefi/backing-monitor
 * branch                main       -> FETCH_HEAD
From https://github.com/todayindefi/backing-monitor
 * branch                main       -> FETCH_HEAD
From https://github.com/todayindefi/backing-monitor
 * branch                main       -> FETCH_HEAD
From https://github.com/todayindefi/backing-monitor
 * branch                main       -> FETCH_HEAD
From https://github.com/todayindefi/backing-monitor
 * branch                main       -> FETCH_HEAD
From https://github.com/todayindefi/backing-monitor
 * branch                main       -> FETCH_HEAD
From https://github.com/todayindefi/backing-monitor
 * branch                main       -> FETCH_HEAD
From https://github.com/todayindefi/backing-monitor
 * branch                main       -> FETCH_HEAD
From https://github.com/todayindefi/backing-monitor
 * branch                main       -> FETCH_HEAD
From https://github.com/todayindefi/backing-monitor
 * branch                main       -> FETCH_HEAD
From https://github.com/todayindefi/backing-monitor
 * branch                main       -> FETCH_HEAD
From https://github.com/todayindefi/backing-monitor
 * branch                main       -> FETCH_HEAD
From https://github.com/todayindefi/backing-monitor
 * branch                main       -> FETCH_HEAD
From https://github.com/todayindefi/backing-monitor
 * branch                main       -> FETCH_HEAD
From https://github.com/todayindefi/backing-monitor
 * branch                main       -> FETCH_HEAD
From https://github.com/todayindefi/backing-monitor
 * branch                main       -> FETCH_HEAD
From https://github.com/todayindefi/backing-monitor
 * branch                main       -> FETCH_HEAD
From https://github.com/todayindefi/backing-monitor
 * branch                main       -> FETCH_HEAD
From https://github.com/todayindefi/backing-monitor
 * branch                main       -> FETCH_HEAD
From https://github.com/todayindefi/backing-monitor
 * branch                main       -> FETCH_HEAD
From https://github.com/todayindefi/backing-monitor
 * branch                main       -> FETCH_HEAD
From https://github.com/todayindefi/backing-monitor
 * branch                main       -> FETCH_HEAD
From https://github.com/todayindefi/backing-monitor
 * branch                main       -> FETCH_HEAD
From https://github.com/todayindefi/backing-monitor
 * branch                main       -> FETCH_HEAD
From https://github.com/todayindefi/backing-monitor
 * branch                main       -> FETCH_HEAD
From https://github.com/todayindefi/backing-monitor
 * branch                main       -> FETCH_HEAD
From https://github.com/todayindefi/backing-monitor
 * branch                main       -> FETCH_HEAD
From https://github.com/todayindefi/backing-monitor
 * branch                main       -> FETCH_HEAD
From https://github.com/todayindefi/backing-monitor
 * branch                main       -> FETCH_HEAD
From https://github.com/todayindefi/backing-monitor
 * branch                main       -> FETCH_HEAD
From https://github.com/todayindefi/backing-monitor
 * branch                main       -> FETCH_HEAD
From https://github.com/todayindefi/backing-monitor
 * branch                main       -> FETCH_HEAD
From https://github.com/todayindefi/backing-monitor
 * branch                main       -> FETCH_HEAD
From https://github.com/todayindefi/backing-monitor
 * branch                main       -> FETCH_HEAD
From https://github.com/todayindefi/backing-monitor
 * branch                main       -> FETCH_HEAD
From https://github.com/todayindefi/backing-monitor
 * branch                main       -> FETCH_HEAD
From https://github.com/todayindefi/backing-monitor
 * branch                main       -> FETCH_HEAD
From https://github.com/todayindefi/backing-monitor
 * branch                main       -> FETCH_HEAD
From https://github.com/todayindefi/backing-monitor
 * branch                main       -> FETCH_HEAD
From https://github.com/todayindefi/backing-monitor
 * branch                main       -> FETCH_HEAD
From https://github.com/todayindefi/backing-monitor
 * branch                main       -> FETCH_HEAD
From https://github.com/todayindefi/backing-monitor
 * branch                main       -> FETCH_HEAD
From https://github.com/todayindefi/backing-monitor
 * branch                main       -> FETCH_HEAD
From https://github.com/todayindefi/backing-monitor
 * branch                main       -> FETCH_HEAD
From https://github.com/todayindefi/backing-monitor
 * branch                main       -> FETCH_HEAD
From https://github.com/todayindefi/backing-monitor
 * branch                main       -> FETCH_HEAD
From https://github.com/todayindefi/backing-monitor
 * branch                main       -> FETCH_HEAD
From https://github.com/todayindefi/backing-monitor
 * branch                main       -> FETCH_HEAD
From https://github.com/todayindefi/backing-monitor
 * branch                main       -> FETCH_HEAD
From https://github.com/todayindefi/backing-monitor
 * branch                main       -> FETCH_HEAD
From https://github.com/todayindefi/backing-monitor
 * branch                main       -> FETCH_HEAD
From https://github.com/todayindefi/backing-monitor
 * branch                main       -> FETCH_HEAD
From https://github.com/todayindefi/backing-monitor
 * branch                main       -> FETCH_HEAD
From https://github.com/todayindefi/backing-monitor
 * branch                main       -> FETCH_HEAD
From https://github.com/todayindefi/backing-monitor
 * branch                main       -> FETCH_HEAD
From https://github.com/todayindefi/backing-monitor
 * branch                main       -> FETCH_HEAD
From https://github.com/todayindefi/backing-monitor
 * branch                main       -> FETCH_HEAD
From https://github.com/todayindefi/backing-monitor
 * branch                main       -> FETCH_HEAD
From https://github.com/todayindefi/backing-monitor
 * branch                main       -> FETCH_HEAD
From https://github.com/todayindefi/backing-monitor
 * branch                main       -> FETCH_HEAD
From https://github.com/todayindefi/backing-monitor
 * branch                main       -> FETCH_HEAD
From https://github.com/todayindefi/backing-monitor
 * branch                main       -> FETCH_HEAD
From https://github.com/todayindefi/backing-monitor
 * branch                main       -> FETCH_HEAD
From https://github.com/todayindefi/backing-monitor
 * branch                main       -> FETCH_HEAD
From https://github.com/todayindefi/backing-monitor
 * branch                main       -> FETCH_HEAD
From https://github.com/todayindefi/backing-monitor
 * branch                main       -> FETCH_HEAD
From https://github.com/todayindefi/backing-monitor
 * branch                main       -> FETCH_HEAD
From https://github.com/todayindefi/backing-monitor
 * branch                main       -> FETCH_HEAD
From https://github.com/todayindefi/backing-monitor
 * branch                main       -> FETCH_HEAD
From https://github.com/todayindefi/backing-monitor
 * branch                main       -> FETCH_HEAD
From https://github.com/todayindefi/backing-monitor
 * branch                main       -> FETCH_HEAD
From https://github.com/todayindefi/backing-monitor
 * branch                main       -> FETCH_HEAD
From https://github.com/todayindefi/backing-monitor
 * branch                main       -> FETCH_HEAD
From https://github.com/todayindefi/backing-monitor
 * branch                main       -> FETCH_HEAD
From https://github.com/todayindefi/backing-monitor
 * branch                main       -> FETCH_HEAD
From https://github.com/todayindefi/backing-monitor
 * branch                main       -> FETCH_HEAD
From https://github.com/todayindefi/backing-monitor
 * branch                main       -> FETCH_HEAD
From https://github.com/todayindefi/backing-monitor
 * branch                main       -> FETCH_HEAD
From https://github.com/todayindefi/backing-monitor
 * branch                main       -> FETCH_HEAD
From https://github.com/todayindefi/backing-monitor
 * branch                main       -> FETCH_HEAD
From https://github.com/todayindefi/backing-monitor
 * branch                main       -> FETCH_HEAD
From https://github.com/todayindefi/backing-monitor
 * branch                main       -> FETCH_HEAD
From https://github.com/todayindefi/backing-monitor
 * branch                main       -> FETCH_HEAD
From https://github.com/todayindefi/backing-monitor
 * branch                main       -> FETCH_HEAD
From https://github.com/todayindefi/backing-monitor
 * branch                main       -> FETCH_HEAD
From https://github.com/todayindefi/backing-monitor
 * branch                main       -> FETCH_HEAD
From https://github.com/todayindefi/backing-monitor
 * branch                main       -> FETCH_HEAD
From https://github.com/todayindefi/backing-monitor
 * branch                main       -> FETCH_HEAD
From https://github.com/todayindefi/backing-monitor
 * branch                main       -> FETCH_HEAD
From https://github.com/todayindefi/backing-monitor
 * branch                main       -> FETCH_HEAD
From https://github.com/todayindefi/backing-monitor
 * branch                main       -> FETCH_HEAD
From https://github.com/todayindefi/backing-monitor
 * branch                main       -> FETCH_HEAD
From https://github.com/todayindefi/backing-monitor
 * branch                main       -> FETCH_HEAD
From https://github.com/todayindefi/backing-monitor
 * branch                main       -> FETCH_HEAD
From https://github.com/todayindefi/backing-monitor
 * branch                main       -> FETCH_HEAD
From https://github.com/todayindefi/backing-monitor
 * branch                main       -> FETCH_HEAD
From https://github.com/todayindefi/backing-monitor
 * branch                main       -> FETCH_HEAD
From https://github.com/todayindefi/backing-monitor
 * branch                main       -> FETCH_HEAD
From https://github.com/todayindefi/backing-monitor
 * branch                main       -> FETCH_HEAD
From https://github.com/todayindefi/backing-monitor
 * branch                main       -> FETCH_HEAD
From https://github.com/todayindefi/backing-monitor
 * branch                main       -> FETCH_HEAD
From https://github.com/todayindefi/backing-monitor
 * branch                main       -> FETCH_HEAD
From https://github.com/todayindefi/backing-monitor
 * branch                main       -> FETCH_HEAD
From https://github.com/todayindefi/backing-monitor
 * branch                main       -> FETCH_HEAD
From https://github.com/todayindefi/backing-monitor
 * branch                main       -> FETCH_HEAD
From https://github.com/todayindefi/backing-monitor
 * branch                main       -> FETCH_HEAD
From https://github.com/todayindefi/backing-monitor
 * branch                main       -> FETCH_HEAD
From https://github.com/todayindefi/backing-monitor
 * branch                main       -> FETCH_HEAD
From https://github.com/todayindefi/backing-monitor
 * branch                main       -> FETCH_HEAD
From https://github.com/todayindefi/backing-monitor
 * branch                main       -> FETCH_HEAD
From https://github.com/todayindefi/backing-monitor
 * branch                main       -> FETCH_HEAD
From https://github.com/todayindefi/backing-monitor
 * branch                main       -> FETCH_HEAD
From https://github.com/todayindefi/backing-monitor
 * branch                main       -> FETCH_HEAD
From https://github.com/todayindefi/backing-monitor
 * branch                main       -> FETCH_HEAD
From https://github.com/todayindefi/backing-monitor
 * branch                main       -> FETCH_HEAD
From https://github.com/todayindefi/backing-monitor
 * branch                main       -> FETCH_HEAD
From https://github.com/todayindefi/backing-monitor
 * branch                main       -> FETCH_HEAD
From https://github.com/todayindefi/backing-monitor
 * branch                main       -> FETCH_HEAD
From https://github.com/todayindefi/backing-monitor
 * branch                main       -> FETCH_HEAD
From https://github.com/todayindefi/backing-monitor
 * branch                main       -> FETCH_HEAD
Sun Aug 16 11:45:03 AM CST 2026: WARNING renderer cache tokens are stale (index.html may serve cached code):
js/renderers/crvusd.js: latest commit 2026-07-28 is newer than cache token 20260608ajs/renderers/ethena.js: latest commit 2026-06-09 is newer than cache token 20260608ajs/renderers/hastra-prime.js: latest commit 2026-07-31 is newer than cache token 20260729ajs/renderers/mstr.js: latest commit 2026-08-11 is newer than cache token 20260714ajs/renderers/strc.js: latest commit 2026-08-11 is newer than cache token 20260714ajs/renderers/thusd.js: latest commit 2026-07-02 is newer than cache token 20260519js/renderers/usdd.js: latest commit 2026-04-02 is newer than cache token 20260331js/renderers/usdm.js: latest commit 2026-07-30 is newer than cache token 20260518bFrom https://github.com/todayindefi/backing-monitor
 * branch                main       -> FETCH_HEAD
Sun Aug 16 12:45:03 PM CST 2026: WARNING renderer cache tokens are stale (index.html may serve cached code):
js/renderers/crvusd.js: latest commit 2026-07-28 is newer than cache token 20260608ajs/renderers/ethena.js: latest commit 2026-06-09 is newer than cache token 20260608ajs/renderers/hastra-prime.js: latest commit 2026-07-31 is newer than cache token 20260729ajs/renderers/mstr.js: latest commit 2026-08-11 is newer than cache token 20260714ajs/renderers/strc.js: latest commit 2026-08-11 is newer than cache token 20260714ajs/renderers/thusd.js: latest commit 2026-07-02 is newer than cache token 20260519js/renderers/usdd.js: latest commit 2026-04-02 is newer than cache token 20260331js/renderers/usdm.js: latest commit 2026-07-30 is newer than cache token 20260518bFrom https://github.com/todayindefi/backing-monitor
 * branch                main       -> FETCH_HEAD
Sun Aug 16 01:45:02 PM CST 2026: WARNING renderer cache tokens are stale (index.html may serve cached code):
js/renderers/crvusd.js: latest commit 2026-07-28 is newer than cache token 20260608ajs/renderers/ethena.js: latest commit 2026-06-09 is newer than cache token 20260608ajs/renderers/hastra-prime.js: latest commit 2026-07-31 is newer than cache token 20260729ajs/renderers/mstr.js: latest commit 2026-08-11 is newer than cache token 20260714ajs/renderers/strc.js: latest commit 2026-08-11 is newer than cache token 20260714ajs/renderers/thusd.js: latest commit 2026-07-02 is newer than cache token 20260519js/renderers/usdd.js: latest commit 2026-04-02 is newer than cache token 20260331js/renderers/usdm.js: latest commit 2026-07-30 is newer than cache token 20260518bFrom https://github.com/todayindefi/backing-monitor
 * branch                main       -> FETCH_HEAD
Sun Aug 16 02:45:02 PM CST 2026: WARNING renderer cache tokens are stale (index.html may serve cached code):
js/renderers/crvusd.js: latest commit 2026-07-28 is newer than cache token 20260608ajs/renderers/ethena.js: latest commit 2026-06-09 is newer than cache token 20260608ajs/renderers/hastra-prime.js: latest commit 2026-07-31 is newer than cache token 20260729ajs/renderers/mstr.js: latest commit 2026-08-11 is newer than cache token 20260714ajs/renderers/strc.js: latest commit 2026-08-11 is newer than cache token 20260714ajs/renderers/thusd.js: latest commit 2026-07-02 is newer than cache token 20260519js/renderers/usdd.js: latest commit 2026-04-02 is newer than cache token 20260331js/renderers/usdm.js: latest commit 2026-07-30 is newer than cache token 20260518bFrom https://github.com/todayindefi/backing-monitor
 * branch                main       -> FETCH_HEAD
Sun Aug 16 03:45:02 PM CST 2026: WARNING renderer cache tokens are stale (index.html may serve cached code):
js/renderers/crvusd.js: latest commit 2026-07-28 is newer than cache token 20260608ajs/renderers/ethena.js: latest commit 2026-06-09 is newer than cache token 20260608ajs/renderers/hastra-prime.js: latest commit 2026-07-31 is newer than cache token 20260729ajs/renderers/mstr.js: latest commit 2026-08-11 is newer than cache token 20260714ajs/renderers/strc.js: latest commit 2026-08-11 is newer than cache token 20260714ajs/renderers/thusd.js: latest commit 2026-07-02 is newer than cache token 20260519js/renderers/usdd.js: latest commit 2026-04-02 is newer than cache token 20260331js/renderers/usdm.js: latest commit 2026-07-30 is newer than cache token 20260518bFrom https://github.com/todayindefi/backing-monitor
 * branch                main       -> FETCH_HEAD
Sun Aug 16 04:45:03 PM CST 2026: WARNING renderer cache tokens are stale (index.html may serve cached code):
js/renderers/crvusd.js: latest commit 2026-07-28 is newer than cache token 20260608ajs/renderers/ethena.js: latest commit 2026-06-09 is newer than cache token 20260608ajs/renderers/hastra-prime.js: latest commit 2026-07-31 is newer than cache token 20260729ajs/renderers/mstr.js: latest commit 2026-08-11 is newer than cache token 20260714ajs/renderers/strc.js: latest commit 2026-08-11 is newer than cache token 20260714ajs/renderers/thusd.js: latest commit 2026-07-02 is newer than cache token 20260519js/renderers/usdd.js: latest commit 2026-04-02 is newer than cache token 20260331js/renderers/usdm.js: latest commit 2026-07-30 is newer than cache token 20260518bFrom https://github.com/todayindefi/backing-monitor
 * branch                main       -> FETCH_HEAD
Sun Aug 16 05:45:02 PM CST 2026: WARNING renderer cache tokens are stale (index.html may serve cached code):
js/renderers/crvusd.js: latest commit 2026-07-28 is newer than cache token 20260608ajs/renderers/ethena.js: latest commit 2026-06-09 is newer than cache token 20260608ajs/renderers/hastra-prime.js: latest commit 2026-07-31 is newer than cache token 20260729ajs/renderers/mstr.js: latest commit 2026-08-11 is newer than cache token 20260714ajs/renderers/strc.js: latest commit 2026-08-11 is newer than cache token 20260714ajs/renderers/thusd.js: latest commit 2026-07-02 is newer than cache token 20260519js/renderers/usdd.js: latest commit 2026-04-02 is newer than cache token 20260331js/renderers/usdm.js: latest commit 2026-07-30 is newer than cache token 20260518bFrom https://github.com/todayindefi/backing-monitor
 * branch                main       -> FETCH_HEAD
Sun Aug 16 06:45:02 PM CST 2026: WARNING renderer cache tokens are stale (index.html may serve cached code):
js/renderers/crvusd.js: latest commit 2026-07-28 is newer than cache token 20260608ajs/renderers/ethena.js: latest commit 2026-06-09 is newer than cache token 20260608ajs/renderers/hastra-prime.js: latest commit 2026-07-31 is newer than cache token 20260729ajs/renderers/mstr.js: latest commit 2026-08-11 is newer than cache token 20260714ajs/renderers/strc.js: latest commit 2026-08-11 is newer than cache token 20260714ajs/renderers/thusd.js: latest commit 2026-07-02 is newer than cache token 20260519js/renderers/usdd.js: latest commit 2026-04-02 is newer than cache token 20260331js/renderers/usdm.js: latest commit 2026-07-30 is newer than cache token 20260518bFrom https://github.com/todayindefi/backing-monitor
 * branch                main       -> FETCH_HEAD
Sun Aug 16 07:45:02 PM CST 2026: WARNING renderer cache tokens are stale (index.html may serve cached code):
js/renderers/crvusd.js: latest commit 2026-07-28 is newer than cache token 20260608ajs/renderers/ethena.js: latest commit 2026-06-09 is newer than cache token 20260608ajs/renderers/hastra-prime.js: latest commit 2026-07-31 is newer than cache token 20260729ajs/renderers/mstr.js: latest commit 2026-08-11 is newer than cache token 20260714ajs/renderers/strc.js: latest commit 2026-08-11 is newer than cache token 20260714ajs/renderers/thusd.js: latest commit 2026-07-02 is newer than cache token 20260519js/renderers/usdd.js: latest commit 2026-04-02 is newer than cache token 20260331js/renderers/usdm.js: latest commit 2026-07-30 is newer than cache token 20260518bFrom https://github.com/todayindefi/backing-monitor
 * branch                main       -> FETCH_HEAD
Sun Aug 16 08:45:02 PM CST 2026: WARNING renderer cache tokens are stale (index.html may serve cached code):
js/renderers/crvusd.js: latest commit 2026-07-28 is newer than cache token 20260608ajs/renderers/ethena.js: latest commit 2026-06-09 is newer than cache token 20260608ajs/renderers/hastra-prime.js: latest commit 2026-07-31 is newer than cache token 20260729ajs/renderers/mstr.js: latest commit 2026-08-11 is newer than cache token 20260714ajs/renderers/strc.js: latest commit 2026-08-11 is newer than cache token 20260714ajs/renderers/thusd.js: latest commit 2026-07-02 is newer than cache token 20260519js/renderers/usdd.js: latest commit 2026-04-02 is newer than cache token 20260331js/renderers/usdm.js: latest commit 2026-07-30 is newer than cache token 20260518bFrom https://github.com/todayindefi/backing-monitor
 * branch                main       -> FETCH_HEAD
Sun Aug 16 09:45:02 PM CST 2026: WARNING renderer cache tokens are stale (index.html may serve cached code):
js/renderers/crvusd.js: latest commit 2026-07-28 is newer than cache token 20260608ajs/renderers/ethena.js: latest commit 2026-06-09 is newer than cache token 20260608ajs/renderers/hastra-prime.js: latest commit 2026-07-31 is newer than cache token 20260729ajs/renderers/mstr.js: latest commit 2026-08-11 is newer than cache token 20260714ajs/renderers/strc.js: latest commit 2026-08-11 is newer than cache token 20260714ajs/renderers/thusd.js: latest commit 2026-07-02 is newer than cache token 20260519js/renderers/usdd.js: latest commit 2026-04-02 is newer than cache token 20260331js/renderers/usdm.js: latest commit 2026-07-30 is newer than cache token 20260518bFrom https://github.com/todayindefi/backing-monitor
 * branch                main       -> FETCH_HEAD
Sun Aug 16 10:45:03 PM CST 2026: WARNING renderer cache tokens are stale (index.html may serve cached code):
js/renderers/crvusd.js: latest commit 2026-07-28 is newer than cache token 20260608ajs/renderers/ethena.js: latest commit 2026-06-09 is newer than cache token 20260608ajs/renderers/hastra-prime.js: latest commit 2026-07-31 is newer than cache token 20260729ajs/renderers/mstr.js: latest commit 2026-08-11 is newer than cache token 20260714ajs/renderers/strc.js: latest commit 2026-08-11 is newer than cache token 20260714ajs/renderers/thusd.js: latest commit 2026-07-02 is newer than cache token 20260519js/renderers/usdd.js: latest commit 2026-04-02 is newer than cache token 20260331js/renderers/usdm.js: latest commit 2026-07-30 is newer than cache token 20260518bFrom https://github.com/todayindefi/backing-monitor
 * branch                main       -> FETCH_HEAD
Sun Aug 16 11:45:02 PM CST 2026: WARNING renderer cache tokens are stale (index.html may serve cached code):
js/renderers/crvusd.js: latest commit 2026-07-28 is newer than cache token 20260608ajs/renderers/ethena.js: latest commit 2026-06-09 is newer than cache token 20260608ajs/renderers/hastra-prime.js: latest commit 2026-07-31 is newer than cache token 20260729ajs/renderers/mstr.js: latest commit 2026-08-11 is newer than cache token 20260714ajs/renderers/strc.js: latest commit 2026-08-11 is newer than cache token 20260714ajs/renderers/thusd.js: latest commit 2026-07-02 is newer than cache token 20260519js/renderers/usdd.js: latest commit 2026-04-02 is newer than cache token 20260331js/renderers/usdm.js: latest commit 2026-07-30 is newer than cache token 20260518bFrom https://github.com/todayindefi/backing-monitor
 * branch                main       -> FETCH_HEAD
Mon Aug 17 12:45:02 AM CST 2026: WARNING renderer cache tokens are stale (index.html may serve cached code):
js/renderers/crvusd.js: latest commit 2026-07-28 is newer than cache token 20260608ajs/renderers/ethena.js: latest commit 2026-06-09 is newer than cache token 20260608ajs/renderers/hastra-prime.js: latest commit 2026-07-31 is newer than cache token 20260729ajs/renderers/mstr.js: latest commit 2026-08-11 is newer than cache token 20260714ajs/renderers/strc.js: latest commit 2026-08-11 is newer than cache token 20260714ajs/renderers/thusd.js: latest commit 2026-07-02 is newer than cache token 20260519js/renderers/usdd.js: latest commit 2026-04-02 is newer than cache token 20260331js/renderers/usdm.js: latest commit 2026-07-30 is newer than cache token 20260518bFrom https://github.com/todayindefi/backing-monitor
 * branch                main       -> FETCH_HEAD
Mon Aug 17 01:45:02 AM CST 2026: WARNING renderer cache tokens are stale (index.html may serve cached code):
js/renderers/crvusd.js: latest commit 2026-07-28 is newer than cache token 20260608ajs/renderers/ethena.js: latest commit 2026-06-09 is newer than cache token 20260608ajs/renderers/hastra-prime.js: latest commit 2026-07-31 is newer than cache token 20260729ajs/renderers/mstr.js: latest commit 2026-08-11 is newer than cache token 20260714ajs/renderers/strc.js: latest commit 2026-08-11 is newer than cache token 20260714ajs/renderers/thusd.js: latest commit 2026-07-02 is newer than cache token 20260519js/renderers/usdd.js: latest commit 2026-04-02 is newer than cache token 20260331js/renderers/usdm.js: latest commit 2026-07-30 is newer than cache token 20260518bFrom https://github.com/todayindefi/backing-monitor
 * branch                main       -> FETCH_HEAD
Mon Aug 17 02:45:03 AM CST 2026: WARNING renderer cache tokens are stale (index.html may serve cached code):
js/renderers/crvusd.js: latest commit 2026-07-28 is newer than cache token 20260608ajs/renderers/ethena.js: latest commit 2026-06-09 is newer than cache token 20260608ajs/renderers/hastra-prime.js: latest commit 2026-07-31 is newer than cache token 20260729ajs/renderers/mstr.js: latest commit 2026-08-11 is newer than cache token 20260714ajs/renderers/strc.js: latest commit 2026-08-11 is newer than cache token 20260714ajs/renderers/thusd.js: latest commit 2026-07-02 is newer than cache token 20260519js/renderers/usdd.js: latest commit 2026-04-02 is newer than cache token 20260331js/renderers/usdm.js: latest commit 2026-07-30 is newer than cache token 20260518bFrom https://github.com/todayindefi/backing-monitor
 * branch                main       -> FETCH_HEAD
Mon Aug 17 03:45:02 AM CST 2026: WARNING renderer cache tokens are stale (index.html may serve cached code):
js/renderers/crvusd.js: latest commit 2026-07-28 is newer than cache token 20260608ajs/renderers/ethena.js: latest commit 2026-06-09 is newer than cache token 20260608ajs/renderers/hastra-prime.js: latest commit 2026-07-31 is newer than cache token 20260729ajs/renderers/mstr.js: latest commit 2026-08-11 is newer than cache token 20260714ajs/renderers/strc.js: latest commit 2026-08-11 is newer than cache token 20260714ajs/renderers/thusd.js: latest commit 2026-07-02 is newer than cache token 20260519js/renderers/usdd.js: latest commit 2026-04-02 is newer than cache token 20260331js/renderers/usdm.js: latest commit 2026-07-30 is newer than cache token 20260518bFrom https://github.com/todayindefi/backing-monitor
 * branch                main       -> FETCH_HEAD
Mon Aug 17 04:45:03 AM CST 2026: WARNING renderer cache tokens are stale (index.html may serve cached code):
js/renderers/crvusd.js: latest commit 2026-07-28 is newer than cache token 20260608ajs/renderers/ethena.js: latest commit 2026-06-09 is newer than cache token 20260608ajs/renderers/hastra-prime.js: latest commit 2026-07-31 is newer than cache token 20260729ajs/renderers/mstr.js: latest commit 2026-08-11 is newer than cache token 20260714ajs/renderers/strc.js: latest commit 2026-08-11 is newer than cache token 20260714ajs/renderers/thusd.js: latest commit 2026-07-02 is newer than cache token 20260519js/renderers/usdd.js: latest commit 2026-04-02 is newer than cache token 20260331js/renderers/usdm.js: latest commit 2026-07-30 is newer than cache token 20260518bFrom https://github.com/todayindefi/backing-monitor
 * branch                main       -> FETCH_HEAD
Mon Aug 17 05:45:02 AM CST 2026: WARNING renderer cache tokens are stale (index.html may serve cached code):
js/renderers/crvusd.js: latest commit 2026-07-28 is newer than cache token 20260608ajs/renderers/ethena.js: latest commit 2026-06-09 is newer than cache token 20260608ajs/renderers/hastra-prime.js: latest commit 2026-07-31 is newer than cache token 20260729ajs/renderers/mstr.js: latest commit 2026-08-11 is newer than cache token 20260714ajs/renderers/strc.js: latest commit 2026-08-11 is newer than cache token 20260714ajs/renderers/thusd.js: latest commit 2026-07-02 is newer than cache token 20260519js/renderers/usdd.js: latest commit 2026-04-02 is newer than cache token 20260331js/renderers/usdm.js: latest commit 2026-07-30 is newer than cache token 20260518bFrom https://github.com/todayindefi/backing-monitor
 * branch                main       -> FETCH_HEAD
Mon Aug 17 06:45:02 AM CST 2026: WARNING renderer cache tokens are stale (index.html may serve cached code):
js/renderers/crvusd.js: latest commit 2026-07-28 is newer than cache token 20260608ajs/renderers/ethena.js: latest commit 2026-06-09 is newer than cache token 20260608ajs/renderers/hastra-prime.js: latest commit 2026-07-31 is newer than cache token 20260729ajs/renderers/mstr.js: latest commit 2026-08-11 is newer than cache token 20260714ajs/renderers/strc.js: latest commit 2026-08-11 is newer than cache token 20260714ajs/renderers/thusd.js: latest commit 2026-07-02 is newer than cache token 20260519js/renderers/usdd.js: latest commit 2026-04-02 is newer than cache token 20260331js/renderers/usdm.js: latest commit 2026-07-30 is newer than cache token 20260518bFrom https://github.com/todayindefi/backing-monitor
 * branch                main       -> FETCH_HEAD
Mon Aug 17 07:45:02 AM CST 2026: WARNING renderer cache tokens are stale (index.html may serve cached code):
js/renderers/crvusd.js: latest commit 2026-07-28 is newer than cache token 20260608ajs/renderers/ethena.js: latest commit 2026-06-09 is newer than cache token 20260608ajs/renderers/hastra-prime.js: latest commit 2026-07-31 is newer than cache token 20260729ajs/renderers/mstr.js: latest commit 2026-08-11 is newer than cache token 20260714ajs/renderers/strc.js: latest commit 2026-08-11 is newer than cache token 20260714ajs/renderers/thusd.js: latest commit 2026-07-02 is newer than cache token 20260519js/renderers/usdd.js: latest commit 2026-04-02 is newer than cache token 20260331js/renderers/usdm.js: latest commit 2026-07-30 is newer than cache token 20260518bFrom https://github.com/todayindefi/backing-monitor
 * branch                main       -> FETCH_HEAD
Mon Aug 17 08:45:02 AM CST 2026: WARNING renderer cache tokens are stale (index.html may serve cached code):
js/renderers/crvusd.js: latest commit 2026-07-28 is newer than cache token 20260608ajs/renderers/ethena.js: latest commit 2026-06-09 is newer than cache token 20260608ajs/renderers/hastra-prime.js: latest commit 2026-07-31 is newer than cache token 20260729ajs/renderers/mstr.js: latest commit 2026-08-11 is newer than cache token 20260714ajs/renderers/strc.js: latest commit 2026-08-11 is newer than cache token 20260714ajs/renderers/thusd.js: latest commit 2026-07-02 is newer than cache token 20260519js/renderers/usdd.js: latest commit 2026-04-02 is newer than cache token 20260331js/renderers/usdm.js: latest commit 2026-07-30 is newer than cache token 20260518bFrom https://github.com/todayindefi/backing-monitor
 * branch                main       -> FETCH_HEAD
Mon Aug 17 09:45:03 AM CST 2026: WARNING renderer cache tokens are stale (index.html may serve cached code):
js/renderers/crvusd.js: latest commit 2026-07-28 is newer than cache token 20260608ajs/renderers/ethena.js: latest commit 2026-06-09 is newer than cache token 20260608ajs/renderers/hastra-prime.js: latest commit 2026-07-31 is newer than cache token 20260729ajs/renderers/mstr.js: latest commit 2026-08-11 is newer than cache token 20260714ajs/renderers/strc.js: latest commit 2026-08-11 is newer than cache token 20260714ajs/renderers/thusd.js: latest commit 2026-07-02 is newer than cache token 20260519js/renderers/usdd.js: latest commit 2026-04-02 is newer than cache token 20260331js/renderers/usdm.js: latest commit 2026-07-30 is newer than cache token 20260518bFrom https://github.com/todayindefi/backing-monitor
 * branch                main       -> FETCH_HEAD
Mon Aug 17 10:45:02 AM CST 2026: WARNING renderer cache tokens are stale (index.html may serve cached code):
js/renderers/crvusd.js: latest commit 2026-07-28 is newer than cache token 20260608ajs/renderers/ethena.js: latest commit 2026-06-09 is newer than cache token 20260608ajs/renderers/hastra-prime.js: latest commit 2026-07-31 is newer than cache token 20260729ajs/renderers/mstr.js: latest commit 2026-08-11 is newer than cache token 20260714ajs/renderers/strc.js: latest commit 2026-08-11 is newer than cache token 20260714ajs/renderers/thusd.js: latest commit 2026-07-02 is newer than cache token 20260519js/renderers/usdd.js: latest commit 2026-04-02 is newer than cache token 20260331js/renderers/usdm.js: latest commit 2026-07-30 is newer than cache token 20260518bFrom https://github.com/todayindefi/backing-monitor
 * branch                main       -> FETCH_HEAD
Mon Aug 17 11:45:02 AM CST 2026: WARNING renderer cache tokens are stale (index.html may serve cached code):
js/renderers/crvusd.js: latest commit 2026-07-28 is newer than cache token 20260608ajs/renderers/ethena.js: latest commit 2026-06-09 is newer than cache token 20260608ajs/renderers/hastra-prime.js: latest commit 2026-07-31 is newer than cache token 20260729ajs/renderers/mstr.js: latest commit 2026-08-11 is newer than cache token 20260714ajs/renderers/strc.js: latest commit 2026-08-11 is newer than cache token 20260714ajs/renderers/thusd.js: latest commit 2026-07-02 is newer than cache token 20260519js/renderers/usdd.js: latest commit 2026-04-02 is newer than cache token 20260331js/renderers/usdm.js: latest commit 2026-07-30 is newer than cache token 20260518bFrom https://github.com/todayindefi/backing-monitor
 * branch                main       -> FETCH_HEAD
Mon Aug 17 12:45:02 PM CST 2026: WARNING renderer cache tokens are stale (index.html may serve cached code):
js/renderers/crvusd.js: latest commit 2026-07-28 is newer than cache token 20260608ajs/renderers/ethena.js: latest commit 2026-06-09 is newer than cache token 20260608ajs/renderers/hastra-prime.js: latest commit 2026-07-31 is newer than cache token 20260729ajs/renderers/mstr.js: latest commit 2026-08-11 is newer than cache token 20260714ajs/renderers/strc.js: latest commit 2026-08-11 is newer than cache token 20260714ajs/renderers/thusd.js: latest commit 2026-07-02 is newer than cache token 20260519js/renderers/usdd.js: latest commit 2026-04-02 is newer than cache token 20260331js/renderers/usdm.js: latest commit 2026-07-30 is newer than cache token 20260518bFrom https://github.com/todayindefi/backing-monitor
 * branch                main       -> FETCH_HEAD
Mon Aug 17 01:45:03 PM CST 2026: WARNING renderer cache tokens are stale (index.html may serve cached code):
js/renderers/crvusd.js: latest commit 2026-07-28 is newer than cache token 20260608ajs/renderers/ethena.js: latest commit 2026-06-09 is newer than cache token 20260608ajs/renderers/hastra-prime.js: latest commit 2026-07-31 is newer than cache token 20260729ajs/renderers/mstr.js: latest commit 2026-08-11 is newer than cache token 20260714ajs/renderers/strc.js: latest commit 2026-08-11 is newer than cache token 20260714ajs/renderers/thusd.js: latest commit 2026-07-02 is newer than cache token 20260519js/renderers/usdd.js: latest commit 2026-04-02 is newer than cache token 20260331js/renderers/usdm.js: latest commit 2026-07-30 is newer than cache token 20260518bFrom https://github.com/todayindefi/backing-monitor
 * branch                main       -> FETCH_HEAD
Mon Aug 17 02:45:03 PM CST 2026: WARNING renderer cache tokens are stale (index.html may serve cached code):
js/renderers/crvusd.js: latest commit 2026-07-28 is newer than cache token 20260608ajs/renderers/ethena.js: latest commit 2026-06-09 is newer than cache token 20260608ajs/renderers/hastra-prime.js: latest commit 2026-07-31 is newer than cache token 20260729ajs/renderers/mstr.js: latest commit 2026-08-11 is newer than cache token 20260714ajs/renderers/strc.js: latest commit 2026-08-11 is newer than cache token 20260714ajs/renderers/thusd.js: latest commit 2026-07-02 is newer than cache token 20260519js/renderers/usdd.js: latest commit 2026-04-02 is newer than cache token 20260331js/renderers/usdm.js: latest commit 2026-07-30 is newer than cache token 20260518bFrom https://github.com/todayindefi/backing-monitor
 * branch                main       -> FETCH_HEAD
Mon Aug 17 03:45:03 PM CST 2026: WARNING renderer cache tokens are stale (index.html may serve cached code):
js/renderers/crvusd.js: latest commit 2026-07-28 is newer than cache token 20260608ajs/renderers/ethena.js: latest commit 2026-06-09 is newer than cache token 20260608ajs/renderers/hastra-prime.js: latest commit 2026-07-31 is newer than cache token 20260729ajs/renderers/mstr.js: latest commit 2026-08-11 is newer than cache token 20260714ajs/renderers/strc.js: latest commit 2026-08-11 is newer than cache token 20260714ajs/renderers/thusd.js: latest commit 2026-07-02 is newer than cache token 20260519js/renderers/usdd.js: latest commit 2026-04-02 is newer than cache token 20260331js/renderers/usdm.js: latest commit 2026-07-30 is newer than cache token 20260518bFrom https://github.com/todayindefi/backing-monitor
 * branch                main       -> FETCH_HEAD
Mon Aug 17 04:45:03 PM CST 2026: WARNING renderer cache tokens are stale (index.html may serve cached code):
js/renderers/crvusd.js: latest commit 2026-07-28 is newer than cache token 20260608ajs/renderers/ethena.js: latest commit 2026-06-09 is newer than cache token 20260608ajs/renderers/hastra-prime.js: latest commit 2026-07-31 is newer than cache token 20260729ajs/renderers/mstr.js: latest commit 2026-08-11 is newer than cache token 20260714ajs/renderers/strc.js: latest commit 2026-08-11 is newer than cache token 20260714ajs/renderers/thusd.js: latest commit 2026-07-02 is newer than cache token 20260519js/renderers/usdd.js: latest commit 2026-04-02 is newer than cache token 20260331js/renderers/usdm.js: latest commit 2026-07-30 is newer than cache token 20260518bFrom https://github.com/todayindefi/backing-monitor
 * branch                main       -> FETCH_HEAD
Mon Aug 17 05:45:02 PM CST 2026: WARNING renderer cache tokens are stale (index.html may serve cached code):
js/renderers/crvusd.js: latest commit 2026-07-28 is newer than cache token 20260608ajs/renderers/ethena.js: latest commit 2026-06-09 is newer than cache token 20260608ajs/renderers/hastra-prime.js: latest commit 2026-07-31 is newer than cache token 20260729ajs/renderers/mstr.js: latest commit 2026-08-11 is newer than cache token 20260714ajs/renderers/strc.js: latest commit 2026-08-11 is newer than cache token 20260714ajs/renderers/thusd.js: latest commit 2026-07-02 is newer than cache token 20260519js/renderers/usdd.js: latest commit 2026-04-02 is newer than cache token 20260331js/renderers/usdm.js: latest commit 2026-07-30 is newer than cache token 20260518bFrom https://github.com/todayindefi/backing-monitor
 * branch                main       -> FETCH_HEAD
Mon Aug 17 06:45:02 PM CST 2026: WARNING renderer cache tokens are stale (index.html may serve cached code):
js/renderers/crvusd.js: latest commit 2026-07-28 is newer than cache token 20260608ajs/renderers/ethena.js: latest commit 2026-06-09 is newer than cache token 20260608ajs/renderers/hastra-prime.js: latest commit 2026-07-31 is newer than cache token 20260729ajs/renderers/mstr.js: latest commit 2026-08-11 is newer than cache token 20260714ajs/renderers/strc.js: latest commit 2026-08-11 is newer than cache token 20260714ajs/renderers/thusd.js: latest commit 2026-07-02 is newer than cache token 20260519js/renderers/usdd.js: latest commit 2026-04-02 is newer than cache token 20260331js/renderers/usdm.js: latest commit 2026-07-30 is newer than cache token 20260518bFrom https://github.com/todayindefi/backing-monitor
 * branch                main       -> FETCH_HEAD
Mon Aug 17 07:45:03 PM CST 2026: WARNING renderer cache tokens are stale (index.html may serve cached code):
js/renderers/crvusd.js: latest commit 2026-07-28 is newer than cache token 20260608ajs/renderers/ethena.js: latest commit 2026-06-09 is newer than cache token 20260608ajs/renderers/hastra-prime.js: latest commit 2026-07-31 is newer than cache token 20260729ajs/renderers/mstr.js: latest commit 2026-08-11 is newer than cache token 20260714ajs/renderers/strc.js: latest commit 2026-08-11 is newer than cache token 20260714ajs/renderers/thusd.js: latest commit 2026-07-02 is newer than cache token 20260519js/renderers/usdd.js: latest commit 2026-04-02 is newer than cache token 20260331js/renderers/usdm.js: latest commit 2026-07-30 is newer than cache token 20260518bFrom https://github.com/todayindefi/backing-monitor
 * branch                main       -> FETCH_HEAD
Mon Aug 17 08:45:03 PM CST 2026: WARNING renderer cache tokens are stale (index.html may serve cached code):
js/renderers/crvusd.js: latest commit 2026-07-28 is newer than cache token 20260608ajs/renderers/ethena.js: latest commit 2026-06-09 is newer than cache token 20260608ajs/renderers/hastra-prime.js: latest commit 2026-07-31 is newer than cache token 20260729ajs/renderers/mstr.js: latest commit 2026-08-11 is newer than cache token 20260714ajs/renderers/strc.js: latest commit 2026-08-11 is newer than cache token 20260714ajs/renderers/thusd.js: latest commit 2026-07-02 is newer than cache token 20260519js/renderers/usdd.js: latest commit 2026-04-02 is newer than cache token 20260331js/renderers/usdm.js: latest commit 2026-07-30 is newer than cache token 20260518bFrom https://github.com/todayindefi/backing-monitor
 * branch                main       -> FETCH_HEAD
Mon Aug 17 09:45:03 PM CST 2026: WARNING renderer cache tokens are stale (index.html may serve cached code):
js/renderers/crvusd.js: latest commit 2026-07-28 is newer than cache token 20260608ajs/renderers/ethena.js: latest commit 2026-06-09 is newer than cache token 20260608ajs/renderers/hastra-prime.js: latest commit 2026-07-31 is newer than cache token 20260729ajs/renderers/mstr.js: latest commit 2026-08-11 is newer than cache token 20260714ajs/renderers/strc.js: latest commit 2026-08-11 is newer than cache token 20260714ajs/renderers/thusd.js: latest commit 2026-07-02 is newer than cache token 20260519js/renderers/usdd.js: latest commit 2026-04-02 is newer than cache token 20260331js/renderers/usdm.js: latest commit 2026-07-30 is newer than cache token 20260518bFrom https://github.com/todayindefi/backing-monitor
 * branch                main       -> FETCH_HEAD
Mon Aug 17 10:45:08 PM CST 2026: WARNING renderer cache tokens are stale (index.html may serve cached code):
js/renderers/crvusd.js: latest commit 2026-07-28 is newer than cache token 20260608ajs/renderers/ethena.js: latest commit 2026-06-09 is newer than cache token 20260608ajs/renderers/hastra-prime.js: latest commit 2026-07-31 is newer than cache token 20260729ajs/renderers/mstr.js: latest commit 2026-08-11 is newer than cache token 20260714ajs/renderers/strc.js: latest commit 2026-08-11 is newer than cache token 20260714ajs/renderers/thusd.js: latest commit 2026-07-02 is newer than cache token 20260519js/renderers/usdd.js: latest commit 2026-04-02 is newer than cache token 20260331js/renderers/usdm.js: latest commit 2026-07-30 is newer than cache token 20260518bFrom https://github.com/todayindefi/backing-monitor
 * branch                main       -> FETCH_HEAD
Mon Aug 17 11:45:09 PM CST 2026: WARNING renderer cache tokens are stale (index.html may serve cached code):
js/renderers/crvusd.js: latest commit 2026-07-28 is newer than cache token 20260608ajs/renderers/ethena.js: latest commit 2026-06-09 is newer than cache token 20260608ajs/renderers/hastra-prime.js: latest commit 2026-07-31 is newer than cache token 20260729ajs/renderers/mstr.js: latest commit 2026-08-11 is newer than cache token 20260714ajs/renderers/strc.js: latest commit 2026-08-11 is newer than cache token 20260714ajs/renderers/thusd.js: latest commit 2026-07-02 is newer than cache token 20260519js/renderers/usdd.js: latest commit 2026-04-02 is newer than cache token 20260331js/renderers/usdm.js: latest commit 2026-07-30 is newer than cache token 20260518bFrom https://github.com/todayindefi/backing-monitor
 * branch                main       -> FETCH_HEAD
Tue Aug 18 12:45:07 AM CST 2026: WARNING renderer cache tokens are stale (index.html may serve cached code):
js/renderers/crvusd.js: latest commit 2026-07-28 is newer than cache token 20260608ajs/renderers/ethena.js: latest commit 2026-06-09 is newer than cache token 20260608ajs/renderers/hastra-prime.js: latest commit 2026-07-31 is newer than cache token 20260729ajs/renderers/mstr.js: latest commit 2026-08-11 is newer than cache token 20260714ajs/renderers/strc.js: latest commit 2026-08-11 is newer than cache token 20260714ajs/renderers/thusd.js: latest commit 2026-07-02 is newer than cache token 20260519js/renderers/usdd.js: latest commit 2026-04-02 is newer than cache token 20260331js/renderers/usdm.js: latest commit 2026-07-30 is newer than cache token 20260518bFrom https://github.com/todayindefi/backing-monitor
 * branch                main       -> FETCH_HEAD
Tue Aug 18 01:45:08 AM CST 2026: WARNING renderer cache tokens are stale (index.html may serve cached code):
js/renderers/crvusd.js: latest commit 2026-07-28 is newer than cache token 20260608ajs/renderers/ethena.js: latest commit 2026-06-09 is newer than cache token 20260608ajs/renderers/hastra-prime.js: latest commit 2026-07-31 is newer than cache token 20260729ajs/renderers/mstr.js: latest commit 2026-08-11 is newer than cache token 20260714ajs/renderers/strc.js: latest commit 2026-08-11 is newer than cache token 20260714ajs/renderers/thusd.js: latest commit 2026-07-02 is newer than cache token 20260519js/renderers/usdd.js: latest commit 2026-04-02 is newer than cache token 20260331js/renderers/usdm.js: latest commit 2026-07-30 is newer than cache token 20260518bFrom https://github.com/todayindefi/backing-monitor
 * branch                main       -> FETCH_HEAD
Tue Aug 18 02:45:08 AM CST 2026: WARNING renderer cache tokens are stale (index.html may serve cached code):
js/renderers/crvusd.js: latest commit 2026-07-28 is newer than cache token 20260608ajs/renderers/ethena.js: latest commit 2026-06-09 is newer than cache token 20260608ajs/renderers/hastra-prime.js: latest commit 2026-07-31 is newer than cache token 20260729ajs/renderers/mstr.js: latest commit 2026-08-11 is newer than cache token 20260714ajs/renderers/strc.js: latest commit 2026-08-11 is newer than cache token 20260714ajs/renderers/thusd.js: latest commit 2026-07-02 is newer than cache token 20260519js/renderers/usdd.js: latest commit 2026-04-02 is newer than cache token 20260331js/renderers/usdm.js: latest commit 2026-07-30 is newer than cache token 20260518bFrom https://github.com/todayindefi/backing-monitor
 * branch                main       -> FETCH_HEAD
Tue Aug 18 03:45:07 AM CST 2026: WARNING renderer cache tokens are stale (index.html may serve cached code):
js/renderers/crvusd.js: latest commit 2026-07-28 is newer than cache token 20260608ajs/renderers/ethena.js: latest commit 2026-06-09 is newer than cache token 20260608ajs/renderers/hastra-prime.js: latest commit 2026-07-31 is newer than cache token 20260729ajs/renderers/mstr.js: latest commit 2026-08-11 is newer than cache token 20260714ajs/renderers/strc.js: latest commit 2026-08-11 is newer than cache token 20260714ajs/renderers/thusd.js: latest commit 2026-07-02 is newer than cache token 20260519js/renderers/usdd.js: latest commit 2026-04-02 is newer than cache token 20260331js/renderers/usdm.js: latest commit 2026-07-30 is newer than cache token 20260518bFrom https://github.com/todayindefi/backing-monitor
 * branch                main       -> FETCH_HEAD
Tue Aug 18 04:45:07 AM CST 2026: WARNING renderer cache tokens are stale (index.html may serve cached code):
js/renderers/crvusd.js: latest commit 2026-07-28 is newer than cache token 20260608ajs/renderers/ethena.js: latest commit 2026-06-09 is newer than cache token 20260608ajs/renderers/hastra-prime.js: latest commit 2026-07-31 is newer than cache token 20260729ajs/renderers/mstr.js: latest commit 2026-08-11 is newer than cache token 20260714ajs/renderers/strc.js: latest commit 2026-08-11 is newer than cache token 20260714ajs/renderers/thusd.js: latest commit 2026-07-02 is newer than cache token 20260519js/renderers/usdd.js: latest commit 2026-04-02 is newer than cache token 20260331js/renderers/usdm.js: latest commit 2026-07-30 is newer than cache token 20260518bFrom https://github.com/todayindefi/backing-monitor
 * branch                main       -> FETCH_HEAD
Tue Aug 18 05:45:08 AM CST 2026: WARNING renderer cache tokens are stale (index.html may serve cached code):
js/renderers/crvusd.js: latest commit 2026-07-28 is newer than cache token 20260608ajs/renderers/ethena.js: latest commit 2026-06-09 is newer than cache token 20260608ajs/renderers/hastra-prime.js: latest commit 2026-07-31 is newer than cache token 20260729ajs/renderers/mstr.js: latest commit 2026-08-11 is newer than cache token 20260714ajs/renderers/strc.js: latest commit 2026-08-11 is newer than cache token 20260714ajs/renderers/thusd.js: latest commit 2026-07-02 is newer than cache token 20260519js/renderers/usdd.js: latest commit 2026-04-02 is newer than cache token 20260331js/renderers/usdm.js: latest commit 2026-07-30 is newer than cache token 20260518bFrom https://github.com/todayindefi/backing-monitor
 * branch                main       -> FETCH_HEAD
Tue Aug 18 06:45:08 AM CST 2026: WARNING renderer cache tokens are stale (index.html may serve cached code):
js/renderers/crvusd.js: latest commit 2026-07-28 is newer than cache token 20260608ajs/renderers/ethena.js: latest commit 2026-06-09 is newer than cache token 20260608ajs/renderers/hastra-prime.js: latest commit 2026-07-31 is newer than cache token 20260729ajs/renderers/mstr.js: latest commit 2026-08-11 is newer than cache token 20260714ajs/renderers/strc.js: latest commit 2026-08-11 is newer than cache token 20260714ajs/renderers/thusd.js: latest commit 2026-07-02 is newer than cache token 20260519js/renderers/usdd.js: latest commit 2026-04-02 is newer than cache token 20260331js/renderers/usdm.js: latest commit 2026-07-30 is newer than cache token 20260518bFrom https://github.com/todayindefi/backing-monitor
 * branch                main       -> FETCH_HEAD
Tue Aug 18 07:45:08 AM CST 2026: WARNING renderer cache tokens are stale (index.html may serve cached code):
js/renderers/crvusd.js: latest commit 2026-07-28 is newer than cache token 20260608ajs/renderers/ethena.js: latest commit 2026-06-09 is newer than cache token 20260608ajs/renderers/hastra-prime.js: latest commit 2026-07-31 is newer than cache token 20260729ajs/renderers/mstr.js: latest commit 2026-08-11 is newer than cache token 20260714ajs/renderers/strc.js: latest commit 2026-08-11 is newer than cache token 20260714ajs/renderers/thusd.js: latest commit 2026-07-02 is newer than cache token 20260519js/renderers/usdd.js: latest commit 2026-04-02 is newer than cache token 20260331js/renderers/usdm.js: latest commit 2026-07-30 is newer than cache token 20260518bFrom https://github.com/todayindefi/backing-monitor
 * branch                main       -> FETCH_HEAD
Tue Aug 18 08:45:09 AM CST 2026: WARNING renderer cache tokens are stale (index.html may serve cached code):
js/renderers/crvusd.js: latest commit 2026-07-28 is newer than cache token 20260608ajs/renderers/ethena.js: latest commit 2026-06-09 is newer than cache token 20260608ajs/renderers/hastra-prime.js: latest commit 2026-07-31 is newer than cache token 20260729ajs/renderers/mstr.js: latest commit 2026-08-11 is newer than cache token 20260714ajs/renderers/strc.js: latest commit 2026-08-11 is newer than cache token 20260714ajs/renderers/thusd.js: latest commit 2026-07-02 is newer than cache token 20260519js/renderers/usdd.js: latest commit 2026-04-02 is newer than cache token 20260331js/renderers/usdm.js: latest commit 2026-07-30 is newer than cache token 20260518bFrom https://github.com/todayindefi/backing-monitor
 * branch                main       -> FETCH_HEAD
Tue Aug 18 09:45:08 AM CST 2026: WARNING renderer cache tokens are stale (index.html may serve cached code):
js/renderers/crvusd.js: latest commit 2026-07-28 is newer than cache token 20260608ajs/renderers/ethena.js: latest commit 2026-06-09 is newer than cache token 20260608ajs/renderers/hastra-prime.js: latest commit 2026-07-31 is newer than cache token 20260729ajs/renderers/mstr.js: latest commit 2026-08-11 is newer than cache token 20260714ajs/renderers/strc.js: latest commit 2026-08-11 is newer than cache token 20260714ajs/renderers/thusd.js: latest commit 2026-07-02 is newer than cache token 20260519js/renderers/usdd.js: latest commit 2026-04-02 is newer than cache token 20260331js/renderers/usdm.js: latest commit 2026-07-30 is newer than cache token 20260518bFrom https://github.com/todayindefi/backing-monitor
 * branch                main       -> FETCH_HEAD
Tue Aug 18 10:45:08 AM CST 2026: WARNING renderer cache tokens are stale (index.html may serve cached code):
js/renderers/crvusd.js: latest commit 2026-07-28 is newer than cache token 20260608ajs/renderers/ethena.js: latest commit 2026-06-09 is newer than cache token 20260608ajs/renderers/hastra-prime.js: latest commit 2026-07-31 is newer than cache token 20260729ajs/renderers/mstr.js: latest commit 2026-08-11 is newer than cache token 20260714ajs/renderers/strc.js: latest commit 2026-08-11 is newer than cache token 20260714ajs/renderers/thusd.js: latest commit 2026-07-02 is newer than cache token 20260519js/renderers/usdd.js: latest commit 2026-04-02 is newer than cache token 20260331js/renderers/usdm.js: latest commit 2026-07-30 is newer than cache token 20260518bFrom https://github.com/todayindefi/backing-monitor
 * branch                main       -> FETCH_HEAD
Tue Aug 18 11:45:06 AM CST 2026: WARNING renderer cache tokens are stale (index.html may serve cached code):
js/renderers/crvusd.js: latest commit 2026-07-28 is newer than cache token 20260608ajs/renderers/ethena.js: latest commit 2026-06-09 is newer than cache token 20260608ajs/renderers/hastra-prime.js: latest commit 2026-07-31 is newer than cache token 20260729ajs/renderers/mstr.js: latest commit 2026-08-11 is newer than cache token 20260714ajs/renderers/strc.js: latest commit 2026-08-11 is newer than cache token 20260714ajs/renderers/thusd.js: latest commit 2026-07-02 is newer than cache token 20260519js/renderers/usdd.js: latest commit 2026-04-02 is newer than cache token 20260331js/renderers/usdm.js: latest commit 2026-07-30 is newer than cache token 20260518bFrom https://github.com/todayindefi/backing-monitor
 * branch                main       -> FETCH_HEAD
Tue Aug 18 12:45:08 PM CST 2026: WARNING renderer cache tokens are stale (index.html may serve cached code):
js/renderers/crvusd.js: latest commit 2026-07-28 is newer than cache token 20260608ajs/renderers/ethena.js: latest commit 2026-06-09 is newer than cache token 20260608ajs/renderers/hastra-prime.js: latest commit 2026-07-31 is newer than cache token 20260729ajs/renderers/mstr.js: latest commit 2026-08-11 is newer than cache token 20260714ajs/renderers/strc.js: latest commit 2026-08-11 is newer than cache token 20260714ajs/renderers/thusd.js: latest commit 2026-07-02 is newer than cache token 20260519js/renderers/usdd.js: latest commit 2026-04-02 is newer than cache token 20260331js/renderers/usdm.js: latest commit 2026-07-30 is newer than cache token 20260518bFrom https://github.com/todayindefi/backing-monitor
 * branch                main       -> FETCH_HEAD
Tue Aug 18 01:45:08 PM CST 2026: WARNING renderer cache tokens are stale (index.html may serve cached code):
js/renderers/crvusd.js: latest commit 2026-07-28 is newer than cache token 20260608ajs/renderers/ethena.js: latest commit 2026-06-09 is newer than cache token 20260608ajs/renderers/hastra-prime.js: latest commit 2026-07-31 is newer than cache token 20260729ajs/renderers/mstr.js: latest commit 2026-08-11 is newer than cache token 20260714ajs/renderers/strc.js: latest commit 2026-08-11 is newer than cache token 20260714ajs/renderers/thusd.js: latest commit 2026-07-02 is newer than cache token 20260519js/renderers/usdd.js: latest commit 2026-04-02 is newer than cache token 20260331js/renderers/usdm.js: latest commit 2026-07-30 is newer than cache token 20260518bFrom https://github.com/todayindefi/backing-monitor
 * branch                main       -> FETCH_HEAD
Tue Aug 18 02:45:02 PM CST 2026: WARNING renderer cache tokens are stale (index.html may serve cached code):
js/renderers/crvusd.js: latest commit 2026-07-28 is newer than cache token 20260608ajs/renderers/ethena.js: latest commit 2026-06-09 is newer than cache token 20260608ajs/renderers/hastra-prime.js: latest commit 2026-07-31 is newer than cache token 20260729ajs/renderers/mstr.js: latest commit 2026-08-11 is newer than cache token 20260714ajs/renderers/strc.js: latest commit 2026-08-11 is newer than cache token 20260714ajs/renderers/thusd.js: latest commit 2026-07-02 is newer than cache token 20260519js/renderers/usdd.js: latest commit 2026-04-02 is newer than cache token 20260331js/renderers/usdm.js: latest commit 2026-07-30 is newer than cache token 20260518bFrom https://github.com/todayindefi/backing-monitor
 * branch                main       -> FETCH_HEAD
Tue Aug 18 03:45:02 PM CST 2026: WARNING renderer cache tokens are stale (index.html may serve cached code):
js/renderers/crvusd.js: latest commit 2026-07-28 is newer than cache token 20260608ajs/renderers/ethena.js: latest commit 2026-06-09 is newer than cache token 20260608ajs/renderers/hastra-prime.js: latest commit 2026-07-31 is newer than cache token 20260729ajs/renderers/mstr.js: latest commit 2026-08-11 is newer than cache token 20260714ajs/renderers/strc.js: latest commit 2026-08-11 is newer than cache token 20260714ajs/renderers/thusd.js: latest commit 2026-07-02 is newer than cache token 20260519js/renderers/usdd.js: latest commit 2026-04-02 is newer than cache token 20260331js/renderers/usdm.js: latest commit 2026-07-30 is newer than cache token 20260518bFrom https://github.com/todayindefi/backing-monitor
 * branch                main       -> FETCH_HEAD
Tue Aug 18 04:45:02 PM CST 2026: WARNING renderer cache tokens are stale (index.html may serve cached code):
js/renderers/crvusd.js: latest commit 2026-07-28 is newer than cache token 20260608ajs/renderers/ethena.js: latest commit 2026-06-09 is newer than cache token 20260608ajs/renderers/hastra-prime.js: latest commit 2026-07-31 is newer than cache token 20260729ajs/renderers/mstr.js: latest commit 2026-08-11 is newer than cache token 20260714ajs/renderers/strc.js: latest commit 2026-08-11 is newer than cache token 20260714ajs/renderers/thusd.js: latest commit 2026-07-02 is newer than cache token 20260519js/renderers/usdd.js: latest commit 2026-04-02 is newer than cache token 20260331js/renderers/usdm.js: latest commit 2026-07-30 is newer than cache token 20260518bFrom https://github.com/todayindefi/backing-monitor
 * branch                main       -> FETCH_HEAD
Tue Aug 18 05:45:02 PM CST 2026: WARNING renderer cache tokens are stale (index.html may serve cached code):
js/renderers/crvusd.js: latest commit 2026-07-28 is newer than cache token 20260608ajs/renderers/ethena.js: latest commit 2026-06-09 is newer than cache token 20260608ajs/renderers/hastra-prime.js: latest commit 2026-07-31 is newer than cache token 20260729ajs/renderers/mstr.js: latest commit 2026-08-11 is newer than cache token 20260714ajs/renderers/strc.js: latest commit 2026-08-11 is newer than cache token 20260714ajs/renderers/thusd.js: latest commit 2026-07-02 is newer than cache token 20260519js/renderers/usdd.js: latest commit 2026-04-02 is newer than cache token 20260331js/renderers/usdm.js: latest commit 2026-07-30 is newer than cache token 20260518bFrom https://github.com/todayindefi/backing-monitor
 * branch                main       -> FETCH_HEAD
Tue Aug 18 06:45:02 PM CST 2026: WARNING renderer cache tokens are stale (index.html may serve cached code):
js/renderers/crvusd.js: latest commit 2026-07-28 is newer than cache token 20260608ajs/renderers/ethena.js: latest commit 2026-06-09 is newer than cache token 20260608ajs/renderers/hastra-prime.js: latest commit 2026-07-31 is newer than cache token 20260729ajs/renderers/mstr.js: latest commit 2026-08-11 is newer than cache token 20260714ajs/renderers/strc.js: latest commit 2026-08-11 is newer than cache token 20260714ajs/renderers/thusd.js: latest commit 2026-07-02 is newer than cache token 20260519js/renderers/usdd.js: latest commit 2026-04-02 is newer than cache token 20260331js/renderers/usdm.js: latest commit 2026-07-30 is newer than cache token 20260518bFrom https://github.com/todayindefi/backing-monitor
 * branch                main       -> FETCH_HEAD
Tue Aug 18 07:45:02 PM CST 2026: WARNING renderer cache tokens are stale (index.html may serve cached code):
js/renderers/crvusd.js: latest commit 2026-07-28 is newer than cache token 20260608ajs/renderers/ethena.js: latest commit 2026-06-09 is newer than cache token 20260608ajs/renderers/hastra-prime.js: latest commit 2026-07-31 is newer than cache token 20260729ajs/renderers/mstr.js: latest commit 2026-08-11 is newer than cache token 20260714ajs/renderers/strc.js: latest commit 2026-08-11 is newer than cache token 20260714ajs/renderers/thusd.js: latest commit 2026-07-02 is newer than cache token 20260519js/renderers/usdd.js: latest commit 2026-04-02 is newer than cache token 20260331js/renderers/usdm.js: latest commit 2026-07-30 is newer than cache token 20260518bFrom https://github.com/todayindefi/backing-monitor
 * branch                main       -> FETCH_HEAD
Tue Aug 18 08:45:03 PM CST 2026: WARNING renderer cache tokens are stale (index.html may serve cached code):
js/renderers/crvusd.js: latest commit 2026-07-28 is newer than cache token 20260608ajs/renderers/ethena.js: latest commit 2026-06-09 is newer than cache token 20260608ajs/renderers/hastra-prime.js: latest commit 2026-07-31 is newer than cache token 20260729ajs/renderers/mstr.js: latest commit 2026-08-11 is newer than cache token 20260714ajs/renderers/strc.js: latest commit 2026-08-11 is newer than cache token 20260714ajs/renderers/thusd.js: latest commit 2026-07-02 is newer than cache token 20260519js/renderers/usdd.js: latest commit 2026-04-02 is newer than cache token 20260331js/renderers/usdm.js: latest commit 2026-07-30 is newer than cache token 20260518bFrom https://github.com/todayindefi/backing-monitor
 * branch                main       -> FETCH_HEAD
Tue Aug 18 09:45:03 PM CST 2026: WARNING renderer cache tokens are stale (index.html may serve cached code):
js/renderers/crvusd.js: latest commit 2026-07-28 is newer than cache token 20260608ajs/renderers/ethena.js: latest commit 2026-06-09 is newer than cache token 20260608ajs/renderers/hastra-prime.js: latest commit 2026-07-31 is newer than cache token 20260729ajs/renderers/mstr.js: latest commit 2026-08-11 is newer than cache token 20260714ajs/renderers/strc.js: latest commit 2026-08-11 is newer than cache token 20260714ajs/renderers/thusd.js: latest commit 2026-07-02 is newer than cache token 20260519js/renderers/usdd.js: latest commit 2026-04-02 is newer than cache token 20260331js/renderers/usdm.js: latest commit 2026-07-30 is newer than cache token 20260518bFrom https://github.com/todayindefi/backing-monitor
 * branch                main       -> FETCH_HEAD
Tue Aug 18 10:45:02 PM CST 2026: WARNING renderer cache tokens are stale (index.html may serve cached code):
js/renderers/crvusd.js: latest commit 2026-07-28 is newer than cache token 20260608ajs/renderers/ethena.js: latest commit 2026-06-09 is newer than cache token 20260608ajs/renderers/hastra-prime.js: latest commit 2026-07-31 is newer than cache token 20260729ajs/renderers/mstr.js: latest commit 2026-08-11 is newer than cache token 20260714ajs/renderers/strc.js: latest commit 2026-08-11 is newer than cache token 20260714ajs/renderers/thusd.js: latest commit 2026-07-02 is newer than cache token 20260519js/renderers/usdd.js: latest commit 2026-04-02 is newer than cache token 20260331js/renderers/usdm.js: latest commit 2026-07-30 is newer than cache token 20260518bFrom https://github.com/todayindefi/backing-monitor
 * branch                main       -> FETCH_HEAD
Tue Aug 18 11:45:02 PM CST 2026: WARNING renderer cache tokens are stale (index.html may serve cached code):
js/renderers/crvusd.js: latest commit 2026-07-28 is newer than cache token 20260608ajs/renderers/ethena.js: latest commit 2026-06-09 is newer than cache token 20260608ajs/renderers/hastra-prime.js: latest commit 2026-07-31 is newer than cache token 20260729ajs/renderers/mstr.js: latest commit 2026-08-11 is newer than cache token 20260714ajs/renderers/strc.js: latest commit 2026-08-11 is newer than cache token 20260714ajs/renderers/thusd.js: latest commit 2026-07-02 is newer than cache token 20260519js/renderers/usdd.js: latest commit 2026-04-02 is newer than cache token 20260331js/renderers/usdm.js: latest commit 2026-07-30 is newer than cache token 20260518bFrom https://github.com/todayindefi/backing-monitor
 * branch                main       -> FETCH_HEAD
Wed Aug 19 12:45:03 AM CST 2026: WARNING renderer cache tokens are stale (index.html may serve cached code):
js/renderers/crvusd.js: latest commit 2026-07-28 is newer than cache token 20260608ajs/renderers/ethena.js: latest commit 2026-06-09 is newer than cache token 20260608ajs/renderers/hastra-prime.js: latest commit 2026-07-31 is newer than cache token 20260729ajs/renderers/mstr.js: latest commit 2026-08-11 is newer than cache token 20260714ajs/renderers/strc.js: latest commit 2026-08-11 is newer than cache token 20260714ajs/renderers/thusd.js: latest commit 2026-07-02 is newer than cache token 20260519js/renderers/usdd.js: latest commit 2026-04-02 is newer than cache token 20260331js/renderers/usdm.js: latest commit 2026-07-30 is newer than cache token 20260518bFrom https://github.com/todayindefi/backing-monitor
 * branch                main       -> FETCH_HEAD
Wed Aug 19 01:45:03 AM CST 2026: WARNING renderer cache tokens are stale (index.html may serve cached code):
js/renderers/crvusd.js: latest commit 2026-07-28 is newer than cache token 20260608ajs/renderers/ethena.js: latest commit 2026-06-09 is newer than cache token 20260608ajs/renderers/hastra-prime.js: latest commit 2026-07-31 is newer than cache token 20260729ajs/renderers/mstr.js: latest commit 2026-08-11 is newer than cache token 20260714ajs/renderers/strc.js: latest commit 2026-08-11 is newer than cache token 20260714ajs/renderers/thusd.js: latest commit 2026-07-02 is newer than cache token 20260519js/renderers/usdd.js: latest commit 2026-04-02 is newer than cache token 20260331js/renderers/usdm.js: latest commit 2026-07-30 is newer than cache token 20260518bFrom https://github.com/todayindefi/backing-monitor
 * branch                main       -> FETCH_HEAD
Wed Aug 19 02:45:02 AM CST 2026: WARNING renderer cache tokens are stale (index.html may serve cached code):
js/renderers/crvusd.js: latest commit 2026-07-28 is newer than cache token 20260608ajs/renderers/ethena.js: latest commit 2026-06-09 is newer than cache token 20260608ajs/renderers/hastra-prime.js: latest commit 2026-07-31 is newer than cache token 20260729ajs/renderers/mstr.js: latest commit 2026-08-11 is newer than cache token 20260714ajs/renderers/strc.js: latest commit 2026-08-11 is newer than cache token 20260714ajs/renderers/thusd.js: latest commit 2026-07-02 is newer than cache token 20260519js/renderers/usdd.js: latest commit 2026-04-02 is newer than cache token 20260331js/renderers/usdm.js: latest commit 2026-07-30 is newer than cache token 20260518bFrom https://github.com/todayindefi/backing-monitor
 * branch                main       -> FETCH_HEAD
Wed Aug 19 03:45:02 AM CST 2026: WARNING renderer cache tokens are stale (index.html may serve cached code):
js/renderers/crvusd.js: latest commit 2026-07-28 is newer than cache token 20260608ajs/renderers/ethena.js: latest commit 2026-06-09 is newer than cache token 20260608ajs/renderers/hastra-prime.js: latest commit 2026-07-31 is newer than cache token 20260729ajs/renderers/mstr.js: latest commit 2026-08-11 is newer than cache token 20260714ajs/renderers/strc.js: latest commit 2026-08-11 is newer than cache token 20260714ajs/renderers/thusd.js: latest commit 2026-07-02 is newer than cache token 20260519js/renderers/usdd.js: latest commit 2026-04-02 is newer than cache token 20260331js/renderers/usdm.js: latest commit 2026-07-30 is newer than cache token 20260518bFrom https://github.com/todayindefi/backing-monitor
 * branch                main       -> FETCH_HEAD
Wed Aug 19 04:45:03 AM CST 2026: WARNING renderer cache tokens are stale (index.html may serve cached code):
js/renderers/crvusd.js: latest commit 2026-07-28 is newer than cache token 20260608ajs/renderers/ethena.js: latest commit 2026-06-09 is newer than cache token 20260608ajs/renderers/hastra-prime.js: latest commit 2026-07-31 is newer than cache token 20260729ajs/renderers/mstr.js: latest commit 2026-08-11 is newer than cache token 20260714ajs/renderers/strc.js: latest commit 2026-08-11 is newer than cache token 20260714ajs/renderers/thusd.js: latest commit 2026-07-02 is newer than cache token 20260519js/renderers/usdd.js: latest commit 2026-04-02 is newer than cache token 20260331js/renderers/usdm.js: latest commit 2026-07-30 is newer than cache token 20260518bFrom https://github.com/todayindefi/backing-monitor
 * branch                main       -> FETCH_HEAD
Wed Aug 19 05:45:02 AM CST 2026: WARNING renderer cache tokens are stale (index.html may serve cached code):
js/renderers/crvusd.js: latest commit 2026-07-28 is newer than cache token 20260608ajs/renderers/ethena.js: latest commit 2026-06-09 is newer than cache token 20260608ajs/renderers/hastra-prime.js: latest commit 2026-07-31 is newer than cache token 20260729ajs/renderers/mstr.js: latest commit 2026-08-11 is newer than cache token 20260714ajs/renderers/strc.js: latest commit 2026-08-11 is newer than cache token 20260714ajs/renderers/thusd.js: latest commit 2026-07-02 is newer than cache token 20260519js/renderers/usdd.js: latest commit 2026-04-02 is newer than cache token 20260331js/renderers/usdm.js: latest commit 2026-07-30 is newer than cache token 20260518bFrom https://github.com/todayindefi/backing-monitor
 * branch                main       -> FETCH_HEAD
Wed Aug 19 06:45:02 AM CST 2026: WARNING renderer cache tokens are stale (index.html may serve cached code):
js/renderers/crvusd.js: latest commit 2026-07-28 is newer than cache token 20260608ajs/renderers/ethena.js: latest commit 2026-06-09 is newer than cache token 20260608ajs/renderers/hastra-prime.js: latest commit 2026-07-31 is newer than cache token 20260729ajs/renderers/mstr.js: latest commit 2026-08-11 is newer than cache token 20260714ajs/renderers/strc.js: latest commit 2026-08-11 is newer than cache token 20260714ajs/renderers/thusd.js: latest commit 2026-07-02 is newer than cache token 20260519js/renderers/usdd.js: latest commit 2026-04-02 is newer than cache token 20260331js/renderers/usdm.js: latest commit 2026-07-30 is newer than cache token 20260518bFrom https://github.com/todayindefi/backing-monitor
 * branch                main       -> FETCH_HEAD
Wed Aug 19 07:45:02 AM CST 2026: WARNING renderer cache tokens are stale (index.html may serve cached code):
js/renderers/crvusd.js: latest commit 2026-07-28 is newer than cache token 20260608ajs/renderers/ethena.js: latest commit 2026-06-09 is newer than cache token 20260608ajs/renderers/hastra-prime.js: latest commit 2026-07-31 is newer than cache token 20260729ajs/renderers/mstr.js: latest commit 2026-08-11 is newer than cache token 20260714ajs/renderers/strc.js: latest commit 2026-08-11 is newer than cache token 20260714ajs/renderers/thusd.js: latest commit 2026-07-02 is newer than cache token 20260519js/renderers/usdd.js: latest commit 2026-04-02 is newer than cache token 20260331js/renderers/usdm.js: latest commit 2026-07-30 is newer than cache token 20260518bFrom https://github.com/todayindefi/backing-monitor
 * branch                main       -> FETCH_HEAD
Wed Aug 19 08:45:03 AM CST 2026: WARNING renderer cache tokens are stale (index.html may serve cached code):
js/renderers/crvusd.js: latest commit 2026-07-28 is newer than cache token 20260608ajs/renderers/ethena.js: latest commit 2026-06-09 is newer than cache token 20260608ajs/renderers/hastra-prime.js: latest commit 2026-07-31 is newer than cache token 20260729ajs/renderers/mstr.js: latest commit 2026-08-11 is newer than cache token 20260714ajs/renderers/strc.js: latest commit 2026-08-11 is newer than cache token 20260714ajs/renderers/thusd.js: latest commit 2026-07-02 is newer than cache token 20260519js/renderers/usdd.js: latest commit 2026-04-02 is newer than cache token 20260331js/renderers/usdm.js: latest commit 2026-07-30 is newer than cache token 20260518bFrom https://github.com/todayindefi/backing-monitor
 * branch                main       -> FETCH_HEAD
Wed Aug 19 09:45:02 AM CST 2026: WARNING renderer cache tokens are stale (index.html may serve cached code):
js/renderers/crvusd.js: latest commit 2026-07-28 is newer than cache token 20260608ajs/renderers/ethena.js: latest commit 2026-06-09 is newer than cache token 20260608ajs/renderers/hastra-prime.js: latest commit 2026-07-31 is newer than cache token 20260729ajs/renderers/mstr.js: latest commit 2026-08-11 is newer than cache token 20260714ajs/renderers/strc.js: latest commit 2026-08-11 is newer than cache token 20260714ajs/renderers/thusd.js: latest commit 2026-07-02 is newer than cache token 20260519js/renderers/usdd.js: latest commit 2026-04-02 is newer than cache token 20260331js/renderers/usdm.js: latest commit 2026-07-30 is newer than cache token 20260518bFrom https://github.com/todayindefi/backing-monitor
 * branch                main       -> FETCH_HEAD
Wed Aug 19 10:45:03 AM CST 2026: WARNING renderer cache tokens are stale (index.html may serve cached code):
js/renderers/crvusd.js: latest commit 2026-07-28 is newer than cache token 20260608ajs/renderers/ethena.js: latest commit 2026-06-09 is newer than cache token 20260608ajs/renderers/hastra-prime.js: latest commit 2026-07-31 is newer than cache token 20260729ajs/renderers/mstr.js: latest commit 2026-08-11 is newer than cache token 20260714ajs/renderers/strc.js: latest commit 2026-08-11 is newer than cache token 20260714ajs/renderers/thusd.js: latest commit 2026-07-02 is newer than cache token 20260519js/renderers/usdd.js: latest commit 2026-04-02 is newer than cache token 20260331js/renderers/usdm.js: latest commit 2026-07-30 is newer than cache token 20260518bFrom https://github.com/todayindefi/backing-monitor
 * branch                main       -> FETCH_HEAD
Wed Aug 19 11:45:02 AM CST 2026: WARNING renderer cache tokens are stale (index.html may serve cached code):
js/renderers/crvusd.js: latest commit 2026-07-28 is newer than cache token 20260608ajs/renderers/ethena.js: latest commit 2026-06-09 is newer than cache token 20260608ajs/renderers/hastra-prime.js: latest commit 2026-07-31 is newer than cache token 20260729ajs/renderers/mstr.js: latest commit 2026-08-11 is newer than cache token 20260714ajs/renderers/strc.js: latest commit 2026-08-11 is newer than cache token 20260714ajs/renderers/thusd.js: latest commit 2026-07-02 is newer than cache token 20260519js/renderers/usdd.js: latest commit 2026-04-02 is newer than cache token 20260331js/renderers/usdm.js: latest commit 2026-07-30 is newer than cache token 20260518bFrom https://github.com/todayindefi/backing-monitor
 * branch                main       -> FETCH_HEAD
Wed Aug 19 12:45:02 PM CST 2026: WARNING renderer cache tokens are stale (index.html may serve cached code):
js/renderers/crvusd.js: latest commit 2026-07-28 is newer than cache token 20260608ajs/renderers/ethena.js: latest commit 2026-06-09 is newer than cache token 20260608ajs/renderers/hastra-prime.js: latest commit 2026-07-31 is newer than cache token 20260729ajs/renderers/mstr.js: latest commit 2026-08-11 is newer than cache token 20260714ajs/renderers/strc.js: latest commit 2026-08-11 is newer than cache token 20260714ajs/renderers/thusd.js: latest commit 2026-07-02 is newer than cache token 20260519js/renderers/usdd.js: latest commit 2026-04-02 is newer than cache token 20260331js/renderers/usdm.js: latest commit 2026-07-30 is newer than cache token 20260518bFrom https://github.com/todayindefi/backing-monitor
 * branch                main       -> FETCH_HEAD
Wed Aug 19 01:45:02 PM CST 2026: WARNING renderer cache tokens are stale (index.html may serve cached code):
js/renderers/crvusd.js: latest commit 2026-07-28 is newer than cache token 20260608ajs/renderers/ethena.js: latest commit 2026-06-09 is newer than cache token 20260608ajs/renderers/hastra-prime.js: latest commit 2026-07-31 is newer than cache token 20260729ajs/renderers/mstr.js: latest commit 2026-08-11 is newer than cache token 20260714ajs/renderers/strc.js: latest commit 2026-08-11 is newer than cache token 20260714ajs/renderers/thusd.js: latest commit 2026-07-02 is newer than cache token 20260519js/renderers/usdd.js: latest commit 2026-04-02 is newer than cache token 20260331js/renderers/usdm.js: latest commit 2026-07-30 is newer than cache token 20260518bFrom https://github.com/todayindefi/backing-monitor
 * branch                main       -> FETCH_HEAD
Wed Aug 19 02:45:02 PM CST 2026: WARNING renderer cache tokens are stale (index.html may serve cached code):
js/renderers/crvusd.js: latest commit 2026-07-28 is newer than cache token 20260608ajs/renderers/ethena.js: latest commit 2026-06-09 is newer than cache token 20260608ajs/renderers/hastra-prime.js: latest commit 2026-07-31 is newer than cache token 20260729ajs/renderers/mstr.js: latest commit 2026-08-11 is newer than cache token 20260714ajs/renderers/strc.js: latest commit 2026-08-11 is newer than cache token 20260714ajs/renderers/thusd.js: latest commit 2026-07-02 is newer than cache token 20260519js/renderers/usdd.js: latest commit 2026-04-02 is newer than cache token 20260331js/renderers/usdm.js: latest commit 2026-07-30 is newer than cache token 20260518bFrom https://github.com/todayindefi/backing-monitor
 * branch                main       -> FETCH_HEAD
Wed Aug 19 03:45:03 PM CST 2026: WARNING renderer cache tokens are stale (index.html may serve cached code):
js/renderers/crvusd.js: latest commit 2026-07-28 is newer than cache token 20260608ajs/renderers/ethena.js: latest commit 2026-06-09 is newer than cache token 20260608ajs/renderers/hastra-prime.js: latest commit 2026-07-31 is newer than cache token 20260729ajs/renderers/mstr.js: latest commit 2026-08-11 is newer than cache token 20260714ajs/renderers/strc.js: latest commit 2026-08-11 is newer than cache token 20260714ajs/renderers/thusd.js: latest commit 2026-07-02 is newer than cache token 20260519js/renderers/usdd.js: latest commit 2026-04-02 is newer than cache token 20260331js/renderers/usdm.js: latest commit 2026-07-30 is newer than cache token 20260518bFrom https://github.com/todayindefi/backing-monitor
 * branch                main       -> FETCH_HEAD
Wed Aug 19 04:45:03 PM CST 2026: WARNING renderer cache tokens are stale (index.html may serve cached code):
js/renderers/crvusd.js: latest commit 2026-07-28 is newer than cache token 20260608ajs/renderers/ethena.js: latest commit 2026-06-09 is newer than cache token 20260608ajs/renderers/hastra-prime.js: latest commit 2026-07-31 is newer than cache token 20260729ajs/renderers/mstr.js: latest commit 2026-08-11 is newer than cache token 20260714ajs/renderers/strc.js: latest commit 2026-08-11 is newer than cache token 20260714ajs/renderers/thusd.js: latest commit 2026-07-02 is newer than cache token 20260519js/renderers/usdd.js: latest commit 2026-04-02 is newer than cache token 20260331js/renderers/usdm.js: latest commit 2026-07-30 is newer than cache token 20260518bFrom https://github.com/todayindefi/backing-monitor
 * branch                main       -> FETCH_HEAD
Wed Aug 19 05:45:02 PM CST 2026: WARNING renderer cache tokens are stale (index.html may serve cached code):
js/renderers/crvusd.js: latest commit 2026-07-28 is newer than cache token 20260608ajs/renderers/ethena.js: latest commit 2026-06-09 is newer than cache token 20260608ajs/renderers/hastra-prime.js: latest commit 2026-07-31 is newer than cache token 20260729ajs/renderers/mstr.js: latest commit 2026-08-11 is newer than cache token 20260714ajs/renderers/strc.js: latest commit 2026-08-11 is newer than cache token 20260714ajs/renderers/thusd.js: latest commit 2026-07-02 is newer than cache token 20260519js/renderers/usdd.js: latest commit 2026-04-02 is newer than cache token 20260331js/renderers/usdm.js: latest commit 2026-07-30 is newer than cache token 20260518bFrom https://github.com/todayindefi/backing-monitor
 * branch                main       -> FETCH_HEAD
Wed Aug 19 06:45:03 PM CST 2026: WARNING renderer cache tokens are stale (index.html may serve cached code):
js/renderers/crvusd.js: latest commit 2026-07-28 is newer than cache token 20260608ajs/renderers/ethena.js: latest commit 2026-06-09 is newer than cache token 20260608ajs/renderers/hastra-prime.js: latest commit 2026-07-31 is newer than cache token 20260729ajs/renderers/mstr.js: latest commit 2026-08-11 is newer than cache token 20260714ajs/renderers/strc.js: latest commit 2026-08-11 is newer than cache token 20260714ajs/renderers/thusd.js: latest commit 2026-07-02 is newer than cache token 20260519js/renderers/usdd.js: latest commit 2026-04-02 is newer than cache token 20260331js/renderers/usdm.js: latest commit 2026-07-30 is newer than cache token 20260518bFrom https://github.com/todayindefi/backing-monitor
 * branch                main       -> FETCH_HEAD
Wed Aug 19 07:45:02 PM CST 2026: WARNING renderer cache tokens are stale (index.html may serve cached code):
js/renderers/crvusd.js: latest commit 2026-07-28 is newer than cache token 20260608ajs/renderers/ethena.js: latest commit 2026-06-09 is newer than cache token 20260608ajs/renderers/hastra-prime.js: latest commit 2026-07-31 is newer than cache token 20260729ajs/renderers/mstr.js: latest commit 2026-08-11 is newer than cache token 20260714ajs/renderers/strc.js: latest commit 2026-08-11 is newer than cache token 20260714ajs/renderers/thusd.js: latest commit 2026-07-02 is newer than cache token 20260519js/renderers/usdd.js: latest commit 2026-04-02 is newer than cache token 20260331js/renderers/usdm.js: latest commit 2026-07-30 is newer than cache token 20260518bFrom https://github.com/todayindefi/backing-monitor
 * branch                main       -> FETCH_HEAD
Wed Aug 19 08:45:03 PM CST 2026: WARNING renderer cache tokens are stale (index.html may serve cached code):
js/renderers/crvusd.js: latest commit 2026-07-28 is newer than cache token 20260608ajs/renderers/ethena.js: latest commit 2026-06-09 is newer than cache token 20260608ajs/renderers/hastra-prime.js: latest commit 2026-07-31 is newer than cache token 20260729ajs/renderers/mstr.js: latest commit 2026-08-11 is newer than cache token 20260714ajs/renderers/strc.js: latest commit 2026-08-11 is newer than cache token 20260714ajs/renderers/thusd.js: latest commit 2026-07-02 is newer than cache token 20260519js/renderers/usdd.js: latest commit 2026-04-02 is newer than cache token 20260331js/renderers/usdm.js: latest commit 2026-07-30 is newer than cache token 20260518bFrom https://github.com/todayindefi/backing-monitor
 * branch                main       -> FETCH_HEAD
Wed Aug 19 09:45:02 PM CST 2026: WARNING renderer cache tokens are stale (index.html may serve cached code):
js/renderers/crvusd.js: latest commit 2026-07-28 is newer than cache token 20260608ajs/renderers/ethena.js: latest commit 2026-06-09 is newer than cache token 20260608ajs/renderers/hastra-prime.js: latest commit 2026-07-31 is newer than cache token 20260729ajs/renderers/mstr.js: latest commit 2026-08-11 is newer than cache token 20260714ajs/renderers/strc.js: latest commit 2026-08-11 is newer than cache token 20260714ajs/renderers/thusd.js: latest commit 2026-07-02 is newer than cache token 20260519js/renderers/usdd.js: latest commit 2026-04-02 is newer than cache token 20260331js/renderers/usdm.js: latest commit 2026-07-30 is newer than cache token 20260518bFrom https://github.com/todayindefi/backing-monitor
 * branch                main       -> FETCH_HEAD
Wed Aug 19 10:45:02 PM CST 2026: WARNING renderer cache tokens are stale (index.html may serve cached code):
js/renderers/crvusd.js: latest commit 2026-07-28 is newer than cache token 20260608ajs/renderers/ethena.js: latest commit 2026-06-09 is newer than cache token 20260608ajs/renderers/hastra-prime.js: latest commit 2026-07-31 is newer than cache token 20260729ajs/renderers/mstr.js: latest commit 2026-08-11 is newer than cache token 20260714ajs/renderers/strc.js: latest commit 2026-08-11 is newer than cache token 20260714ajs/renderers/thusd.js: latest commit 2026-07-02 is newer than cache token 20260519js/renderers/usdd.js: latest commit 2026-04-02 is newer than cache token 20260331js/renderers/usdm.js: latest commit 2026-07-30 is newer than cache token 20260518bFrom https://github.com/todayindefi/backing-monitor
 * branch                main       -> FETCH_HEAD
Wed Aug 19 11:45:03 PM CST 2026: WARNING renderer cache tokens are stale (index.html may serve cached code):
js/renderers/crvusd.js: latest commit 2026-07-28 is newer than cache token 20260608ajs/renderers/ethena.js: latest commit 2026-06-09 is newer than cache token 20260608ajs/renderers/hastra-prime.js: latest commit 2026-07-31 is newer than cache token 20260729ajs/renderers/mstr.js: latest commit 2026-08-11 is newer than cache token 20260714ajs/renderers/strc.js: latest commit 2026-08-11 is newer than cache token 20260714ajs/renderers/thusd.js: latest commit 2026-07-02 is newer than cache token 20260519js/renderers/usdd.js: latest commit 2026-04-02 is newer than cache token 20260331js/renderers/usdm.js: latest commit 2026-07-30 is newer than cache token 20260518bFrom https://github.com/todayindefi/backing-monitor
 * branch                main       -> FETCH_HEAD
Thu Aug 20 12:45:03 AM CST 2026: WARNING renderer cache tokens are stale (index.html may serve cached code):
js/renderers/crvusd.js: latest commit 2026-07-28 is newer than cache token 20260608ajs/renderers/ethena.js: latest commit 2026-06-09 is newer than cache token 20260608ajs/renderers/hastra-prime.js: latest commit 2026-07-31 is newer than cache token 20260729ajs/renderers/mstr.js: latest commit 2026-08-11 is newer than cache token 20260714ajs/renderers/strc.js: latest commit 2026-08-11 is newer than cache token 20260714ajs/renderers/thusd.js: latest commit 2026-07-02 is newer than cache token 20260519js/renderers/usdd.js: latest commit 2026-04-02 is newer than cache token 20260331js/renderers/usdm.js: latest commit 2026-07-30 is newer than cache token 20260518bFrom https://github.com/todayindefi/backing-monitor
 * branch                main       -> FETCH_HEAD
Thu Aug 20 01:45:02 AM CST 2026: WARNING renderer cache tokens are stale (index.html may serve cached code):
js/renderers/crvusd.js: latest commit 2026-07-28 is newer than cache token 20260608ajs/renderers/ethena.js: latest commit 2026-06-09 is newer than cache token 20260608ajs/renderers/hastra-prime.js: latest commit 2026-07-31 is newer than cache token 20260729ajs/renderers/mstr.js: latest commit 2026-08-11 is newer than cache token 20260714ajs/renderers/strc.js: latest commit 2026-08-11 is newer than cache token 20260714ajs/renderers/thusd.js: latest commit 2026-07-02 is newer than cache token 20260519js/renderers/usdd.js: latest commit 2026-04-02 is newer than cache token 20260331js/renderers/usdm.js: latest commit 2026-07-30 is newer than cache token 20260518bFrom https://github.com/todayindefi/backing-monitor
 * branch                main       -> FETCH_HEAD
Thu Aug 20 02:45:02 AM CST 2026: WARNING renderer cache tokens are stale (index.html may serve cached code):
js/renderers/crvusd.js: latest commit 2026-07-28 is newer than cache token 20260608ajs/renderers/ethena.js: latest commit 2026-06-09 is newer than cache token 20260608ajs/renderers/hastra-prime.js: latest commit 2026-07-31 is newer than cache token 20260729ajs/renderers/mstr.js: latest commit 2026-08-11 is newer than cache token 20260714ajs/renderers/strc.js: latest commit 2026-08-11 is newer than cache token 20260714ajs/renderers/thusd.js: latest commit 2026-07-02 is newer than cache token 20260519js/renderers/usdd.js: latest commit 2026-04-02 is newer than cache token 20260331js/renderers/usdm.js: latest commit 2026-07-30 is newer than cache token 20260518bFrom https://github.com/todayindefi/backing-monitor
 * branch                main       -> FETCH_HEAD
Thu Aug 20 03:45:02 AM CST 2026: WARNING renderer cache tokens are stale (index.html may serve cached code):
js/renderers/crvusd.js: latest commit 2026-07-28 is newer than cache token 20260608ajs/renderers/ethena.js: latest commit 2026-06-09 is newer than cache token 20260608ajs/renderers/hastra-prime.js: latest commit 2026-07-31 is newer than cache token 20260729ajs/renderers/mstr.js: latest commit 2026-08-11 is newer than cache token 20260714ajs/renderers/strc.js: latest commit 2026-08-11 is newer than cache token 20260714ajs/renderers/thusd.js: latest commit 2026-07-02 is newer than cache token 20260519js/renderers/usdd.js: latest commit 2026-04-02 is newer than cache token 20260331js/renderers/usdm.js: latest commit 2026-07-30 is newer than cache token 20260518bFrom https://github.com/todayindefi/backing-monitor
 * branch                main       -> FETCH_HEAD
Thu Aug 20 04:45:02 AM CST 2026: WARNING renderer cache tokens are stale (index.html may serve cached code):
js/renderers/crvusd.js: latest commit 2026-07-28 is newer than cache token 20260608ajs/renderers/ethena.js: latest commit 2026-06-09 is newer than cache token 20260608ajs/renderers/hastra-prime.js: latest commit 2026-07-31 is newer than cache token 20260729ajs/renderers/mstr.js: latest commit 2026-08-11 is newer than cache token 20260714ajs/renderers/strc.js: latest commit 2026-08-11 is newer than cache token 20260714ajs/renderers/thusd.js: latest commit 2026-07-02 is newer than cache token 20260519js/renderers/usdd.js: latest commit 2026-04-02 is newer than cache token 20260331js/renderers/usdm.js: latest commit 2026-07-30 is newer than cache token 20260518bFrom https://github.com/todayindefi/backing-monitor
 * branch                main       -> FETCH_HEAD
Thu Aug 20 05:45:03 AM CST 2026: WARNING renderer cache tokens are stale (index.html may serve cached code):
js/renderers/crvusd.js: latest commit 2026-07-28 is newer than cache token 20260608ajs/renderers/ethena.js: latest commit 2026-06-09 is newer than cache token 20260608ajs/renderers/hastra-prime.js: latest commit 2026-07-31 is newer than cache token 20260729ajs/renderers/mstr.js: latest commit 2026-08-11 is newer than cache token 20260714ajs/renderers/strc.js: latest commit 2026-08-11 is newer than cache token 20260714ajs/renderers/thusd.js: latest commit 2026-07-02 is newer than cache token 20260519js/renderers/usdd.js: latest commit 2026-04-02 is newer than cache token 20260331js/renderers/usdm.js: latest commit 2026-07-30 is newer than cache token 20260518bFrom https://github.com/todayindefi/backing-monitor
 * branch                main       -> FETCH_HEAD
Thu Aug 20 06:45:03 AM CST 2026: WARNING renderer cache tokens are stale (index.html may serve cached code):
js/renderers/crvusd.js: latest commit 2026-07-28 is newer than cache token 20260608ajs/renderers/ethena.js: latest commit 2026-06-09 is newer than cache token 20260608ajs/renderers/hastra-prime.js: latest commit 2026-07-31 is newer than cache token 20260729ajs/renderers/mstr.js: latest commit 2026-08-11 is newer than cache token 20260714ajs/renderers/strc.js: latest commit 2026-08-11 is newer than cache token 20260714ajs/renderers/thusd.js: latest commit 2026-07-02 is newer than cache token 20260519js/renderers/usdd.js: latest commit 2026-04-02 is newer than cache token 20260331js/renderers/usdm.js: latest commit 2026-07-30 is newer than cache token 20260518bFrom https://github.com/todayindefi/backing-monitor
 * branch                main       -> FETCH_HEAD
Thu Aug 20 07:45:02 AM CST 2026: WARNING renderer cache tokens are stale (index.html may serve cached code):
js/renderers/crvusd.js: latest commit 2026-07-28 is newer than cache token 20260608ajs/renderers/ethena.js: latest commit 2026-06-09 is newer than cache token 20260608ajs/renderers/hastra-prime.js: latest commit 2026-07-31 is newer than cache token 20260729ajs/renderers/mstr.js: latest commit 2026-08-11 is newer than cache token 20260714ajs/renderers/strc.js: latest commit 2026-08-11 is newer than cache token 20260714ajs/renderers/thusd.js: latest commit 2026-07-02 is newer than cache token 20260519js/renderers/usdd.js: latest commit 2026-04-02 is newer than cache token 20260331js/renderers/usdm.js: latest commit 2026-07-30 is newer than cache token 20260518bFrom https://github.com/todayindefi/backing-monitor
 * branch                main       -> FETCH_HEAD
Thu Aug 20 08:45:03 AM CST 2026: WARNING renderer cache tokens are stale (index.html may serve cached code):
js/renderers/crvusd.js: latest commit 2026-07-28 is newer than cache token 20260608ajs/renderers/ethena.js: latest commit 2026-06-09 is newer than cache token 20260608ajs/renderers/hastra-prime.js: latest commit 2026-07-31 is newer than cache token 20260729ajs/renderers/mstr.js: latest commit 2026-08-11 is newer than cache token 20260714ajs/renderers/strc.js: latest commit 2026-08-11 is newer than cache token 20260714ajs/renderers/thusd.js: latest commit 2026-07-02 is newer than cache token 20260519js/renderers/usdd.js: latest commit 2026-04-02 is newer than cache token 20260331js/renderers/usdm.js: latest commit 2026-07-30 is newer than cache token 20260518bFrom https://github.com/todayindefi/backing-monitor
 * branch                main       -> FETCH_HEAD
Thu Aug 20 09:45:02 AM CST 2026: WARNING renderer cache tokens are stale (index.html may serve cached code):
js/renderers/crvusd.js: latest commit 2026-07-28 is newer than cache token 20260608ajs/renderers/ethena.js: latest commit 2026-06-09 is newer than cache token 20260608ajs/renderers/hastra-prime.js: latest commit 2026-07-31 is newer than cache token 20260729ajs/renderers/mstr.js: latest commit 2026-08-11 is newer than cache token 20260714ajs/renderers/strc.js: latest commit 2026-08-11 is newer than cache token 20260714ajs/renderers/thusd.js: latest commit 2026-07-02 is newer than cache token 20260519js/renderers/usdd.js: latest commit 2026-04-02 is newer than cache token 20260331js/renderers/usdm.js: latest commit 2026-07-30 is newer than cache token 20260518bFrom https://github.com/todayindefi/backing-monitor
 * branch                main       -> FETCH_HEAD
Thu Aug 20 10:45:03 AM CST 2026: WARNING renderer cache tokens are stale (index.html may serve cached code):
js/renderers/crvusd.js: latest commit 2026-07-28 is newer than cache token 20260608ajs/renderers/ethena.js: latest commit 2026-06-09 is newer than cache token 20260608ajs/renderers/hastra-prime.js: latest commit 2026-07-31 is newer than cache token 20260729ajs/renderers/mstr.js: latest commit 2026-08-11 is newer than cache token 20260714ajs/renderers/strc.js: latest commit 2026-08-11 is newer than cache token 20260714ajs/renderers/thusd.js: latest commit 2026-07-02 is newer than cache token 20260519js/renderers/usdd.js: latest commit 2026-04-02 is newer than cache token 20260331js/renderers/usdm.js: latest commit 2026-07-30 is newer than cache token 20260518bFrom https://github.com/todayindefi/backing-monitor
 * branch                main       -> FETCH_HEAD
Thu Aug 20 11:45:03 AM CST 2026: WARNING renderer cache tokens are stale (index.html may serve cached code):
js/renderers/crvusd.js: latest commit 2026-07-28 is newer than cache token 20260608ajs/renderers/ethena.js: latest commit 2026-06-09 is newer than cache token 20260608ajs/renderers/hastra-prime.js: latest commit 2026-07-31 is newer than cache token 20260729ajs/renderers/mstr.js: latest commit 2026-08-11 is newer than cache token 20260714ajs/renderers/strc.js: latest commit 2026-08-11 is newer than cache token 20260714ajs/renderers/thusd.js: latest commit 2026-07-02 is newer than cache token 20260519js/renderers/usdd.js: latest commit 2026-04-02 is newer than cache token 20260331js/renderers/usdm.js: latest commit 2026-07-30 is newer than cache token 20260518bFrom https://github.com/todayindefi/backing-monitor
 * branch                main       -> FETCH_HEAD
Thu Aug 20 12:45:02 PM CST 2026: WARNING renderer cache tokens are stale (index.html may serve cached code):
js/renderers/crvusd.js: latest commit 2026-07-28 is newer than cache token 20260608ajs/renderers/ethena.js: latest commit 2026-06-09 is newer than cache token 20260608ajs/renderers/hastra-prime.js: latest commit 2026-07-31 is newer than cache token 20260729ajs/renderers/mstr.js: latest commit 2026-08-11 is newer than cache token 20260714ajs/renderers/strc.js: latest commit 2026-08-11 is newer than cache token 20260714ajs/renderers/thusd.js: latest commit 2026-07-02 is newer than cache token 20260519js/renderers/usdd.js: latest commit 2026-04-02 is newer than cache token 20260331js/renderers/usdm.js: latest commit 2026-07-30 is newer than cache token 20260518bFrom https://github.com/todayindefi/backing-monitor
 * branch                main       -> FETCH_HEAD
Thu Aug 20 01:45:02 PM CST 2026: WARNING renderer cache tokens are stale (index.html may serve cached code):
js/renderers/crvusd.js: latest commit 2026-07-28 is newer than cache token 20260608ajs/renderers/ethena.js: latest commit 2026-06-09 is newer than cache token 20260608ajs/renderers/hastra-prime.js: latest commit 2026-07-31 is newer than cache token 20260729ajs/renderers/mstr.js: latest commit 2026-08-11 is newer than cache token 20260714ajs/renderers/strc.js: latest commit 2026-08-11 is newer than cache token 20260714ajs/renderers/thusd.js: latest commit 2026-07-02 is newer than cache token 20260519js/renderers/usdd.js: latest commit 2026-04-02 is newer than cache token 20260331js/renderers/usdm.js: latest commit 2026-07-30 is newer than cache token 20260518bFrom https://github.com/todayindefi/backing-monitor
 * branch                main       -> FETCH_HEAD
Thu Aug 20 02:45:03 PM CST 2026: WARNING renderer cache tokens are stale (index.html may serve cached code):
js/renderers/crvusd.js: latest commit 2026-07-28 is newer than cache token 20260608ajs/renderers/ethena.js: latest commit 2026-06-09 is newer than cache token 20260608ajs/renderers/hastra-prime.js: latest commit 2026-07-31 is newer than cache token 20260729ajs/renderers/mstr.js: latest commit 2026-08-11 is newer than cache token 20260714ajs/renderers/strc.js: latest commit 2026-08-11 is newer than cache token 20260714ajs/renderers/thusd.js: latest commit 2026-07-02 is newer than cache token 20260519js/renderers/usdd.js: latest commit 2026-04-02 is newer than cache token 20260331js/renderers/usdm.js: latest commit 2026-07-30 is newer than cache token 20260518bFrom https://github.com/todayindefi/backing-monitor
 * branch                main       -> FETCH_HEAD
Thu Aug 20 03:45:03 PM CST 2026: WARNING renderer cache tokens are stale (index.html may serve cached code):
js/renderers/crvusd.js: latest commit 2026-07-28 is newer than cache token 20260608ajs/renderers/ethena.js: latest commit 2026-06-09 is newer than cache token 20260608ajs/renderers/hastra-prime.js: latest commit 2026-07-31 is newer than cache token 20260729ajs/renderers/mstr.js: latest commit 2026-08-11 is newer than cache token 20260714ajs/renderers/strc.js: latest commit 2026-08-11 is newer than cache token 20260714ajs/renderers/thusd.js: latest commit 2026-07-02 is newer than cache token 20260519js/renderers/usdd.js: latest commit 2026-04-02 is newer than cache token 20260331js/renderers/usdm.js: latest commit 2026-07-30 is newer than cache token 20260518bFrom https://github.com/todayindefi/backing-monitor
 * branch                main       -> FETCH_HEAD
Thu Aug 20 04:45:02 PM CST 2026: WARNING renderer cache tokens are stale (index.html may serve cached code):
js/renderers/crvusd.js: latest commit 2026-07-28 is newer than cache token 20260608ajs/renderers/ethena.js: latest commit 2026-06-09 is newer than cache token 20260608ajs/renderers/hastra-prime.js: latest commit 2026-07-31 is newer than cache token 20260729ajs/renderers/mstr.js: latest commit 2026-08-11 is newer than cache token 20260714ajs/renderers/strc.js: latest commit 2026-08-11 is newer than cache token 20260714ajs/renderers/thusd.js: latest commit 2026-07-02 is newer than cache token 20260519js/renderers/usdd.js: latest commit 2026-04-02 is newer than cache token 20260331js/renderers/usdm.js: latest commit 2026-07-30 is newer than cache token 20260518bFrom https://github.com/todayindefi/backing-monitor
 * branch                main       -> FETCH_HEAD
Thu Aug 20 05:45:02 PM CST 2026: WARNING renderer cache tokens are stale (index.html may serve cached code):
js/renderers/crvusd.js: latest commit 2026-07-28 is newer than cache token 20260608ajs/renderers/ethena.js: latest commit 2026-06-09 is newer than cache token 20260608ajs/renderers/hastra-prime.js: latest commit 2026-07-31 is newer than cache token 20260729ajs/renderers/mstr.js: latest commit 2026-08-11 is newer than cache token 20260714ajs/renderers/strc.js: latest commit 2026-08-11 is newer than cache token 20260714ajs/renderers/thusd.js: latest commit 2026-07-02 is newer than cache token 20260519js/renderers/usdd.js: latest commit 2026-04-02 is newer than cache token 20260331js/renderers/usdm.js: latest commit 2026-07-30 is newer than cache token 20260518bFrom https://github.com/todayindefi/backing-monitor
 * branch                main       -> FETCH_HEAD
Thu Aug 20 06:45:02 PM CST 2026: WARNING renderer cache tokens are stale (index.html may serve cached code):
js/renderers/crvusd.js: latest commit 2026-07-28 is newer than cache token 20260608ajs/renderers/ethena.js: latest commit 2026-06-09 is newer than cache token 20260608ajs/renderers/hastra-prime.js: latest commit 2026-07-31 is newer than cache token 20260729ajs/renderers/mstr.js: latest commit 2026-08-11 is newer than cache token 20260714ajs/renderers/strc.js: latest commit 2026-08-11 is newer than cache token 20260714ajs/renderers/thusd.js: latest commit 2026-07-02 is newer than cache token 20260519js/renderers/usdd.js: latest commit 2026-04-02 is newer than cache token 20260331js/renderers/usdm.js: latest commit 2026-07-30 is newer than cache token 20260518bFrom https://github.com/todayindefi/backing-monitor
 * branch                main       -> FETCH_HEAD
Thu Aug 20 07:45:02 PM CST 2026: WARNING renderer cache tokens are stale (index.html may serve cached code):
js/renderers/crvusd.js: latest commit 2026-07-28 is newer than cache token 20260608ajs/renderers/ethena.js: latest commit 2026-06-09 is newer than cache token 20260608ajs/renderers/hastra-prime.js: latest commit 2026-07-31 is newer than cache token 20260729ajs/renderers/mstr.js: latest commit 2026-08-11 is newer than cache token 20260714ajs/renderers/strc.js: latest commit 2026-08-11 is newer than cache token 20260714ajs/renderers/thusd.js: latest commit 2026-07-02 is newer than cache token 20260519js/renderers/usdd.js: latest commit 2026-04-02 is newer than cache token 20260331js/renderers/usdm.js: latest commit 2026-07-30 is newer than cache token 20260518bFrom https://github.com/todayindefi/backing-monitor
 * branch                main       -> FETCH_HEAD
Thu Aug 20 08:45:03 PM CST 2026: WARNING renderer cache tokens are stale (index.html may serve cached code):
js/renderers/crvusd.js: latest commit 2026-07-28 is newer than cache token 20260608ajs/renderers/ethena.js: latest commit 2026-06-09 is newer than cache token 20260608ajs/renderers/hastra-prime.js: latest commit 2026-07-31 is newer than cache token 20260729ajs/renderers/mstr.js: latest commit 2026-08-11 is newer than cache token 20260714ajs/renderers/strc.js: latest commit 2026-08-11 is newer than cache token 20260714ajs/renderers/thusd.js: latest commit 2026-07-02 is newer than cache token 20260519js/renderers/usdd.js: latest commit 2026-04-02 is newer than cache token 20260331js/renderers/usdm.js: latest commit 2026-07-30 is newer than cache token 20260518bFrom https://github.com/todayindefi/backing-monitor
 * branch                main       -> FETCH_HEAD
Thu Aug 20 09:45:03 PM CST 2026: WARNING renderer cache tokens are stale (index.html may serve cached code):
js/renderers/crvusd.js: latest commit 2026-07-28 is newer than cache token 20260608ajs/renderers/ethena.js: latest commit 2026-06-09 is newer than cache token 20260608ajs/renderers/hastra-prime.js: latest commit 2026-07-31 is newer than cache token 20260729ajs/renderers/mstr.js: latest commit 2026-08-11 is newer than cache token 20260714ajs/renderers/strc.js: latest commit 2026-08-11 is newer than cache token 20260714ajs/renderers/thusd.js: latest commit 2026-07-02 is newer than cache token 20260519js/renderers/usdd.js: latest commit 2026-04-02 is newer than cache token 20260331js/renderers/usdm.js: latest commit 2026-07-30 is newer than cache token 20260518bFrom https://github.com/todayindefi/backing-monitor
 * branch                main       -> FETCH_HEAD
Thu Aug 20 10:45:02 PM CST 2026: WARNING renderer cache tokens are stale (index.html may serve cached code):
js/renderers/crvusd.js: latest commit 2026-07-28 is newer than cache token 20260608ajs/renderers/ethena.js: latest commit 2026-06-09 is newer than cache token 20260608ajs/renderers/hastra-prime.js: latest commit 2026-07-31 is newer than cache token 20260729ajs/renderers/mstr.js: latest commit 2026-08-11 is newer than cache token 20260714ajs/renderers/strc.js: latest commit 2026-08-11 is newer than cache token 20260714ajs/renderers/thusd.js: latest commit 2026-07-02 is newer than cache token 20260519js/renderers/usdd.js: latest commit 2026-04-02 is newer than cache token 20260331js/renderers/usdm.js: latest commit 2026-07-30 is newer than cache token 20260518bFrom https://github.com/todayindefi/backing-monitor
 * branch                main       -> FETCH_HEAD
Thu Aug 20 11:45:04 PM CST 2026: WARNING renderer cache tokens are stale (index.html may serve cached code):
js/renderers/crvusd.js: latest commit 2026-07-28 is newer than cache token 20260608ajs/renderers/ethena.js: latest commit 2026-06-09 is newer than cache token 20260608ajs/renderers/hastra-prime.js: latest commit 2026-07-31 is newer than cache token 20260729ajs/renderers/mstr.js: latest commit 2026-08-11 is newer than cache token 20260714ajs/renderers/strc.js: latest commit 2026-08-11 is newer than cache token 20260714ajs/renderers/thusd.js: latest commit 2026-07-02 is newer than cache token 20260519js/renderers/usdd.js: latest commit 2026-04-02 is newer than cache token 20260331js/renderers/usdm.js: latest commit 2026-07-30 is newer than cache token 20260518bFrom https://github.com/todayindefi/backing-monitor
 * branch                main       -> FETCH_HEAD
Fri Aug 21 12:45:03 AM CST 2026: WARNING renderer cache tokens are stale (index.html may serve cached code):
js/renderers/crvusd.js: latest commit 2026-07-28 is newer than cache token 20260608ajs/renderers/ethena.js: latest commit 2026-06-09 is newer than cache token 20260608ajs/renderers/hastra-prime.js: latest commit 2026-07-31 is newer than cache token 20260729ajs/renderers/mstr.js: latest commit 2026-08-11 is newer than cache token 20260714ajs/renderers/strc.js: latest commit 2026-08-11 is newer than cache token 20260714ajs/renderers/thusd.js: latest commit 2026-07-02 is newer than cache token 20260519js/renderers/usdd.js: latest commit 2026-04-02 is newer than cache token 20260331js/renderers/usdm.js: latest commit 2026-07-30 is newer than cache token 20260518bFrom https://github.com/todayindefi/backing-monitor
 * branch                main       -> FETCH_HEAD
Fri Aug 21 01:45:02 AM CST 2026: WARNING renderer cache tokens are stale (index.html may serve cached code):
js/renderers/crvusd.js: latest commit 2026-07-28 is newer than cache token 20260608ajs/renderers/ethena.js: latest commit 2026-06-09 is newer than cache token 20260608ajs/renderers/hastra-prime.js: latest commit 2026-07-31 is newer than cache token 20260729ajs/renderers/mstr.js: latest commit 2026-08-11 is newer than cache token 20260714ajs/renderers/strc.js: latest commit 2026-08-11 is newer than cache token 20260714ajs/renderers/thusd.js: latest commit 2026-07-02 is newer than cache token 20260519js/renderers/usdd.js: latest commit 2026-04-02 is newer than cache token 20260331js/renderers/usdm.js: latest commit 2026-07-30 is newer than cache token 20260518bFrom https://github.com/todayindefi/backing-monitor
 * branch                main       -> FETCH_HEAD
Fri Aug 21 02:45:03 AM CST 2026: WARNING renderer cache tokens are stale (index.html may serve cached code):
js/renderers/crvusd.js: latest commit 2026-07-28 is newer than cache token 20260608ajs/renderers/ethena.js: latest commit 2026-06-09 is newer than cache token 20260608ajs/renderers/hastra-prime.js: latest commit 2026-07-31 is newer than cache token 20260729ajs/renderers/mstr.js: latest commit 2026-08-11 is newer than cache token 20260714ajs/renderers/strc.js: latest commit 2026-08-11 is newer than cache token 20260714ajs/renderers/thusd.js: latest commit 2026-07-02 is newer than cache token 20260519js/renderers/usdd.js: latest commit 2026-04-02 is newer than cache token 20260331js/renderers/usdm.js: latest commit 2026-07-30 is newer than cache token 20260518bFrom https://github.com/todayindefi/backing-monitor
 * branch                main       -> FETCH_HEAD
Fri Aug 21 03:45:02 AM CST 2026: WARNING renderer cache tokens are stale (index.html may serve cached code):
js/renderers/crvusd.js: latest commit 2026-07-28 is newer than cache token 20260608ajs/renderers/ethena.js: latest commit 2026-06-09 is newer than cache token 20260608ajs/renderers/hastra-prime.js: latest commit 2026-07-31 is newer than cache token 20260729ajs/renderers/mstr.js: latest commit 2026-08-11 is newer than cache token 20260714ajs/renderers/strc.js: latest commit 2026-08-11 is newer than cache token 20260714ajs/renderers/thusd.js: latest commit 2026-07-02 is newer than cache token 20260519js/renderers/usdd.js: latest commit 2026-04-02 is newer than cache token 20260331js/renderers/usdm.js: latest commit 2026-07-30 is newer than cache token 20260518bFrom https://github.com/todayindefi/backing-monitor
 * branch                main       -> FETCH_HEAD
Fri Aug 21 04:45:02 AM CST 2026: WARNING renderer cache tokens are stale (index.html may serve cached code):
js/renderers/crvusd.js: latest commit 2026-07-28 is newer than cache token 20260608ajs/renderers/ethena.js: latest commit 2026-06-09 is newer than cache token 20260608ajs/renderers/hastra-prime.js: latest commit 2026-07-31 is newer than cache token 20260729ajs/renderers/mstr.js: latest commit 2026-08-11 is newer than cache token 20260714ajs/renderers/strc.js: latest commit 2026-08-11 is newer than cache token 20260714ajs/renderers/thusd.js: latest commit 2026-07-02 is newer than cache token 20260519js/renderers/usdd.js: latest commit 2026-04-02 is newer than cache token 20260331js/renderers/usdm.js: latest commit 2026-07-30 is newer than cache token 20260518bFrom https://github.com/todayindefi/backing-monitor
 * branch                main       -> FETCH_HEAD
Fri Aug 21 05:45:03 AM CST 2026: WARNING renderer cache tokens are stale (index.html may serve cached code):
js/renderers/crvusd.js: latest commit 2026-07-28 is newer than cache token 20260608ajs/renderers/ethena.js: latest commit 2026-06-09 is newer than cache token 20260608ajs/renderers/hastra-prime.js: latest commit 2026-07-31 is newer than cache token 20260729ajs/renderers/mstr.js: latest commit 2026-08-11 is newer than cache token 20260714ajs/renderers/strc.js: latest commit 2026-08-11 is newer than cache token 20260714ajs/renderers/thusd.js: latest commit 2026-07-02 is newer than cache token 20260519js/renderers/usdd.js: latest commit 2026-04-02 is newer than cache token 20260331js/renderers/usdm.js: latest commit 2026-07-30 is newer than cache token 20260518bFrom https://github.com/todayindefi/backing-monitor
 * branch                main       -> FETCH_HEAD
Fri Aug 21 06:45:03 AM CST 2026: WARNING renderer cache tokens are stale (index.html may serve cached code):
js/renderers/crvusd.js: latest commit 2026-07-28 is newer than cache token 20260608ajs/renderers/ethena.js: latest commit 2026-06-09 is newer than cache token 20260608ajs/renderers/hastra-prime.js: latest commit 2026-07-31 is newer than cache token 20260729ajs/renderers/mstr.js: latest commit 2026-08-11 is newer than cache token 20260714ajs/renderers/strc.js: latest commit 2026-08-11 is newer than cache token 20260714ajs/renderers/thusd.js: latest commit 2026-07-02 is newer than cache token 20260519js/renderers/usdd.js: latest commit 2026-04-02 is newer than cache token 20260331js/renderers/usdm.js: latest commit 2026-07-30 is newer than cache token 20260518bFrom https://github.com/todayindefi/backing-monitor
 * branch                main       -> FETCH_HEAD
Fri Aug 21 07:45:03 AM CST 2026: WARNING renderer cache tokens are stale (index.html may serve cached code):
js/renderers/crvusd.js: latest commit 2026-07-28 is newer than cache token 20260608ajs/renderers/ethena.js: latest commit 2026-06-09 is newer than cache token 20260608ajs/renderers/hastra-prime.js: latest commit 2026-07-31 is newer than cache token 20260729ajs/renderers/mstr.js: latest commit 2026-08-11 is newer than cache token 20260714ajs/renderers/strc.js: latest commit 2026-08-11 is newer than cache token 20260714ajs/renderers/thusd.js: latest commit 2026-07-02 is newer than cache token 20260519js/renderers/usdd.js: latest commit 2026-04-02 is newer than cache token 20260331js/renderers/usdm.js: latest commit 2026-07-30 is newer than cache token 20260518bFrom https://github.com/todayindefi/backing-monitor
 * branch                main       -> FETCH_HEAD
Fri Aug 21 08:45:03 AM CST 2026: WARNING renderer cache tokens are stale (index.html may serve cached code):
js/renderers/crvusd.js: latest commit 2026-07-28 is newer than cache token 20260608ajs/renderers/ethena.js: latest commit 2026-06-09 is newer than cache token 20260608ajs/renderers/hastra-prime.js: latest commit 2026-07-31 is newer than cache token 20260729ajs/renderers/mstr.js: latest commit 2026-08-11 is newer than cache token 20260714ajs/renderers/strc.js: latest commit 2026-08-11 is newer than cache token 20260714ajs/renderers/thusd.js: latest commit 2026-07-02 is newer than cache token 20260519js/renderers/usdd.js: latest commit 2026-04-02 is newer than cache token 20260331js/renderers/usdm.js: latest commit 2026-07-30 is newer than cache token 20260518bFrom https://github.com/todayindefi/backing-monitor
 * branch                main       -> FETCH_HEAD
Fri Aug 21 09:45:03 AM CST 2026: WARNING renderer cache tokens are stale (index.html may serve cached code):
js/renderers/crvusd.js: latest commit 2026-07-28 is newer than cache token 20260608ajs/renderers/ethena.js: latest commit 2026-06-09 is newer than cache token 20260608ajs/renderers/hastra-prime.js: latest commit 2026-07-31 is newer than cache token 20260729ajs/renderers/mstr.js: latest commit 2026-08-11 is newer than cache token 20260714ajs/renderers/strc.js: latest commit 2026-08-11 is newer than cache token 20260714ajs/renderers/thusd.js: latest commit 2026-07-02 is newer than cache token 20260519js/renderers/usdd.js: latest commit 2026-04-02 is newer than cache token 20260331js/renderers/usdm.js: latest commit 2026-07-30 is newer than cache token 20260518bFrom https://github.com/todayindefi/backing-monitor
 * branch                main       -> FETCH_HEAD
Fri Aug 21 10:45:02 AM CST 2026: WARNING renderer cache tokens are stale (index.html may serve cached code):
js/renderers/crvusd.js: latest commit 2026-07-28 is newer than cache token 20260608ajs/renderers/ethena.js: latest commit 2026-06-09 is newer than cache token 20260608ajs/renderers/hastra-prime.js: latest commit 2026-07-31 is newer than cache token 20260729ajs/renderers/mstr.js: latest commit 2026-08-11 is newer than cache token 20260714ajs/renderers/strc.js: latest commit 2026-08-11 is newer than cache token 20260714ajs/renderers/thusd.js: latest commit 2026-07-02 is newer than cache token 20260519js/renderers/usdd.js: latest commit 2026-04-02 is newer than cache token 20260331js/renderers/usdm.js: latest commit 2026-07-30 is newer than cache token 20260518bFrom https://github.com/todayindefi/backing-monitor
 * branch                main       -> FETCH_HEAD
Fri Aug 21 11:45:02 AM CST 2026: WARNING renderer cache tokens are stale (index.html may serve cached code):
js/renderers/crvusd.js: latest commit 2026-07-28 is newer than cache token 20260608ajs/renderers/ethena.js: latest commit 2026-06-09 is newer than cache token 20260608ajs/renderers/hastra-prime.js: latest commit 2026-07-31 is newer than cache token 20260729ajs/renderers/mstr.js: latest commit 2026-08-11 is newer than cache token 20260714ajs/renderers/strc.js: latest commit 2026-08-11 is newer than cache token 20260714ajs/renderers/thusd.js: latest commit 2026-07-02 is newer than cache token 20260519js/renderers/usdd.js: latest commit 2026-04-02 is newer than cache token 20260331js/renderers/usdm.js: latest commit 2026-07-30 is newer than cache token 20260518bFrom https://github.com/todayindefi/backing-monitor
 * branch                main       -> FETCH_HEAD
Fri Aug 21 12:45:02 PM CST 2026: WARNING renderer cache tokens are stale (index.html may serve cached code):
js/renderers/crvusd.js: latest commit 2026-07-28 is newer than cache token 20260608ajs/renderers/ethena.js: latest commit 2026-06-09 is newer than cache token 20260608ajs/renderers/hastra-prime.js: latest commit 2026-07-31 is newer than cache token 20260729ajs/renderers/mstr.js: latest commit 2026-08-11 is newer than cache token 20260714ajs/renderers/strc.js: latest commit 2026-08-11 is newer than cache token 20260714ajs/renderers/thusd.js: latest commit 2026-07-02 is newer than cache token 20260519js/renderers/usdd.js: latest commit 2026-04-02 is newer than cache token 20260331js/renderers/usdm.js: latest commit 2026-07-30 is newer than cache token 20260518bFrom https://github.com/todayindefi/backing-monitor
 * branch                main       -> FETCH_HEAD
Fri Aug 21 01:45:03 PM CST 2026: WARNING renderer cache tokens are stale (index.html may serve cached code):
js/renderers/crvusd.js: latest commit 2026-07-28 is newer than cache token 20260608ajs/renderers/ethena.js: latest commit 2026-06-09 is newer than cache token 20260608ajs/renderers/hastra-prime.js: latest commit 2026-07-31 is newer than cache token 20260729ajs/renderers/mstr.js: latest commit 2026-08-11 is newer than cache token 20260714ajs/renderers/strc.js: latest commit 2026-08-11 is newer than cache token 20260714ajs/renderers/thusd.js: latest commit 2026-07-02 is newer than cache token 20260519js/renderers/usdd.js: latest commit 2026-04-02 is newer than cache token 20260331js/renderers/usdm.js: latest commit 2026-07-30 is newer than cache token 20260518bFrom https://github.com/todayindefi/backing-monitor
 * branch                main       -> FETCH_HEAD
Fri Aug 21 02:45:02 PM CST 2026: WARNING renderer cache tokens are stale (index.html may serve cached code):
js/renderers/crvusd.js: latest commit 2026-07-28 is newer than cache token 20260608ajs/renderers/ethena.js: latest commit 2026-06-09 is newer than cache token 20260608ajs/renderers/hastra-prime.js: latest commit 2026-07-31 is newer than cache token 20260729ajs/renderers/mstr.js: latest commit 2026-08-11 is newer than cache token 20260714ajs/renderers/strc.js: latest commit 2026-08-11 is newer than cache token 20260714ajs/renderers/thusd.js: latest commit 2026-07-02 is newer than cache token 20260519js/renderers/usdd.js: latest commit 2026-04-02 is newer than cache token 20260331js/renderers/usdm.js: latest commit 2026-07-30 is newer than cache token 20260518bFrom https://github.com/todayindefi/backing-monitor
 * branch                main       -> FETCH_HEAD
Fri Aug 21 03:45:02 PM CST 2026: WARNING renderer cache tokens are stale (index.html may serve cached code):
js/renderers/crvusd.js: latest commit 2026-07-28 is newer than cache token 20260608ajs/renderers/ethena.js: latest commit 2026-06-09 is newer than cache token 20260608ajs/renderers/hastra-prime.js: latest commit 2026-07-31 is newer than cache token 20260729ajs/renderers/mstr.js: latest commit 2026-08-11 is newer than cache token 20260714ajs/renderers/strc.js: latest commit 2026-08-11 is newer than cache token 20260714ajs/renderers/thusd.js: latest commit 2026-07-02 is newer than cache token 20260519js/renderers/usdd.js: latest commit 2026-04-02 is newer than cache token 20260331js/renderers/usdm.js: latest commit 2026-07-30 is newer than cache token 20260518bFrom https://github.com/todayindefi/backing-monitor
 * branch                main       -> FETCH_HEAD
Fri Aug 21 04:45:02 PM CST 2026: WARNING renderer cache tokens are stale (index.html may serve cached code):
js/renderers/crvusd.js: latest commit 2026-07-28 is newer than cache token 20260608ajs/renderers/ethena.js: latest commit 2026-06-09 is newer than cache token 20260608ajs/renderers/hastra-prime.js: latest commit 2026-07-31 is newer than cache token 20260729ajs/renderers/mstr.js: latest commit 2026-08-11 is newer than cache token 20260714ajs/renderers/strc.js: latest commit 2026-08-11 is newer than cache token 20260714ajs/renderers/thusd.js: latest commit 2026-07-02 is newer than cache token 20260519js/renderers/usdd.js: latest commit 2026-04-02 is newer than cache token 20260331js/renderers/usdm.js: latest commit 2026-07-30 is newer than cache token 20260518bFrom https://github.com/todayindefi/backing-monitor
 * branch                main       -> FETCH_HEAD
Fri Aug 21 05:45:03 PM CST 2026: WARNING renderer cache tokens are stale (index.html may serve cached code):
js/renderers/crvusd.js: latest commit 2026-07-28 is newer than cache token 20260608ajs/renderers/ethena.js: latest commit 2026-06-09 is newer than cache token 20260608ajs/renderers/hastra-prime.js: latest commit 2026-07-31 is newer than cache token 20260729ajs/renderers/mstr.js: latest commit 2026-08-11 is newer than cache token 20260714ajs/renderers/strc.js: latest commit 2026-08-11 is newer than cache token 20260714ajs/renderers/thusd.js: latest commit 2026-07-02 is newer than cache token 20260519js/renderers/usdd.js: latest commit 2026-04-02 is newer than cache token 20260331js/renderers/usdm.js: latest commit 2026-07-30 is newer than cache token 20260518bFrom https://github.com/todayindefi/backing-monitor
 * branch                main       -> FETCH_HEAD
Fri Aug 21 06:45:03 PM CST 2026: WARNING renderer cache tokens are stale (index.html may serve cached code):
js/renderers/crvusd.js: latest commit 2026-07-28 is newer than cache token 20260608ajs/renderers/ethena.js: latest commit 2026-06-09 is newer than cache token 20260608ajs/renderers/hastra-prime.js: latest commit 2026-07-31 is newer than cache token 20260729ajs/renderers/mstr.js: latest commit 2026-08-11 is newer than cache token 20260714ajs/renderers/strc.js: latest commit 2026-08-11 is newer than cache token 20260714ajs/renderers/thusd.js: latest commit 2026-07-02 is newer than cache token 20260519js/renderers/usdd.js: latest commit 2026-04-02 is newer than cache token 20260331js/renderers/usdm.js: latest commit 2026-07-30 is newer than cache token 20260518bFrom https://github.com/todayindefi/backing-monitor
 * branch                main       -> FETCH_HEAD
Fri Aug 21 07:45:03 PM CST 2026: WARNING renderer cache tokens are stale (index.html may serve cached code):
js/renderers/crvusd.js: latest commit 2026-07-28 is newer than cache token 20260608ajs/renderers/ethena.js: latest commit 2026-06-09 is newer than cache token 20260608ajs/renderers/hastra-prime.js: latest commit 2026-07-31 is newer than cache token 20260729ajs/renderers/mstr.js: latest commit 2026-08-11 is newer than cache token 20260714ajs/renderers/strc.js: latest commit 2026-08-11 is newer than cache token 20260714ajs/renderers/thusd.js: latest commit 2026-07-02 is newer than cache token 20260519js/renderers/usdd.js: latest commit 2026-04-02 is newer than cache token 20260331js/renderers/usdm.js: latest commit 2026-07-30 is newer than cache token 20260518bFrom https://github.com/todayindefi/backing-monitor
 * branch                main       -> FETCH_HEAD
Fri Aug 21 08:45:02 PM CST 2026: WARNING renderer cache tokens are stale (index.html may serve cached code):
js/renderers/crvusd.js: latest commit 2026-07-28 is newer than cache token 20260608ajs/renderers/ethena.js: latest commit 2026-06-09 is newer than cache token 20260608ajs/renderers/hastra-prime.js: latest commit 2026-07-31 is newer than cache token 20260729ajs/renderers/mstr.js: latest commit 2026-08-11 is newer than cache token 20260714ajs/renderers/strc.js: latest commit 2026-08-11 is newer than cache token 20260714ajs/renderers/thusd.js: latest commit 2026-07-02 is newer than cache token 20260519js/renderers/usdd.js: latest commit 2026-04-02 is newer than cache token 20260331js/renderers/usdm.js: latest commit 2026-07-30 is newer than cache token 20260518bFrom https://github.com/todayindefi/backing-monitor
 * branch                main       -> FETCH_HEAD
Fri Aug 21 09:45:03 PM CST 2026: WARNING renderer cache tokens are stale (index.html may serve cached code):
js/renderers/crvusd.js: latest commit 2026-07-28 is newer than cache token 20260608ajs/renderers/ethena.js: latest commit 2026-06-09 is newer than cache token 20260608ajs/renderers/hastra-prime.js: latest commit 2026-07-31 is newer than cache token 20260729ajs/renderers/mstr.js: latest commit 2026-08-11 is newer than cache token 20260714ajs/renderers/strc.js: latest commit 2026-08-11 is newer than cache token 20260714ajs/renderers/thusd.js: latest commit 2026-07-02 is newer than cache token 20260519js/renderers/usdd.js: latest commit 2026-04-02 is newer than cache token 20260331js/renderers/usdm.js: latest commit 2026-07-30 is newer than cache token 20260518bFrom https://github.com/todayindefi/backing-monitor
 * branch                main       -> FETCH_HEAD
Fri Aug 21 10:45:02 PM CST 2026: WARNING renderer cache tokens are stale (index.html may serve cached code):
js/renderers/crvusd.js: latest commit 2026-07-28 is newer than cache token 20260608ajs/renderers/ethena.js: latest commit 2026-06-09 is newer than cache token 20260608ajs/renderers/hastra-prime.js: latest commit 2026-07-31 is newer than cache token 20260729ajs/renderers/mstr.js: latest commit 2026-08-11 is newer than cache token 20260714ajs/renderers/strc.js: latest commit 2026-08-11 is newer than cache token 20260714ajs/renderers/thusd.js: latest commit 2026-07-02 is newer than cache token 20260519js/renderers/usdd.js: latest commit 2026-04-02 is newer than cache token 20260331js/renderers/usdm.js: latest commit 2026-07-30 is newer than cache token 20260518bFrom https://github.com/todayindefi/backing-monitor
 * branch                main       -> FETCH_HEAD
Fri Aug 21 11:45:02 PM CST 2026: WARNING renderer cache tokens are stale (index.html may serve cached code):
js/renderers/crvusd.js: latest commit 2026-07-28 is newer than cache token 20260608ajs/renderers/ethena.js: latest commit 2026-06-09 is newer than cache token 20260608ajs/renderers/hastra-prime.js: latest commit 2026-07-31 is newer than cache token 20260729ajs/renderers/mstr.js: latest commit 2026-08-11 is newer than cache token 20260714ajs/renderers/strc.js: latest commit 2026-08-11 is newer than cache token 20260714ajs/renderers/thusd.js: latest commit 2026-07-02 is newer than cache token 20260519js/renderers/usdd.js: latest commit 2026-04-02 is newer than cache token 20260331js/renderers/usdm.js: latest commit 2026-07-30 is newer than cache token 20260518bFrom https://github.com/todayindefi/backing-monitor
 * branch                main       -> FETCH_HEAD
Sat Aug 22 12:45:03 AM CST 2026: WARNING renderer cache tokens are stale (index.html may serve cached code):
js/renderers/crvusd.js: latest commit 2026-07-28 is newer than cache token 20260608ajs/renderers/ethena.js: latest commit 2026-06-09 is newer than cache token 20260608ajs/renderers/hastra-prime.js: latest commit 2026-07-31 is newer than cache token 20260729ajs/renderers/mstr.js: latest commit 2026-08-11 is newer than cache token 20260714ajs/renderers/strc.js: latest commit 2026-08-11 is newer than cache token 20260714ajs/renderers/thusd.js: latest commit 2026-07-02 is newer than cache token 20260519js/renderers/usdd.js: latest commit 2026-04-02 is newer than cache token 20260331js/renderers/usdm.js: latest commit 2026-07-30 is newer than cache token 20260518bFrom https://github.com/todayindefi/backing-monitor
 * branch                main       -> FETCH_HEAD
Sat Aug 22 01:45:02 AM CST 2026: WARNING renderer cache tokens are stale (index.html may serve cached code):
js/renderers/crvusd.js: latest commit 2026-07-28 is newer than cache token 20260608ajs/renderers/ethena.js: latest commit 2026-06-09 is newer than cache token 20260608ajs/renderers/hastra-prime.js: latest commit 2026-07-31 is newer than cache token 20260729ajs/renderers/mstr.js: latest commit 2026-08-11 is newer than cache token 20260714ajs/renderers/strc.js: latest commit 2026-08-11 is newer than cache token 20260714ajs/renderers/thusd.js: latest commit 2026-07-02 is newer than cache token 20260519js/renderers/usdd.js: latest commit 2026-04-02 is newer than cache token 20260331js/renderers/usdm.js: latest commit 2026-07-30 is newer than cache token 20260518bFrom https://github.com/todayindefi/backing-monitor
 * branch                main       -> FETCH_HEAD
Sat Aug 22 02:45:03 AM CST 2026: WARNING renderer cache tokens are stale (index.html may serve cached code):
js/renderers/crvusd.js: latest commit 2026-07-28 is newer than cache token 20260608ajs/renderers/ethena.js: latest commit 2026-06-09 is newer than cache token 20260608ajs/renderers/hastra-prime.js: latest commit 2026-07-31 is newer than cache token 20260729ajs/renderers/mstr.js: latest commit 2026-08-11 is newer than cache token 20260714ajs/renderers/strc.js: latest commit 2026-08-11 is newer than cache token 20260714ajs/renderers/thusd.js: latest commit 2026-07-02 is newer than cache token 20260519js/renderers/usdd.js: latest commit 2026-04-02 is newer than cache token 20260331js/renderers/usdm.js: latest commit 2026-07-30 is newer than cache token 20260518bFrom https://github.com/todayindefi/backing-monitor
 * branch                main       -> FETCH_HEAD
Sat Aug 22 03:45:03 AM CST 2026: WARNING renderer cache tokens are stale (index.html may serve cached code):
js/renderers/crvusd.js: latest commit 2026-07-28 is newer than cache token 20260608ajs/renderers/ethena.js: latest commit 2026-06-09 is newer than cache token 20260608ajs/renderers/hastra-prime.js: latest commit 2026-07-31 is newer than cache token 20260729ajs/renderers/mstr.js: latest commit 2026-08-11 is newer than cache token 20260714ajs/renderers/strc.js: latest commit 2026-08-11 is newer than cache token 20260714ajs/renderers/thusd.js: latest commit 2026-07-02 is newer than cache token 20260519js/renderers/usdd.js: latest commit 2026-04-02 is newer than cache token 20260331js/renderers/usdm.js: latest commit 2026-07-30 is newer than cache token 20260518bFrom https://github.com/todayindefi/backing-monitor
 * branch                main       -> FETCH_HEAD
Sat Aug 22 04:45:02 AM CST 2026: WARNING renderer cache tokens are stale (index.html may serve cached code):
js/renderers/crvusd.js: latest commit 2026-07-28 is newer than cache token 20260608ajs/renderers/ethena.js: latest commit 2026-06-09 is newer than cache token 20260608ajs/renderers/hastra-prime.js: latest commit 2026-07-31 is newer than cache token 20260729ajs/renderers/mstr.js: latest commit 2026-08-11 is newer than cache token 20260714ajs/renderers/strc.js: latest commit 2026-08-11 is newer than cache token 20260714ajs/renderers/thusd.js: latest commit 2026-07-02 is newer than cache token 20260519js/renderers/usdd.js: latest commit 2026-04-02 is newer than cache token 20260331js/renderers/usdm.js: latest commit 2026-07-30 is newer than cache token 20260518bFrom https://github.com/todayindefi/backing-monitor
 * branch                main       -> FETCH_HEAD
Sat Aug 22 05:45:02 AM CST 2026: WARNING renderer cache tokens are stale (index.html may serve cached code):
js/renderers/crvusd.js: latest commit 2026-07-28 is newer than cache token 20260608ajs/renderers/ethena.js: latest commit 2026-06-09 is newer than cache token 20260608ajs/renderers/hastra-prime.js: latest commit 2026-07-31 is newer than cache token 20260729ajs/renderers/mstr.js: latest commit 2026-08-11 is newer than cache token 20260714ajs/renderers/strc.js: latest commit 2026-08-11 is newer than cache token 20260714ajs/renderers/thusd.js: latest commit 2026-07-02 is newer than cache token 20260519js/renderers/usdd.js: latest commit 2026-04-02 is newer than cache token 20260331js/renderers/usdm.js: latest commit 2026-07-30 is newer than cache token 20260518bFrom https://github.com/todayindefi/backing-monitor
 * branch                main       -> FETCH_HEAD
Sat Aug 22 06:45:03 AM CST 2026: WARNING renderer cache tokens are stale (index.html may serve cached code):
js/renderers/crvusd.js: latest commit 2026-07-28 is newer than cache token 20260608ajs/renderers/ethena.js: latest commit 2026-06-09 is newer than cache token 20260608ajs/renderers/hastra-prime.js: latest commit 2026-07-31 is newer than cache token 20260729ajs/renderers/mstr.js: latest commit 2026-08-11 is newer than cache token 20260714ajs/renderers/strc.js: latest commit 2026-08-11 is newer than cache token 20260714ajs/renderers/thusd.js: latest commit 2026-07-02 is newer than cache token 20260519js/renderers/usdd.js: latest commit 2026-04-02 is newer than cache token 20260331js/renderers/usdm.js: latest commit 2026-07-30 is newer than cache token 20260518bFrom https://github.com/todayindefi/backing-monitor
 * branch                main       -> FETCH_HEAD
Sat Aug 22 07:45:03 AM CST 2026: WARNING renderer cache tokens are stale (index.html may serve cached code):
js/renderers/crvusd.js: latest commit 2026-07-28 is newer than cache token 20260608ajs/renderers/ethena.js: latest commit 2026-06-09 is newer than cache token 20260608ajs/renderers/hastra-prime.js: latest commit 2026-07-31 is newer than cache token 20260729ajs/renderers/mstr.js: latest commit 2026-08-11 is newer than cache token 20260714ajs/renderers/strc.js: latest commit 2026-08-11 is newer than cache token 20260714ajs/renderers/thusd.js: latest commit 2026-07-02 is newer than cache token 20260519js/renderers/usdd.js: latest commit 2026-04-02 is newer than cache token 20260331js/renderers/usdm.js: latest commit 2026-07-30 is newer than cache token 20260518bFrom https://github.com/todayindefi/backing-monitor
 * branch                main       -> FETCH_HEAD
Sat Aug 22 08:45:02 AM CST 2026: WARNING renderer cache tokens are stale (index.html may serve cached code):
js/renderers/crvusd.js: latest commit 2026-07-28 is newer than cache token 20260608ajs/renderers/ethena.js: latest commit 2026-06-09 is newer than cache token 20260608ajs/renderers/hastra-prime.js: latest commit 2026-07-31 is newer than cache token 20260729ajs/renderers/mstr.js: latest commit 2026-08-11 is newer than cache token 20260714ajs/renderers/strc.js: latest commit 2026-08-11 is newer than cache token 20260714ajs/renderers/thusd.js: latest commit 2026-07-02 is newer than cache token 20260519js/renderers/usdd.js: latest commit 2026-04-02 is newer than cache token 20260331js/renderers/usdm.js: latest commit 2026-07-30 is newer than cache token 20260518bFrom https://github.com/todayindefi/backing-monitor
 * branch                main       -> FETCH_HEAD
Sat Aug 22 09:45:02 AM CST 2026: WARNING renderer cache tokens are stale (index.html may serve cached code):
js/renderers/crvusd.js: latest commit 2026-07-28 is newer than cache token 20260608ajs/renderers/ethena.js: latest commit 2026-06-09 is newer than cache token 20260608ajs/renderers/hastra-prime.js: latest commit 2026-07-31 is newer than cache token 20260729ajs/renderers/mstr.js: latest commit 2026-08-11 is newer than cache token 20260714ajs/renderers/strc.js: latest commit 2026-08-11 is newer than cache token 20260714ajs/renderers/thusd.js: latest commit 2026-07-02 is newer than cache token 20260519js/renderers/usdd.js: latest commit 2026-04-02 is newer than cache token 20260331js/renderers/usdm.js: latest commit 2026-07-30 is newer than cache token 20260518bFrom https://github.com/todayindefi/backing-monitor
 * branch                main       -> FETCH_HEAD
Sat Aug 22 10:45:02 AM CST 2026: WARNING renderer cache tokens are stale (index.html may serve cached code):
js/renderers/crvusd.js: latest commit 2026-07-28 is newer than cache token 20260608ajs/renderers/ethena.js: latest commit 2026-06-09 is newer than cache token 20260608ajs/renderers/hastra-prime.js: latest commit 2026-07-31 is newer than cache token 20260729ajs/renderers/mstr.js: latest commit 2026-08-11 is newer than cache token 20260714ajs/renderers/strc.js: latest commit 2026-08-11 is newer than cache token 20260714ajs/renderers/thusd.js: latest commit 2026-07-02 is newer than cache token 20260519js/renderers/usdd.js: latest commit 2026-04-02 is newer than cache token 20260331js/renderers/usdm.js: latest commit 2026-07-30 is newer than cache token 20260518bFrom https://github.com/todayindefi/backing-monitor
 * branch                main       -> FETCH_HEAD
Sat Aug 22 11:45:02 AM CST 2026: WARNING frontend files are dirty at sync time (js/ or index.html) — publish intentionally; sync will not auto-commit them:
 M js/renderers/ethena.js
Sat Aug 22 11:45:02 AM CST 2026: WARNING renderer cache tokens are stale (index.html may serve cached code):
js/renderers/crvusd.js: latest commit 2026-07-28 is newer than cache token 20260608ajs/renderers/ethena.js: latest commit 2026-06-09 is newer than cache token 20260608ajs/renderers/hastra-prime.js: latest commit 2026-07-31 is newer than cache token 20260729ajs/renderers/mstr.js: latest commit 2026-08-11 is newer than cache token 20260714ajs/renderers/strc.js: latest commit 2026-08-11 is newer than cache token 20260714ajs/renderers/thusd.js: latest commit 2026-07-02 is newer than cache token 20260519js/renderers/usdd.js: latest commit 2026-04-02 is newer than cache token 20260331js/renderers/usdm.js: latest commit 2026-07-30 is newer than cache token 20260518bFrom https://github.com/todayindefi/backing-monitor
 * branch                main       -> FETCH_HEAD
Sat Aug 22 12:45:02 PM CST 2026: WARNING frontend files are dirty at sync time (js/ or index.html) — publish intentionally; sync will not auto-commit them:
 M js/renderers/ethena.js
Sat Aug 22 12:45:03 PM CST 2026: WARNING renderer cache tokens are stale (index.html may serve cached code):
js/renderers/crvusd.js: latest commit 2026-07-28 is newer than cache token 20260608ajs/renderers/ethena.js: latest commit 2026-06-09 is newer than cache token 20260608ajs/renderers/hastra-prime.js: latest commit 2026-07-31 is newer than cache token 20260729ajs/renderers/mstr.js: latest commit 2026-08-11 is newer than cache token 20260714ajs/renderers/strc.js: latest commit 2026-08-11 is newer than cache token 20260714ajs/renderers/thusd.js: latest commit 2026-07-02 is newer than cache token 20260519js/renderers/usdd.js: latest commit 2026-04-02 is newer than cache token 20260331js/renderers/usdm.js: latest commit 2026-07-30 is newer than cache token 20260518bFrom https://github.com/todayindefi/backing-monitor
 * branch                main       -> FETCH_HEAD
Sat Aug 22 01:45:02 PM CST 2026: WARNING frontend files are dirty at sync time (js/ or index.html) — publish intentionally; sync will not auto-commit them:
 M js/renderers/ethena.js
Sat Aug 22 01:45:02 PM CST 2026: WARNING renderer cache tokens are stale (index.html may serve cached code):
js/renderers/crvusd.js: latest commit 2026-07-28 is newer than cache token 20260608ajs/renderers/ethena.js: latest commit 2026-06-09 is newer than cache token 20260608ajs/renderers/hastra-prime.js: latest commit 2026-07-31 is newer than cache token 20260729ajs/renderers/mstr.js: latest commit 2026-08-11 is newer than cache token 20260714ajs/renderers/strc.js: latest commit 2026-08-11 is newer than cache token 20260714ajs/renderers/thusd.js: latest commit 2026-07-02 is newer than cache token 20260519js/renderers/usdd.js: latest commit 2026-04-02 is newer than cache token 20260331js/renderers/usdm.js: latest commit 2026-07-30 is newer than cache token 20260518bFrom https://github.com/todayindefi/backing-monitor
 * branch                main       -> FETCH_HEAD
Sat Aug 22 02:45:02 PM CST 2026: WARNING frontend files are dirty at sync time (js/ or index.html) — publish intentionally; sync will not auto-commit them:
 M js/renderers/ethena.js
Sat Aug 22 02:45:02 PM CST 2026: WARNING renderer cache tokens are stale (index.html may serve cached code):
js/renderers/crvusd.js: latest commit 2026-07-28 is newer than cache token 20260608ajs/renderers/ethena.js: latest commit 2026-06-09 is newer than cache token 20260608ajs/renderers/hastra-prime.js: latest commit 2026-07-31 is newer than cache token 20260729ajs/renderers/mstr.js: latest commit 2026-08-11 is newer than cache token 20260714ajs/renderers/strc.js: latest commit 2026-08-11 is newer than cache token 20260714ajs/renderers/thusd.js: latest commit 2026-07-02 is newer than cache token 20260519js/renderers/usdd.js: latest commit 2026-04-02 is newer than cache token 20260331js/renderers/usdm.js: latest commit 2026-07-30 is newer than cache token 20260518bFrom https://github.com/todayindefi/backing-monitor
 * branch                main       -> FETCH_HEAD
Sat Aug 22 03:45:02 PM CST 2026: WARNING frontend files are dirty at sync time (js/ or index.html) — publish intentionally; sync will not auto-commit them:
 M js/renderers/ethena.js
Sat Aug 22 03:45:02 PM CST 2026: WARNING renderer cache tokens are stale (index.html may serve cached code):
js/renderers/crvusd.js: latest commit 2026-07-28 is newer than cache token 20260608ajs/renderers/ethena.js: latest commit 2026-06-09 is newer than cache token 20260608ajs/renderers/hastra-prime.js: latest commit 2026-07-31 is newer than cache token 20260729ajs/renderers/mstr.js: latest commit 2026-08-11 is newer than cache token 20260714ajs/renderers/strc.js: latest commit 2026-08-11 is newer than cache token 20260714ajs/renderers/thusd.js: latest commit 2026-07-02 is newer than cache token 20260519js/renderers/usdd.js: latest commit 2026-04-02 is newer than cache token 20260331js/renderers/usdm.js: latest commit 2026-07-30 is newer than cache token 20260518bFrom https://github.com/todayindefi/backing-monitor
 * branch                main       -> FETCH_HEAD
Sat Aug 22 04:45:02 PM CST 2026: WARNING renderer cache tokens are stale (index.html may serve cached code):
js/renderers/crvusd.js: latest commit 2026-07-28 is newer than cache token 20260608ajs/renderers/ethena.js: latest commit 2026-08-22 is newer than cache token 20260608ajs/renderers/hastra-prime.js: latest commit 2026-07-31 is newer than cache token 20260729ajs/renderers/mstr.js: latest commit 2026-08-11 is newer than cache token 20260714ajs/renderers/strc.js: latest commit 2026-08-11 is newer than cache token 20260714ajs/renderers/thusd.js: latest commit 2026-07-02 is newer than cache token 20260519js/renderers/usdd.js: latest commit 2026-04-02 is newer than cache token 20260331js/renderers/usdm.js: latest commit 2026-07-30 is newer than cache token 20260518bFrom https://github.com/todayindefi/backing-monitor
 * branch                main       -> FETCH_HEAD
Sat Aug 22 05:45:02 PM CST 2026: WARNING renderer cache tokens are stale (index.html may serve cached code):
js/renderers/crvusd.js: latest commit 2026-07-28 is newer than cache token 20260608ajs/renderers/ethena.js: latest commit 2026-08-22 is newer than cache token 20260608ajs/renderers/hastra-prime.js: latest commit 2026-07-31 is newer than cache token 20260729ajs/renderers/mstr.js: latest commit 2026-08-11 is newer than cache token 20260714ajs/renderers/strc.js: latest commit 2026-08-11 is newer than cache token 20260714ajs/renderers/thusd.js: latest commit 2026-07-02 is newer than cache token 20260519js/renderers/usdd.js: latest commit 2026-04-02 is newer than cache token 20260331js/renderers/usdm.js: latest commit 2026-07-30 is newer than cache token 20260518bFrom https://github.com/todayindefi/backing-monitor
 * branch                main       -> FETCH_HEAD
Sat Aug 22 06:45:03 PM CST 2026: WARNING renderer cache tokens are stale (index.html may serve cached code):
js/renderers/crvusd.js: latest commit 2026-07-28 is newer than cache token 20260608ajs/renderers/ethena.js: latest commit 2026-08-22 is newer than cache token 20260608ajs/renderers/hastra-prime.js: latest commit 2026-07-31 is newer than cache token 20260729ajs/renderers/mstr.js: latest commit 2026-08-11 is newer than cache token 20260714ajs/renderers/strc.js: latest commit 2026-08-11 is newer than cache token 20260714ajs/renderers/thusd.js: latest commit 2026-07-02 is newer than cache token 20260519js/renderers/usdd.js: latest commit 2026-04-02 is newer than cache token 20260331js/renderers/usdm.js: latest commit 2026-07-30 is newer than cache token 20260518bFrom https://github.com/todayindefi/backing-monitor
 * branch                main       -> FETCH_HEAD
Sat Aug 22 07:45:02 PM CST 2026: WARNING renderer cache tokens are stale (index.html may serve cached code):
js/renderers/crvusd.js: latest commit 2026-07-28 is newer than cache token 20260608ajs/renderers/ethena.js: latest commit 2026-08-22 is newer than cache token 20260608ajs/renderers/hastra-prime.js: latest commit 2026-07-31 is newer than cache token 20260729ajs/renderers/mstr.js: latest commit 2026-08-11 is newer than cache token 20260714ajs/renderers/strc.js: latest commit 2026-08-11 is newer than cache token 20260714ajs/renderers/thusd.js: latest commit 2026-07-02 is newer than cache token 20260519js/renderers/usdd.js: latest commit 2026-04-02 is newer than cache token 20260331js/renderers/usdm.js: latest commit 2026-07-30 is newer than cache token 20260518bFrom https://github.com/todayindefi/backing-monitor
 * branch                main       -> FETCH_HEAD
Sat Aug 22 08:45:02 PM CST 2026: WARNING renderer cache tokens are stale (index.html may serve cached code):
js/renderers/crvusd.js: latest commit 2026-07-28 is newer than cache token 20260608ajs/renderers/ethena.js: latest commit 2026-08-22 is newer than cache token 20260608ajs/renderers/hastra-prime.js: latest commit 2026-07-31 is newer than cache token 20260729ajs/renderers/mstr.js: latest commit 2026-08-11 is newer than cache token 20260714ajs/renderers/strc.js: latest commit 2026-08-11 is newer than cache token 20260714ajs/renderers/thusd.js: latest commit 2026-07-02 is newer than cache token 20260519js/renderers/usdd.js: latest commit 2026-04-02 is newer than cache token 20260331js/renderers/usdm.js: latest commit 2026-07-30 is newer than cache token 20260518bFrom https://github.com/todayindefi/backing-monitor
 * branch                main       -> FETCH_HEAD
Sat Aug 22 09:45:02 PM CST 2026: WARNING renderer cache tokens are stale (index.html may serve cached code):
js/renderers/crvusd.js: latest commit 2026-07-28 is newer than cache token 20260608ajs/renderers/ethena.js: latest commit 2026-08-22 is newer than cache token 20260608ajs/renderers/hastra-prime.js: latest commit 2026-07-31 is newer than cache token 20260729ajs/renderers/mstr.js: latest commit 2026-08-11 is newer than cache token 20260714ajs/renderers/strc.js: latest commit 2026-08-11 is newer than cache token 20260714ajs/renderers/thusd.js: latest commit 2026-07-02 is newer than cache token 20260519js/renderers/usdd.js: latest commit 2026-04-02 is newer than cache token 20260331js/renderers/usdm.js: latest commit 2026-07-30 is newer than cache token 20260518bFrom https://github.com/todayindefi/backing-monitor
 * branch                main       -> FETCH_HEAD
Sat Aug 22 10:45:03 PM CST 2026: WARNING renderer cache tokens are stale (index.html may serve cached code):
js/renderers/crvusd.js: latest commit 2026-07-28 is newer than cache token 20260608ajs/renderers/ethena.js: latest commit 2026-08-22 is newer than cache token 20260608ajs/renderers/hastra-prime.js: latest commit 2026-07-31 is newer than cache token 20260729ajs/renderers/mstr.js: latest commit 2026-08-11 is newer than cache token 20260714ajs/renderers/strc.js: latest commit 2026-08-11 is newer than cache token 20260714ajs/renderers/thusd.js: latest commit 2026-07-02 is newer than cache token 20260519js/renderers/usdd.js: latest commit 2026-04-02 is newer than cache token 20260331js/renderers/usdm.js: latest commit 2026-07-30 is newer than cache token 20260518bFrom https://github.com/todayindefi/backing-monitor
 * branch                main       -> FETCH_HEAD
Sat Aug 22 11:45:02 PM CST 2026: WARNING renderer cache tokens are stale (index.html may serve cached code):
js/renderers/crvusd.js: latest commit 2026-07-28 is newer than cache token 20260608ajs/renderers/ethena.js: latest commit 2026-08-22 is newer than cache token 20260608ajs/renderers/hastra-prime.js: latest commit 2026-07-31 is newer than cache token 20260729ajs/renderers/mstr.js: latest commit 2026-08-11 is newer than cache token 20260714ajs/renderers/strc.js: latest commit 2026-08-11 is newer than cache token 20260714ajs/renderers/thusd.js: latest commit 2026-07-02 is newer than cache token 20260519js/renderers/usdd.js: latest commit 2026-04-02 is newer than cache token 20260331js/renderers/usdm.js: latest commit 2026-07-30 is newer than cache token 20260518bFrom https://github.com/todayindefi/backing-monitor
 * branch                main       -> FETCH_HEAD
Sun Aug 23 12:45:02 AM CST 2026: WARNING renderer cache tokens are stale (index.html may serve cached code):
js/renderers/crvusd.js: latest commit 2026-07-28 is newer than cache token 20260608ajs/renderers/ethena.js: latest commit 2026-08-22 is newer than cache token 20260608ajs/renderers/hastra-prime.js: latest commit 2026-07-31 is newer than cache token 20260729ajs/renderers/mstr.js: latest commit 2026-08-11 is newer than cache token 20260714ajs/renderers/strc.js: latest commit 2026-08-11 is newer than cache token 20260714ajs/renderers/thusd.js: latest commit 2026-07-02 is newer than cache token 20260519js/renderers/usdd.js: latest commit 2026-04-02 is newer than cache token 20260331js/renderers/usdm.js: latest commit 2026-07-30 is newer than cache token 20260518bFrom https://github.com/todayindefi/backing-monitor
 * branch                main       -> FETCH_HEAD
Sun Aug 23 01:45:03 AM CST 2026: WARNING renderer cache tokens are stale (index.html may serve cached code):
js/renderers/crvusd.js: latest commit 2026-07-28 is newer than cache token 20260608ajs/renderers/ethena.js: latest commit 2026-08-22 is newer than cache token 20260608ajs/renderers/hastra-prime.js: latest commit 2026-07-31 is newer than cache token 20260729ajs/renderers/mstr.js: latest commit 2026-08-11 is newer than cache token 20260714ajs/renderers/strc.js: latest commit 2026-08-11 is newer than cache token 20260714ajs/renderers/thusd.js: latest commit 2026-07-02 is newer than cache token 20260519js/renderers/usdd.js: latest commit 2026-04-02 is newer than cache token 20260331js/renderers/usdm.js: latest commit 2026-07-30 is newer than cache token 20260518bFrom https://github.com/todayindefi/backing-monitor
 * branch                main       -> FETCH_HEAD
Sun Aug 23 02:45:02 AM CST 2026: WARNING renderer cache tokens are stale (index.html may serve cached code):
js/renderers/crvusd.js: latest commit 2026-07-28 is newer than cache token 20260608ajs/renderers/ethena.js: latest commit 2026-08-22 is newer than cache token 20260608ajs/renderers/hastra-prime.js: latest commit 2026-07-31 is newer than cache token 20260729ajs/renderers/mstr.js: latest commit 2026-08-11 is newer than cache token 20260714ajs/renderers/strc.js: latest commit 2026-08-11 is newer than cache token 20260714ajs/renderers/thusd.js: latest commit 2026-07-02 is newer than cache token 20260519js/renderers/usdd.js: latest commit 2026-04-02 is newer than cache token 20260331js/renderers/usdm.js: latest commit 2026-07-30 is newer than cache token 20260518bFrom https://github.com/todayindefi/backing-monitor
 * branch                main       -> FETCH_HEAD
Sun Aug 23 03:45:03 AM CST 2026: WARNING renderer cache tokens are stale (index.html may serve cached code):
js/renderers/crvusd.js: latest commit 2026-07-28 is newer than cache token 20260608ajs/renderers/ethena.js: latest commit 2026-08-22 is newer than cache token 20260608ajs/renderers/hastra-prime.js: latest commit 2026-07-31 is newer than cache token 20260729ajs/renderers/mstr.js: latest commit 2026-08-11 is newer than cache token 20260714ajs/renderers/strc.js: latest commit 2026-08-11 is newer than cache token 20260714ajs/renderers/thusd.js: latest commit 2026-07-02 is newer than cache token 20260519js/renderers/usdd.js: latest commit 2026-04-02 is newer than cache token 20260331js/renderers/usdm.js: latest commit 2026-07-30 is newer than cache token 20260518bFrom https://github.com/todayindefi/backing-monitor
 * branch                main       -> FETCH_HEAD
Sun Aug 23 04:45:02 AM CST 2026: WARNING renderer cache tokens are stale (index.html may serve cached code):
js/renderers/crvusd.js: latest commit 2026-07-28 is newer than cache token 20260608ajs/renderers/ethena.js: latest commit 2026-08-22 is newer than cache token 20260608ajs/renderers/hastra-prime.js: latest commit 2026-07-31 is newer than cache token 20260729ajs/renderers/mstr.js: latest commit 2026-08-11 is newer than cache token 20260714ajs/renderers/strc.js: latest commit 2026-08-11 is newer than cache token 20260714ajs/renderers/thusd.js: latest commit 2026-07-02 is newer than cache token 20260519js/renderers/usdd.js: latest commit 2026-04-02 is newer than cache token 20260331js/renderers/usdm.js: latest commit 2026-07-30 is newer than cache token 20260518bFrom https://github.com/todayindefi/backing-monitor
 * branch                main       -> FETCH_HEAD
Sun Aug 23 05:45:02 AM CST 2026: WARNING renderer cache tokens are stale (index.html may serve cached code):
js/renderers/crvusd.js: latest commit 2026-07-28 is newer than cache token 20260608ajs/renderers/ethena.js: latest commit 2026-08-22 is newer than cache token 20260608ajs/renderers/hastra-prime.js: latest commit 2026-07-31 is newer than cache token 20260729ajs/renderers/mstr.js: latest commit 2026-08-11 is newer than cache token 20260714ajs/renderers/strc.js: latest commit 2026-08-11 is newer than cache token 20260714ajs/renderers/thusd.js: latest commit 2026-07-02 is newer than cache token 20260519js/renderers/usdd.js: latest commit 2026-04-02 is newer than cache token 20260331js/renderers/usdm.js: latest commit 2026-07-30 is newer than cache token 20260518bFrom https://github.com/todayindefi/backing-monitor
 * branch                main       -> FETCH_HEAD
Sun Aug 23 06:45:02 AM CST 2026: WARNING renderer cache tokens are stale (index.html may serve cached code):
js/renderers/crvusd.js: latest commit 2026-07-28 is newer than cache token 20260608ajs/renderers/ethena.js: latest commit 2026-08-22 is newer than cache token 20260608ajs/renderers/hastra-prime.js: latest commit 2026-07-31 is newer than cache token 20260729ajs/renderers/mstr.js: latest commit 2026-08-11 is newer than cache token 20260714ajs/renderers/strc.js: latest commit 2026-08-11 is newer than cache token 20260714ajs/renderers/thusd.js: latest commit 2026-07-02 is newer than cache token 20260519js/renderers/usdd.js: latest commit 2026-04-02 is newer than cache token 20260331js/renderers/usdm.js: latest commit 2026-07-30 is newer than cache token 20260518bFrom https://github.com/todayindefi/backing-monitor
 * branch                main       -> FETCH_HEAD
Sun Aug 23 07:45:03 AM CST 2026: WARNING renderer cache tokens are stale (index.html may serve cached code):
js/renderers/crvusd.js: latest commit 2026-07-28 is newer than cache token 20260608ajs/renderers/ethena.js: latest commit 2026-08-22 is newer than cache token 20260608ajs/renderers/hastra-prime.js: latest commit 2026-07-31 is newer than cache token 20260729ajs/renderers/mstr.js: latest commit 2026-08-11 is newer than cache token 20260714ajs/renderers/strc.js: latest commit 2026-08-11 is newer than cache token 20260714ajs/renderers/thusd.js: latest commit 2026-07-02 is newer than cache token 20260519js/renderers/usdd.js: latest commit 2026-04-02 is newer than cache token 20260331js/renderers/usdm.js: latest commit 2026-07-30 is newer than cache token 20260518bFrom https://github.com/todayindefi/backing-monitor
 * branch                main       -> FETCH_HEAD
Sun Aug 23 08:45:03 AM CST 2026: WARNING renderer cache tokens are stale (index.html may serve cached code):
js/renderers/crvusd.js: latest commit 2026-07-28 is newer than cache token 20260608ajs/renderers/ethena.js: latest commit 2026-08-22 is newer than cache token 20260608ajs/renderers/hastra-prime.js: latest commit 2026-07-31 is newer than cache token 20260729ajs/renderers/mstr.js: latest commit 2026-08-11 is newer than cache token 20260714ajs/renderers/strc.js: latest commit 2026-08-11 is newer than cache token 20260714ajs/renderers/thusd.js: latest commit 2026-07-02 is newer than cache token 20260519js/renderers/usdd.js: latest commit 2026-04-02 is newer than cache token 20260331js/renderers/usdm.js: latest commit 2026-07-30 is newer than cache token 20260518bFrom https://github.com/todayindefi/backing-monitor
 * branch                main       -> FETCH_HEAD
Sun Aug 23 09:45:03 AM CST 2026: WARNING renderer cache tokens are stale (index.html may serve cached code):
js/renderers/crvusd.js: latest commit 2026-07-28 is newer than cache token 20260608ajs/renderers/ethena.js: latest commit 2026-08-22 is newer than cache token 20260608ajs/renderers/hastra-prime.js: latest commit 2026-07-31 is newer than cache token 20260729ajs/renderers/mstr.js: latest commit 2026-08-11 is newer than cache token 20260714ajs/renderers/strc.js: latest commit 2026-08-11 is newer than cache token 20260714ajs/renderers/thusd.js: latest commit 2026-07-02 is newer than cache token 20260519js/renderers/usdd.js: latest commit 2026-04-02 is newer than cache token 20260331js/renderers/usdm.js: latest commit 2026-07-30 is newer than cache token 20260518bFrom https://github.com/todayindefi/backing-monitor
 * branch                main       -> FETCH_HEAD
Sun Aug 23 10:45:03 AM CST 2026: WARNING renderer cache tokens are stale (index.html may serve cached code):
js/renderers/crvusd.js: latest commit 2026-07-28 is newer than cache token 20260608ajs/renderers/ethena.js: latest commit 2026-08-22 is newer than cache token 20260608ajs/renderers/hastra-prime.js: latest commit 2026-07-31 is newer than cache token 20260729ajs/renderers/mstr.js: latest commit 2026-08-11 is newer than cache token 20260714ajs/renderers/strc.js: latest commit 2026-08-11 is newer than cache token 20260714ajs/renderers/thusd.js: latest commit 2026-07-02 is newer than cache token 20260519js/renderers/usdd.js: latest commit 2026-04-02 is newer than cache token 20260331js/renderers/usdm.js: latest commit 2026-07-30 is newer than cache token 20260518bFrom https://github.com/todayindefi/backing-monitor
 * branch                main       -> FETCH_HEAD
Sun Aug 23 11:45:02 AM CST 2026: WARNING renderer cache tokens are stale (index.html may serve cached code):
js/renderers/crvusd.js: latest commit 2026-07-28 is newer than cache token 20260608ajs/renderers/ethena.js: latest commit 2026-08-22 is newer than cache token 20260608ajs/renderers/hastra-prime.js: latest commit 2026-07-31 is newer than cache token 20260729ajs/renderers/mstr.js: latest commit 2026-08-11 is newer than cache token 20260714ajs/renderers/strc.js: latest commit 2026-08-11 is newer than cache token 20260714ajs/renderers/thusd.js: latest commit 2026-07-02 is newer than cache token 20260519js/renderers/usdd.js: latest commit 2026-04-02 is newer than cache token 20260331js/renderers/usdm.js: latest commit 2026-07-30 is newer than cache token 20260518bFrom https://github.com/todayindefi/backing-monitor
 * branch                main       -> FETCH_HEAD
Sun Aug 23 12:45:02 PM CST 2026: WARNING renderer cache tokens are stale (index.html may serve cached code):
js/renderers/crvusd.js: latest commit 2026-07-28 is newer than cache token 20260608ajs/renderers/ethena.js: latest commit 2026-08-22 is newer than cache token 20260608ajs/renderers/hastra-prime.js: latest commit 2026-07-31 is newer than cache token 20260729ajs/renderers/mstr.js: latest commit 2026-08-11 is newer than cache token 20260714ajs/renderers/strc.js: latest commit 2026-08-11 is newer than cache token 20260714ajs/renderers/thusd.js: latest commit 2026-07-02 is newer than cache token 20260519js/renderers/usdd.js: latest commit 2026-04-02 is newer than cache token 20260331js/renderers/usdm.js: latest commit 2026-07-30 is newer than cache token 20260518bFrom https://github.com/todayindefi/backing-monitor
 * branch                main       -> FETCH_HEAD
Sun Aug 23 01:45:02 PM CST 2026: WARNING renderer cache tokens are stale (index.html may serve cached code):
js/renderers/crvusd.js: latest commit 2026-07-28 is newer than cache token 20260608ajs/renderers/ethena.js: latest commit 2026-08-22 is newer than cache token 20260608ajs/renderers/hastra-prime.js: latest commit 2026-07-31 is newer than cache token 20260729ajs/renderers/mstr.js: latest commit 2026-08-11 is newer than cache token 20260714ajs/renderers/strc.js: latest commit 2026-08-11 is newer than cache token 20260714ajs/renderers/thusd.js: latest commit 2026-07-02 is newer than cache token 20260519js/renderers/usdd.js: latest commit 2026-04-02 is newer than cache token 20260331js/renderers/usdm.js: latest commit 2026-07-30 is newer than cache token 20260518bFrom https://github.com/todayindefi/backing-monitor
 * branch                main       -> FETCH_HEAD
Sun Aug 23 02:45:02 PM CST 2026: WARNING renderer cache tokens are stale (index.html may serve cached code):
js/renderers/crvusd.js: latest commit 2026-07-28 is newer than cache token 20260608ajs/renderers/ethena.js: latest commit 2026-08-22 is newer than cache token 20260608ajs/renderers/hastra-prime.js: latest commit 2026-07-31 is newer than cache token 20260729ajs/renderers/mstr.js: latest commit 2026-08-11 is newer than cache token 20260714ajs/renderers/strc.js: latest commit 2026-08-11 is newer than cache token 20260714ajs/renderers/thusd.js: latest commit 2026-07-02 is newer than cache token 20260519js/renderers/usdd.js: latest commit 2026-04-02 is newer than cache token 20260331js/renderers/usdm.js: latest commit 2026-07-30 is newer than cache token 20260518bFrom https://github.com/todayindefi/backing-monitor
 * branch                main       -> FETCH_HEAD
Sun Aug 23 03:45:02 PM CST 2026: WARNING frontend files are dirty at sync time (js/ or index.html) — publish intentionally; sync will not auto-commit them:
 M index.html
 M js/renderers/mstr.js
 M js/renderers/strc.js
Sun Aug 23 03:45:02 PM CST 2026: WARNING renderer cache tokens are stale (index.html may serve cached code):
js/renderers/crvusd.js: latest commit 2026-07-28 is newer than cache token 20260608ajs/renderers/ethena.js: latest commit 2026-08-22 is newer than cache token 20260608ajs/renderers/hastra-prime.js: latest commit 2026-07-31 is newer than cache token 20260729ajs/renderers/thusd.js: latest commit 2026-07-02 is newer than cache token 20260519js/renderers/usdd.js: latest commit 2026-04-02 is newer than cache token 20260331js/renderers/usdm.js: latest commit 2026-07-30 is newer than cache token 20260518bFrom https://github.com/todayindefi/backing-monitor
 * branch                main       -> FETCH_HEAD
Sun Aug 23 04:45:02 PM CST 2026: WARNING renderer cache tokens are stale (index.html may serve cached code):
js/renderers/crvusd.js: latest commit 2026-07-28 is newer than cache token 20260608ajs/renderers/ethena.js: latest commit 2026-08-22 is newer than cache token 20260608ajs/renderers/hastra-prime.js: latest commit 2026-07-31 is newer than cache token 20260729ajs/renderers/thusd.js: latest commit 2026-07-02 is newer than cache token 20260519js/renderers/usdd.js: latest commit 2026-04-02 is newer than cache token 20260331js/renderers/usdm.js: latest commit 2026-07-30 is newer than cache token 20260518bFrom https://github.com/todayindefi/backing-monitor
 * branch                main       -> FETCH_HEAD
Sun Aug 23 05:45:02 PM CST 2026: WARNING renderer cache tokens are stale (index.html may serve cached code):
js/renderers/crvusd.js: latest commit 2026-07-28 is newer than cache token 20260608ajs/renderers/ethena.js: latest commit 2026-08-22 is newer than cache token 20260608ajs/renderers/hastra-prime.js: latest commit 2026-07-31 is newer than cache token 20260729ajs/renderers/thusd.js: latest commit 2026-07-02 is newer than cache token 20260519js/renderers/usdd.js: latest commit 2026-04-02 is newer than cache token 20260331js/renderers/usdm.js: latest commit 2026-07-30 is newer than cache token 20260518bFrom https://github.com/todayindefi/backing-monitor
 * branch                main       -> FETCH_HEAD
Sun Aug 23 06:45:02 PM CST 2026: WARNING renderer cache tokens are stale (index.html may serve cached code):
js/renderers/crvusd.js: latest commit 2026-07-28 is newer than cache token 20260608ajs/renderers/ethena.js: latest commit 2026-08-22 is newer than cache token 20260608ajs/renderers/hastra-prime.js: latest commit 2026-07-31 is newer than cache token 20260729ajs/renderers/thusd.js: latest commit 2026-07-02 is newer than cache token 20260519js/renderers/usdd.js: latest commit 2026-04-02 is newer than cache token 20260331js/renderers/usdm.js: latest commit 2026-07-30 is newer than cache token 20260518bFrom https://github.com/todayindefi/backing-monitor
 * branch                main       -> FETCH_HEAD
Sun Aug 23 07:45:02 PM CST 2026: WARNING renderer cache tokens are stale (index.html may serve cached code):
js/renderers/crvusd.js: latest commit 2026-07-28 is newer than cache token 20260608ajs/renderers/ethena.js: latest commit 2026-08-22 is newer than cache token 20260608ajs/renderers/hastra-prime.js: latest commit 2026-07-31 is newer than cache token 20260729ajs/renderers/thusd.js: latest commit 2026-07-02 is newer than cache token 20260519js/renderers/usdd.js: latest commit 2026-04-02 is newer than cache token 20260331js/renderers/usdm.js: latest commit 2026-07-30 is newer than cache token 20260518bFrom https://github.com/todayindefi/backing-monitor
 * branch                main       -> FETCH_HEAD
Sun Aug 23 08:45:03 PM CST 2026: WARNING renderer cache tokens are stale (index.html may serve cached code):
js/renderers/crvusd.js: latest commit 2026-07-28 is newer than cache token 20260608ajs/renderers/ethena.js: latest commit 2026-08-22 is newer than cache token 20260608ajs/renderers/hastra-prime.js: latest commit 2026-07-31 is newer than cache token 20260729ajs/renderers/thusd.js: latest commit 2026-07-02 is newer than cache token 20260519js/renderers/usdd.js: latest commit 2026-04-02 is newer than cache token 20260331js/renderers/usdm.js: latest commit 2026-07-30 is newer than cache token 20260518bFrom https://github.com/todayindefi/backing-monitor
 * branch                main       -> FETCH_HEAD
Sun Aug 23 09:45:02 PM CST 2026: WARNING renderer cache tokens are stale (index.html may serve cached code):
js/renderers/crvusd.js: latest commit 2026-07-28 is newer than cache token 20260608ajs/renderers/ethena.js: latest commit 2026-08-22 is newer than cache token 20260608ajs/renderers/hastra-prime.js: latest commit 2026-07-31 is newer than cache token 20260729ajs/renderers/thusd.js: latest commit 2026-07-02 is newer than cache token 20260519js/renderers/usdd.js: latest commit 2026-04-02 is newer than cache token 20260331js/renderers/usdm.js: latest commit 2026-07-30 is newer than cache token 20260518bFrom https://github.com/todayindefi/backing-monitor
 * branch                main       -> FETCH_HEAD
Sun Aug 23 10:45:03 PM CST 2026: WARNING renderer cache tokens are stale (index.html may serve cached code):
js/renderers/crvusd.js: latest commit 2026-07-28 is newer than cache token 20260608ajs/renderers/ethena.js: latest commit 2026-08-22 is newer than cache token 20260608ajs/renderers/hastra-prime.js: latest commit 2026-07-31 is newer than cache token 20260729ajs/renderers/thusd.js: latest commit 2026-07-02 is newer than cache token 20260519js/renderers/usdd.js: latest commit 2026-04-02 is newer than cache token 20260331js/renderers/usdm.js: latest commit 2026-07-30 is newer than cache token 20260518bFrom https://github.com/todayindefi/backing-monitor
 * branch                main       -> FETCH_HEAD
Sun Aug 23 11:45:02 PM CST 2026: WARNING renderer cache tokens are stale (index.html may serve cached code):
js/renderers/crvusd.js: latest commit 2026-07-28 is newer than cache token 20260608ajs/renderers/ethena.js: latest commit 2026-08-22 is newer than cache token 20260608ajs/renderers/hastra-prime.js: latest commit 2026-07-31 is newer than cache token 20260729ajs/renderers/thusd.js: latest commit 2026-07-02 is newer than cache token 20260519js/renderers/usdd.js: latest commit 2026-04-02 is newer than cache token 20260331js/renderers/usdm.js: latest commit 2026-07-30 is newer than cache token 20260518bFrom https://github.com/todayindefi/backing-monitor
 * branch                main       -> FETCH_HEAD
Mon Aug 24 12:45:02 AM CST 2026: WARNING renderer cache tokens are stale (index.html may serve cached code):
js/renderers/crvusd.js: latest commit 2026-07-28 is newer than cache token 20260608ajs/renderers/ethena.js: latest commit 2026-08-22 is newer than cache token 20260608ajs/renderers/hastra-prime.js: latest commit 2026-07-31 is newer than cache token 20260729ajs/renderers/thusd.js: latest commit 2026-07-02 is newer than cache token 20260519js/renderers/usdd.js: latest commit 2026-04-02 is newer than cache token 20260331js/renderers/usdm.js: latest commit 2026-07-30 is newer than cache token 20260518bFrom https://github.com/todayindefi/backing-monitor
 * branch                main       -> FETCH_HEAD
Mon Aug 24 01:45:02 AM CST 2026: WARNING renderer cache tokens are stale (index.html may serve cached code):
js/renderers/crvusd.js: latest commit 2026-07-28 is newer than cache token 20260608ajs/renderers/ethena.js: latest commit 2026-08-22 is newer than cache token 20260608ajs/renderers/hastra-prime.js: latest commit 2026-07-31 is newer than cache token 20260729ajs/renderers/thusd.js: latest commit 2026-07-02 is newer than cache token 20260519js/renderers/usdd.js: latest commit 2026-04-02 is newer than cache token 20260331js/renderers/usdm.js: latest commit 2026-07-30 is newer than cache token 20260518bFrom https://github.com/todayindefi/backing-monitor
 * branch                main       -> FETCH_HEAD
Mon Aug 24 02:45:02 AM CST 2026: WARNING renderer cache tokens are stale (index.html may serve cached code):
js/renderers/crvusd.js: latest commit 2026-07-28 is newer than cache token 20260608ajs/renderers/ethena.js: latest commit 2026-08-22 is newer than cache token 20260608ajs/renderers/hastra-prime.js: latest commit 2026-07-31 is newer than cache token 20260729ajs/renderers/thusd.js: latest commit 2026-07-02 is newer than cache token 20260519js/renderers/usdd.js: latest commit 2026-04-02 is newer than cache token 20260331js/renderers/usdm.js: latest commit 2026-07-30 is newer than cache token 20260518bFrom https://github.com/todayindefi/backing-monitor
 * branch                main       -> FETCH_HEAD
Mon Aug 24 03:45:02 AM CST 2026: WARNING renderer cache tokens are stale (index.html may serve cached code):
js/renderers/crvusd.js: latest commit 2026-07-28 is newer than cache token 20260608ajs/renderers/ethena.js: latest commit 2026-08-22 is newer than cache token 20260608ajs/renderers/hastra-prime.js: latest commit 2026-07-31 is newer than cache token 20260729ajs/renderers/thusd.js: latest commit 2026-07-02 is newer than cache token 20260519js/renderers/usdd.js: latest commit 2026-04-02 is newer than cache token 20260331js/renderers/usdm.js: latest commit 2026-07-30 is newer than cache token 20260518bFrom https://github.com/todayindefi/backing-monitor
 * branch                main       -> FETCH_HEAD
Mon Aug 24 04:45:02 AM CST 2026: WARNING renderer cache tokens are stale (index.html may serve cached code):
js/renderers/crvusd.js: latest commit 2026-07-28 is newer than cache token 20260608ajs/renderers/ethena.js: latest commit 2026-08-22 is newer than cache token 20260608ajs/renderers/hastra-prime.js: latest commit 2026-07-31 is newer than cache token 20260729ajs/renderers/thusd.js: latest commit 2026-07-02 is newer than cache token 20260519js/renderers/usdd.js: latest commit 2026-04-02 is newer than cache token 20260331js/renderers/usdm.js: latest commit 2026-07-30 is newer than cache token 20260518bFrom https://github.com/todayindefi/backing-monitor
 * branch                main       -> FETCH_HEAD
Mon Aug 24 05:45:02 AM CST 2026: WARNING renderer cache tokens are stale (index.html may serve cached code):
js/renderers/crvusd.js: latest commit 2026-07-28 is newer than cache token 20260608ajs/renderers/ethena.js: latest commit 2026-08-22 is newer than cache token 20260608ajs/renderers/hastra-prime.js: latest commit 2026-07-31 is newer than cache token 20260729ajs/renderers/thusd.js: latest commit 2026-07-02 is newer than cache token 20260519js/renderers/usdd.js: latest commit 2026-04-02 is newer than cache token 20260331js/renderers/usdm.js: latest commit 2026-07-30 is newer than cache token 20260518bFrom https://github.com/todayindefi/backing-monitor
 * branch                main       -> FETCH_HEAD
Mon Aug 24 06:45:02 AM CST 2026: WARNING renderer cache tokens are stale (index.html may serve cached code):
js/renderers/crvusd.js: latest commit 2026-07-28 is newer than cache token 20260608ajs/renderers/ethena.js: latest commit 2026-08-22 is newer than cache token 20260608ajs/renderers/hastra-prime.js: latest commit 2026-07-31 is newer than cache token 20260729ajs/renderers/thusd.js: latest commit 2026-07-02 is newer than cache token 20260519js/renderers/usdd.js: latest commit 2026-04-02 is newer than cache token 20260331js/renderers/usdm.js: latest commit 2026-07-30 is newer than cache token 20260518bFrom https://github.com/todayindefi/backing-monitor
 * branch                main       -> FETCH_HEAD
Mon Aug 24 07:45:02 AM CST 2026: WARNING renderer cache tokens are stale (index.html may serve cached code):
js/renderers/crvusd.js: latest commit 2026-07-28 is newer than cache token 20260608ajs/renderers/ethena.js: latest commit 2026-08-22 is newer than cache token 20260608ajs/renderers/hastra-prime.js: latest commit 2026-07-31 is newer than cache token 20260729ajs/renderers/thusd.js: latest commit 2026-07-02 is newer than cache token 20260519js/renderers/usdd.js: latest commit 2026-04-02 is newer than cache token 20260331js/renderers/usdm.js: latest commit 2026-07-30 is newer than cache token 20260518bFrom https://github.com/todayindefi/backing-monitor
 * branch                main       -> FETCH_HEAD
Mon Aug 24 08:45:02 AM CST 2026: WARNING renderer cache tokens are stale (index.html may serve cached code):
js/renderers/crvusd.js: latest commit 2026-07-28 is newer than cache token 20260608ajs/renderers/ethena.js: latest commit 2026-08-22 is newer than cache token 20260608ajs/renderers/hastra-prime.js: latest commit 2026-07-31 is newer than cache token 20260729ajs/renderers/thusd.js: latest commit 2026-07-02 is newer than cache token 20260519js/renderers/usdd.js: latest commit 2026-04-02 is newer than cache token 20260331js/renderers/usdm.js: latest commit 2026-07-30 is newer than cache token 20260518bFrom https://github.com/todayindefi/backing-monitor
 * branch                main       -> FETCH_HEAD
Mon Aug 24 09:45:02 AM CST 2026: WARNING renderer cache tokens are stale (index.html may serve cached code):
js/renderers/crvusd.js: latest commit 2026-07-28 is newer than cache token 20260608ajs/renderers/ethena.js: latest commit 2026-08-22 is newer than cache token 20260608ajs/renderers/hastra-prime.js: latest commit 2026-07-31 is newer than cache token 20260729ajs/renderers/thusd.js: latest commit 2026-07-02 is newer than cache token 20260519js/renderers/usdd.js: latest commit 2026-04-02 is newer than cache token 20260331From https://github.com/todayindefi/backing-monitor
 * branch                main       -> FETCH_HEAD
Mon Aug 24 10:45:02 AM CST 2026: WARNING renderer cache tokens are stale (index.html may serve cached code):
js/renderers/crvusd.js: latest commit 2026-07-28 is newer than cache token 20260608ajs/renderers/ethena.js: latest commit 2026-08-22 is newer than cache token 20260608ajs/renderers/hastra-prime.js: latest commit 2026-07-31 is newer than cache token 20260729ajs/renderers/thusd.js: latest commit 2026-07-02 is newer than cache token 20260519js/renderers/usdd.js: latest commit 2026-04-02 is newer than cache token 20260331From https://github.com/todayindefi/backing-monitor
 * branch                main       -> FETCH_HEAD
Mon Aug 24 11:45:02 AM CST 2026: WARNING renderer cache tokens are stale (index.html may serve cached code):
js/renderers/crvusd.js: latest commit 2026-07-28 is newer than cache token 20260608ajs/renderers/ethena.js: latest commit 2026-08-22 is newer than cache token 20260608ajs/renderers/hastra-prime.js: latest commit 2026-07-31 is newer than cache token 20260729ajs/renderers/thusd.js: latest commit 2026-07-02 is newer than cache token 20260519js/renderers/usdd.js: latest commit 2026-04-02 is newer than cache token 20260331From https://github.com/todayindefi/backing-monitor
 * branch                main       -> FETCH_HEAD
Mon Aug 24 12:45:02 PM CST 2026: WARNING renderer cache tokens are stale (index.html may serve cached code):
js/renderers/crvusd.js: latest commit 2026-07-28 is newer than cache token 20260608ajs/renderers/ethena.js: latest commit 2026-08-22 is newer than cache token 20260608ajs/renderers/hastra-prime.js: latest commit 2026-07-31 is newer than cache token 20260729ajs/renderers/thusd.js: latest commit 2026-07-02 is newer than cache token 20260519js/renderers/usdd.js: latest commit 2026-04-02 is newer than cache token 20260331From https://github.com/todayindefi/backing-monitor
 * branch                main       -> FETCH_HEAD
Mon Aug 24 01:45:02 PM CST 2026: WARNING renderer cache tokens are stale (index.html may serve cached code):
js/renderers/crvusd.js: latest commit 2026-07-28 is newer than cache token 20260608ajs/renderers/ethena.js: latest commit 2026-08-22 is newer than cache token 20260608ajs/renderers/hastra-prime.js: latest commit 2026-07-31 is newer than cache token 20260729ajs/renderers/thusd.js: latest commit 2026-07-02 is newer than cache token 20260519js/renderers/usdd.js: latest commit 2026-04-02 is newer than cache token 20260331From https://github.com/todayindefi/backing-monitor
 * branch                main       -> FETCH_HEAD
Mon Aug 24 02:45:02 PM CST 2026: WARNING renderer cache tokens are stale (index.html may serve cached code):
js/renderers/crvusd.js: latest commit 2026-07-28 is newer than cache token 20260608ajs/renderers/ethena.js: latest commit 2026-08-22 is newer than cache token 20260608ajs/renderers/hastra-prime.js: latest commit 2026-07-31 is newer than cache token 20260729ajs/renderers/thusd.js: latest commit 2026-07-02 is newer than cache token 20260519js/renderers/usdd.js: latest commit 2026-04-02 is newer than cache token 20260331From https://github.com/todayindefi/backing-monitor
 * branch                main       -> FETCH_HEAD
Mon Aug 24 03:45:03 PM CST 2026: WARNING renderer cache tokens are stale (index.html may serve cached code):
js/renderers/crvusd.js: latest commit 2026-07-28 is newer than cache token 20260608ajs/renderers/ethena.js: latest commit 2026-08-22 is newer than cache token 20260608ajs/renderers/hastra-prime.js: latest commit 2026-07-31 is newer than cache token 20260729ajs/renderers/thusd.js: latest commit 2026-07-02 is newer than cache token 20260519From https://github.com/todayindefi/backing-monitor
 * branch                main       -> FETCH_HEAD
Mon Aug 24 04:45:02 PM CST 2026: WARNING renderer cache tokens are stale (index.html may serve cached code):
js/renderers/crvusd.js: latest commit 2026-07-28 is newer than cache token 20260608ajs/renderers/ethena.js: latest commit 2026-08-22 is newer than cache token 20260608ajs/renderers/hastra-prime.js: latest commit 2026-07-31 is newer than cache token 20260729ajs/renderers/thusd.js: latest commit 2026-07-02 is newer than cache token 20260519From https://github.com/todayindefi/backing-monitor
 * branch                main       -> FETCH_HEAD
From https://github.com/todayindefi/backing-monitor
 * branch                main       -> FETCH_HEAD
From https://github.com/todayindefi/backing-monitor
 * branch                main       -> FETCH_HEAD
From https://github.com/todayindefi/backing-monitor
 * branch                main       -> FETCH_HEAD
From https://github.com/todayindefi/backing-monitor
 * branch                main       -> FETCH_HEAD
From https://github.com/todayindefi/backing-monitor
 * branch                main       -> FETCH_HEAD
From https://github.com/todayindefi/backing-monitor
 * branch                main       -> FETCH_HEAD
From https://github.com/todayindefi/backing-monitor
 * branch                main       -> FETCH_HEAD
From https://github.com/todayindefi/backing-monitor
 * branch                main       -> FETCH_HEAD
From https://github.com/todayindefi/backing-monitor
 * branch                main       -> FETCH_HEAD
From https://github.com/todayindefi/backing-monitor
 * branch                main       -> FETCH_HEAD
From https://github.com/todayindefi/backing-monitor
 * branch                main       -> FETCH_HEAD
From https://github.com/todayindefi/backing-monitor
 * branch                main       -> FETCH_HEAD
From https://github.com/todayindefi/backing-monitor
 * branch                main       -> FETCH_HEAD
From https://github.com/todayindefi/backing-monitor
 * branch                main       -> FETCH_HEAD
From https://github.com/todayindefi/backing-monitor
 * branch                main       -> FETCH_HEAD
From https://github.com/todayindefi/backing-monitor
 * branch                main       -> FETCH_HEAD
From https://github.com/todayindefi/backing-monitor
 * branch                main       -> FETCH_HEAD
From https://github.com/todayindefi/backing-monitor
 * branch                main       -> FETCH_HEAD
From https://github.com/todayindefi/backing-monitor
 * branch                main       -> FETCH_HEAD
From https://github.com/todayindefi/backing-monitor
 * branch                main       -> FETCH_HEAD
From https://github.com/todayindefi/backing-monitor
 * branch                main       -> FETCH_HEAD
From https://github.com/todayindefi/backing-monitor
 * branch                main       -> FETCH_HEAD
From https://github.com/todayindefi/backing-monitor
 * branch                main       -> FETCH_HEAD
From https://github.com/todayindefi/backing-monitor
 * branch                main       -> FETCH_HEAD
From https://github.com/todayindefi/backing-monitor
 * branch                main       -> FETCH_HEAD
From https://github.com/todayindefi/backing-monitor
 * branch                main       -> FETCH_HEAD
From https://github.com/todayindefi/backing-monitor
 * branch                main       -> FETCH_HEAD
From https://github.com/todayindefi/backing-monitor
 * branch                main       -> FETCH_HEAD
From https://github.com/todayindefi/backing-monitor
 * branch                main       -> FETCH_HEAD
From https://github.com/todayindefi/backing-monitor
 * branch                main       -> FETCH_HEAD
From https://github.com/todayindefi/backing-monitor
 * branch                main       -> FETCH_HEAD
From https://github.com/todayindefi/backing-monitor
 * branch                main       -> FETCH_HEAD
From https://github.com/todayindefi/backing-monitor
 * branch                main       -> FETCH_HEAD
From https://github.com/todayindefi/backing-monitor
 * branch                main       -> FETCH_HEAD
From https://github.com/todayindefi/backing-monitor
 * branch                main       -> FETCH_HEAD
From https://github.com/todayindefi/backing-monitor
 * branch                main       -> FETCH_HEAD
From https://github.com/todayindefi/backing-monitor
 * branch                main       -> FETCH_HEAD
From https://github.com/todayindefi/backing-monitor
 * branch                main       -> FETCH_HEAD
From https://github.com/todayindefi/backing-monitor
 * branch                main       -> FETCH_HEAD
From https://github.com/todayindefi/backing-monitor
 * branch                main       -> FETCH_HEAD
From https://github.com/todayindefi/backing-monitor
 * branch                main       -> FETCH_HEAD
From https://github.com/todayindefi/backing-monitor
 * branch                main       -> FETCH_HEAD
From https://github.com/todayindefi/backing-monitor
 * branch                main       -> FETCH_HEAD
From https://github.com/todayindefi/backing-monitor
 * branch                main       -> FETCH_HEAD
From https://github.com/todayindefi/backing-monitor
 * branch                main       -> FETCH_HEAD
From https://github.com/todayindefi/backing-monitor
 * branch                main       -> FETCH_HEAD
From https://github.com/todayindefi/backing-monitor
 * branch                main       -> FETCH_HEAD
From https://github.com/todayindefi/backing-monitor
 * branch                main       -> FETCH_HEAD
From https://github.com/todayindefi/backing-monitor
 * branch                main       -> FETCH_HEAD
From https://github.com/todayindefi/backing-monitor
 * branch                main       -> FETCH_HEAD
From https://github.com/todayindefi/backing-monitor
 * branch                main       -> FETCH_HEAD
From https://github.com/todayindefi/backing-monitor
 * branch                main       -> FETCH_HEAD
From https://github.com/todayindefi/backing-monitor
 * branch                main       -> FETCH_HEAD
From https://github.com/todayindefi/backing-monitor
 * branch                main       -> FETCH_HEAD
From https://github.com/todayindefi/backing-monitor
 * branch                main       -> FETCH_HEAD
From https://github.com/todayindefi/backing-monitor
 * branch                main       -> FETCH_HEAD
From https://github.com/todayindefi/backing-monitor
 * branch                main       -> FETCH_HEAD
From https://github.com/todayindefi/backing-monitor
 * branch                main       -> FETCH_HEAD
From https://github.com/todayindefi/backing-monitor
 * branch                main       -> FETCH_HEAD
From https://github.com/todayindefi/backing-monitor
 * branch                main       -> FETCH_HEAD
From https://github.com/todayindefi/backing-monitor
 * branch                main       -> FETCH_HEAD
From https://github.com/todayindefi/backing-monitor
 * branch                main       -> FETCH_HEAD
From https://github.com/todayindefi/backing-monitor
 * branch                main       -> FETCH_HEAD
From https://github.com/todayindefi/backing-monitor
 * branch                main       -> FETCH_HEAD
From https://github.com/todayindefi/backing-monitor
 * branch                main       -> FETCH_HEAD
From https://github.com/todayindefi/backing-monitor
 * branch                main       -> FETCH_HEAD
From https://github.com/todayindefi/backing-monitor
 * branch                main       -> FETCH_HEAD
From https://github.com/todayindefi/backing-monitor
 * branch                main       -> FETCH_HEAD
From https://github.com/todayindefi/backing-monitor
 * branch                main       -> FETCH_HEAD
From https://github.com/todayindefi/backing-monitor
 * branch                main       -> FETCH_HEAD
From https://github.com/todayindefi/backing-monitor
 * branch                main       -> FETCH_HEAD
From https://github.com/todayindefi/backing-monitor
 * branch                main       -> FETCH_HEAD
Thu Aug 27 05:45:03 PM CST 2026: WARNING renderer cache tokens are stale (index.html may serve cached code):
js/renderers/cap.js: latest commit 2026-08-27 is newer than cache token 20260714aFrom https://github.com/todayindefi/backing-monitor
 * branch                main       -> FETCH_HEAD
From https://github.com/todayindefi/backing-monitor
 * branch                main       -> FETCH_HEAD
From https://github.com/todayindefi/backing-monitor
 * branch                main       -> FETCH_HEAD
From https://github.com/todayindefi/backing-monitor
 * branch                main       -> FETCH_HEAD
From https://github.com/todayindefi/backing-monitor
 * branch                main       -> FETCH_HEAD
From https://github.com/todayindefi/backing-monitor
 * branch                main       -> FETCH_HEAD
From https://github.com/todayindefi/backing-monitor
 * branch                main       -> FETCH_HEAD
From https://github.com/todayindefi/backing-monitor
 * branch                main       -> FETCH_HEAD
From https://github.com/todayindefi/backing-monitor
 * branch                main       -> FETCH_HEAD
From https://github.com/todayindefi/backing-monitor
 * branch                main       -> FETCH_HEAD
From https://github.com/todayindefi/backing-monitor
 * branch                main       -> FETCH_HEAD
From https://github.com/todayindefi/backing-monitor
 * branch                main       -> FETCH_HEAD
From https://github.com/todayindefi/backing-monitor
 * branch                main       -> FETCH_HEAD
From https://github.com/todayindefi/backing-monitor
 * branch                main       -> FETCH_HEAD
From https://github.com/todayindefi/backing-monitor
 * branch                main       -> FETCH_HEAD
From https://github.com/todayindefi/backing-monitor
 * branch                main       -> FETCH_HEAD
From https://github.com/todayindefi/backing-monitor
 * branch                main       -> FETCH_HEAD
From https://github.com/todayindefi/backing-monitor
 * branch                main       -> FETCH_HEAD
From https://github.com/todayindefi/backing-monitor
 * branch                main       -> FETCH_HEAD
From https://github.com/todayindefi/backing-monitor
 * branch                main       -> FETCH_HEAD
From https://github.com/todayindefi/backing-monitor
 * branch                main       -> FETCH_HEAD
From https://github.com/todayindefi/backing-monitor
 * branch                main       -> FETCH_HEAD
From https://github.com/todayindefi/backing-monitor
 * branch                main       -> FETCH_HEAD
From https://github.com/todayindefi/backing-monitor
 * branch                main       -> FETCH_HEAD
From https://github.com/todayindefi/backing-monitor
 * branch                main       -> FETCH_HEAD
From https://github.com/todayindefi/backing-monitor
 * branch                main       -> FETCH_HEAD
From https://github.com/todayindefi/backing-monitor
 * branch                main       -> FETCH_HEAD
From https://github.com/todayindefi/backing-monitor
 * branch                main       -> FETCH_HEAD
From https://github.com/todayindefi/backing-monitor
 * branch                main       -> FETCH_HEAD
From https://github.com/todayindefi/backing-monitor
 * branch                main       -> FETCH_HEAD
From https://github.com/todayindefi/backing-monitor
 * branch                main       -> FETCH_HEAD
From https://github.com/todayindefi/backing-monitor
 * branch                main       -> FETCH_HEAD
From https://github.com/todayindefi/backing-monitor
 * branch                main       -> FETCH_HEAD
From https://github.com/todayindefi/backing-monitor
 * branch                main       -> FETCH_HEAD
From https://github.com/todayindefi/backing-monitor
 * branch                main       -> FETCH_HEAD
From https://github.com/todayindefi/backing-monitor
 * branch                main       -> FETCH_HEAD
From https://github.com/todayindefi/backing-monitor
 * branch                main       -> FETCH_HEAD
From https://github.com/todayindefi/backing-monitor
 * branch                main       -> FETCH_HEAD
From https://github.com/todayindefi/backing-monitor
 * branch                main       -> FETCH_HEAD
From https://github.com/todayindefi/backing-monitor
 * branch                main       -> FETCH_HEAD
From https://github.com/todayindefi/backing-monitor
 * branch                main       -> FETCH_HEAD
From https://github.com/todayindefi/backing-monitor
 * branch                main       -> FETCH_HEAD
From https://github.com/todayindefi/backing-monitor
 * branch                main       -> FETCH_HEAD
From https://github.com/todayindefi/backing-monitor
 * branch                main       -> FETCH_HEAD
From https://github.com/todayindefi/backing-monitor
 * branch                main       -> FETCH_HEAD
From https://github.com/todayindefi/backing-monitor
 * branch                main       -> FETCH_HEAD
From https://github.com/todayindefi/backing-monitor
 * branch                main       -> FETCH_HEAD
From https://github.com/todayindefi/backing-monitor
 * branch                main       -> FETCH_HEAD
From https://github.com/todayindefi/backing-monitor
 * branch                main       -> FETCH_HEAD
From https://github.com/todayindefi/backing-monitor
 * branch                main       -> FETCH_HEAD
From https://github.com/todayindefi/backing-monitor
 * branch                main       -> FETCH_HEAD
From https://github.com/todayindefi/backing-monitor
 * branch                main       -> FETCH_HEAD
From https://github.com/todayindefi/backing-monitor
 * branch                main       -> FETCH_HEAD
From https://github.com/todayindefi/backing-monitor
 * branch                main       -> FETCH_HEAD
Sat Aug 29 10:08:02 PM CST 2026: WARNING frontend files are dirty at sync time (js/ or index.html) — publish intentionally; sync will not auto-commit them:
 M index.html
 M js/renderers/common.js
From https://github.com/todayindefi/backing-monitor
 * branch                main       -> FETCH_HEAD
From https://github.com/todayindefi/backing-monitor
 * branch                main       -> FETCH_HEAD
From https://github.com/todayindefi/backing-monitor
 * branch                main       -> FETCH_HEAD
From https://github.com/todayindefi/backing-monitor
 * branch                main       -> FETCH_HEAD
From https://github.com/todayindefi/backing-monitor
 * branch                main       -> FETCH_HEAD
From https://github.com/todayindefi/backing-monitor
 * branch                main       -> FETCH_HEAD
From https://github.com/todayindefi/backing-monitor
 * branch                main       -> FETCH_HEAD
From https://github.com/todayindefi/backing-monitor
 * branch                main       -> FETCH_HEAD
From https://github.com/todayindefi/backing-monitor
 * branch                main       -> FETCH_HEAD
From https://github.com/todayindefi/backing-monitor
 * branch                main       -> FETCH_HEAD
From https://github.com/todayindefi/backing-monitor
 * branch                main       -> FETCH_HEAD
From https://github.com/todayindefi/backing-monitor
 * branch                main       -> FETCH_HEAD
From https://github.com/todayindefi/backing-monitor
 * branch                main       -> FETCH_HEAD
From https://github.com/todayindefi/backing-monitor
 * branch                main       -> FETCH_HEAD
From https://github.com/todayindefi/backing-monitor
 * branch                main       -> FETCH_HEAD
From https://github.com/todayindefi/backing-monitor
 * branch                main       -> FETCH_HEAD
From https://github.com/todayindefi/backing-monitor
 * branch                main       -> FETCH_HEAD
From https://github.com/todayindefi/backing-monitor
 * branch                main       -> FETCH_HEAD
From https://github.com/todayindefi/backing-monitor
 * branch                main       -> FETCH_HEAD
From https://github.com/todayindefi/backing-monitor
 * branch                main       -> FETCH_HEAD
From https://github.com/todayindefi/backing-monitor
 * branch                main       -> FETCH_HEAD
From https://github.com/todayindefi/backing-monitor
 * branch                main       -> FETCH_HEAD
From https://github.com/todayindefi/backing-monitor
 * branch                main       -> FETCH_HEAD
From https://github.com/todayindefi/backing-monitor
 * branch                main       -> FETCH_HEAD
From https://github.com/todayindefi/backing-monitor
 * branch                main       -> FETCH_HEAD
From https://github.com/todayindefi/backing-monitor
 * branch                main       -> FETCH_HEAD
From https://github.com/todayindefi/backing-monitor
 * branch                main       -> FETCH_HEAD
From https://github.com/todayindefi/backing-monitor
 * branch                main       -> FETCH_HEAD
From https://github.com/todayindefi/backing-monitor
 * branch                main       -> FETCH_HEAD
From https://github.com/todayindefi/backing-monitor
 * branch                main       -> FETCH_HEAD
From https://github.com/todayindefi/backing-monitor
 * branch                main       -> FETCH_HEAD
data/reusd_re_contract.json: as_of=2026-08-30 layers=2 unresolved=4 walk_notes=58
From https://github.com/todayindefi/backing-monitor
 * branch                main       -> FETCH_HEAD
data/reusd_re_contract.json: as_of=2026-08-30 layers=2 unresolved=4 walk_notes=58
From https://github.com/todayindefi/backing-monitor
 * branch                main       -> FETCH_HEAD
data/reusd_re_contract.json: as_of=2026-08-30 layers=2 unresolved=4 walk_notes=58
From https://github.com/todayindefi/backing-monitor
 * branch                main       -> FETCH_HEAD
data/reusd_re_contract.json: as_of=2026-08-30 layers=2 unresolved=4 walk_notes=58
From https://github.com/todayindefi/backing-monitor
 * branch                main       -> FETCH_HEAD
data/reusd_re_contract.json: as_of=2026-08-30 layers=2 unresolved=4 walk_notes=58
From https://github.com/todayindefi/backing-monitor
 * branch                main       -> FETCH_HEAD
data/reusd_re_contract.json: as_of=2026-08-30 layers=2 unresolved=4 walk_notes=58
From https://github.com/todayindefi/backing-monitor
 * branch                main       -> FETCH_HEAD
data/reusd_re_contract.json: as_of=2026-08-30 layers=2 unresolved=4 walk_notes=58
From https://github.com/todayindefi/backing-monitor
 * branch                main       -> FETCH_HEAD
data/reusd_re_contract.json: as_of=2026-08-30 layers=2 unresolved=4 walk_notes=58
From https://github.com/todayindefi/backing-monitor
 * branch                main       -> FETCH_HEAD
data/reusd_re_contract.json: as_of=2026-08-30 layers=2 unresolved=4 walk_notes=58
From https://github.com/todayindefi/backing-monitor
 * branch                main       -> FETCH_HEAD
Mon Aug 31 09:08:02 AM CST 2026: WARNING frontend files are dirty at sync time (js/ or index.html) — publish intentionally; sync will not auto-commit them:
 M index.html
 M js/renderers/common.js
data/reusd_re_contract.json: as_of=2026-08-30 layers=2 unresolved=4 walk_notes=58
From https://github.com/todayindefi/backing-monitor
 * branch                main       -> FETCH_HEAD
data/reusd_re_contract.json: as_of=2026-08-30 layers=2 unresolved=4 walk_notes=58
From https://github.com/todayindefi/backing-monitor
 * branch                main       -> FETCH_HEAD
data/reusd_re_contract.json: as_of=2026-08-30 layers=2 unresolved=4 walk_notes=58
From https://github.com/todayindefi/backing-monitor
 * branch                main       -> FETCH_HEAD
data/reusd_re_contract.json: as_of=2026-08-30 layers=2 unresolved=4 walk_notes=58
From https://github.com/todayindefi/backing-monitor
 * branch                main       -> FETCH_HEAD
data/reusd_re_contract.json: as_of=2026-08-30 layers=2 unresolved=4 walk_notes=58
From https://github.com/todayindefi/backing-monitor
 * branch                main       -> FETCH_HEAD
data/reusd_re_contract.json: as_of=2026-08-30 layers=2 unresolved=4 walk_notes=58
From https://github.com/todayindefi/backing-monitor
 * branch                main       -> FETCH_HEAD
data/reusd_re_contract.json: as_of=2026-08-30 layers=2 unresolved=4 walk_notes=58
From https://github.com/todayindefi/backing-monitor
 * branch                main       -> FETCH_HEAD
data/reusd_re_contract.json: as_of=2026-08-30 layers=2 unresolved=4 walk_notes=58
From https://github.com/todayindefi/backing-monitor
 * branch                main       -> FETCH_HEAD
data/reusd_re_contract.json: as_of=2026-08-30 layers=2 unresolved=4 walk_notes=58
From https://github.com/todayindefi/backing-monitor
 * branch                main       -> FETCH_HEAD
data/reusd_re_contract.json: as_of=2026-08-30 layers=2 unresolved=4 walk_notes=58
From https://github.com/todayindefi/backing-monitor
 * branch                main       -> FETCH_HEAD
data/reusd_re_contract.json: as_of=2026-08-30 layers=2 unresolved=4 walk_notes=58
From https://github.com/todayindefi/backing-monitor
 * branch                main       -> FETCH_HEAD
data/reusd_re_contract.json: as_of=2026-08-30 layers=2 unresolved=4 walk_notes=58
From https://github.com/todayindefi/backing-monitor
 * branch                main       -> FETCH_HEAD
data/reusd_re_contract.json: as_of=2026-08-30 layers=2 unresolved=4 walk_notes=58
From https://github.com/todayindefi/backing-monitor
 * branch                main       -> FETCH_HEAD
data/reusd_re_contract.json: as_of=2026-08-30 layers=2 unresolved=4 walk_notes=58
From https://github.com/todayindefi/backing-monitor
 * branch                main       -> FETCH_HEAD
data/reusd_re_contract.json: as_of=2026-08-30 layers=2 unresolved=4 walk_notes=58
From https://github.com/todayindefi/backing-monitor
 * branch                main       -> FETCH_HEAD
data/reusd_re_contract.json: as_of=2026-08-30 layers=2 unresolved=4 walk_notes=58
From https://github.com/todayindefi/backing-monitor
 * branch                main       -> FETCH_HEAD
data/reusd_re_contract.json: as_of=2026-08-30 layers=2 unresolved=4 walk_notes=58
From https://github.com/todayindefi/backing-monitor
 * branch                main       -> FETCH_HEAD
data/reusd_re_contract.json: as_of=2026-08-30 layers=2 unresolved=4 walk_notes=58
From https://github.com/todayindefi/backing-monitor
 * branch                main       -> FETCH_HEAD
data/reusd_re_contract.json: as_of=2026-08-30 layers=2 unresolved=4 walk_notes=58
From https://github.com/todayindefi/backing-monitor
 * branch                main       -> FETCH_HEAD
data/reusd_re_contract.json: as_of=2026-08-30 layers=2 unresolved=4 walk_notes=58
From https://github.com/todayindefi/backing-monitor
 * branch                main       -> FETCH_HEAD
data/reusd_re_contract.json: as_of=2026-08-30 layers=2 unresolved=4 walk_notes=58
From https://github.com/todayindefi/backing-monitor
 * branch                main       -> FETCH_HEAD
data/reusd_re_contract.json: as_of=2026-08-30 layers=2 unresolved=4 walk_notes=58
From https://github.com/todayindefi/backing-monitor
 * branch                main       -> FETCH_HEAD
data/reusd_re_contract.json: as_of=2026-08-30 layers=2 unresolved=4 walk_notes=58
From https://github.com/todayindefi/backing-monitor
 * branch                main       -> FETCH_HEAD
data/reusd_re_contract.json: as_of=2026-08-30 layers=2 unresolved=4 walk_notes=58
From https://github.com/todayindefi/backing-monitor
 * branch                main       -> FETCH_HEAD
data/reusd_re_contract.json: as_of=2026-08-30 layers=2 unresolved=4 walk_notes=58
From https://github.com/todayindefi/backing-monitor
 * branch                main       -> FETCH_HEAD
data/reusd_re_contract.json: as_of=2026-08-30 layers=2 unresolved=4 walk_notes=58
From https://github.com/todayindefi/backing-monitor
 * branch                main       -> FETCH_HEAD
data/reusd_re_contract.json: as_of=2026-08-30 layers=2 unresolved=4 walk_notes=58
From https://github.com/todayindefi/backing-monitor
 * branch                main       -> FETCH_HEAD
data/reusd_re_contract.json: as_of=2026-08-30 layers=2 unresolved=4 walk_notes=58
From https://github.com/todayindefi/backing-monitor
 * branch                main       -> FETCH_HEAD
data/reusd_re_contract.json: as_of=2026-08-30 layers=2 unresolved=4 walk_notes=58
From https://github.com/todayindefi/backing-monitor
 * branch                main       -> FETCH_HEAD
data/reusd_re_contract.json: as_of=2026-08-30 layers=2 unresolved=4 walk_notes=58
From https://github.com/todayindefi/backing-monitor
 * branch                main       -> FETCH_HEAD
data/reusd_re_contract.json: as_of=2026-08-30 layers=2 unresolved=4 walk_notes=58
From https://github.com/todayindefi/backing-monitor
 * branch                main       -> FETCH_HEAD
data/reusd_re_contract.json: as_of=2026-08-30 layers=2 unresolved=4 walk_notes=58
From https://github.com/todayindefi/backing-monitor
 * branch                main       -> FETCH_HEAD
data/reusd_re_contract.json: as_of=2026-08-30 layers=2 unresolved=4 walk_notes=58
From https://github.com/todayindefi/backing-monitor
 * branch                main       -> FETCH_HEAD
data/reusd_re_contract.json: as_of=2026-08-30 layers=2 unresolved=4 walk_notes=58
From https://github.com/todayindefi/backing-monitor
 * branch                main       -> FETCH_HEAD
data/reusd_re_contract.json: as_of=2026-08-30 layers=2 unresolved=4 walk_notes=58
From https://github.com/todayindefi/backing-monitor
 * branch                main       -> FETCH_HEAD
data/reusd_re_contract.json: as_of=2026-08-30 layers=2 unresolved=4 walk_notes=58
From https://github.com/todayindefi/backing-monitor
 * branch                main       -> FETCH_HEAD
data/reusd_re_contract.json: as_of=2026-08-30 layers=2 unresolved=4 walk_notes=58
From https://github.com/todayindefi/backing-monitor
 * branch                main       -> FETCH_HEAD
data/reusd_re_contract.json: as_of=2026-08-30 layers=2 unresolved=4 walk_notes=58
From https://github.com/todayindefi/backing-monitor
 * branch                main       -> FETCH_HEAD
data/reusd_re_contract.json: as_of=2026-08-30 layers=2 unresolved=4 walk_notes=58
From https://github.com/todayindefi/backing-monitor
 * branch                main       -> FETCH_HEAD
data/reusd_re_contract.json: as_of=2026-08-30 layers=2 unresolved=4 walk_notes=58
From https://github.com/todayindefi/backing-monitor
 * branch                main       -> FETCH_HEAD
data/reusd_re_contract.json: as_of=2026-08-30 layers=2 unresolved=4 walk_notes=58
From https://github.com/todayindefi/backing-monitor
 * branch                main       -> FETCH_HEAD
data/reusd_re_contract.json: as_of=2026-08-30 layers=2 unresolved=4 walk_notes=58
From https://github.com/todayindefi/backing-monitor
 * branch                main       -> FETCH_HEAD
data/reusd_re_contract.json: as_of=2026-08-30 layers=2 unresolved=4 walk_notes=58
From https://github.com/todayindefi/backing-monitor
 * branch                main       -> FETCH_HEAD
data/reusd_re_contract.json: as_of=2026-08-30 layers=2 unresolved=4 walk_notes=58
From https://github.com/todayindefi/backing-monitor
 * branch                main       -> FETCH_HEAD
data/reusd_re_contract.json: as_of=2026-08-30 layers=2 unresolved=4 walk_notes=58
From https://github.com/todayindefi/backing-monitor
 * branch                main       -> FETCH_HEAD
data/reusd_re_contract.json: as_of=2026-08-30 layers=2 unresolved=4 walk_notes=58
From https://github.com/todayindefi/backing-monitor
 * branch                main       -> FETCH_HEAD
data/reusd_re_contract.json: as_of=2026-08-30 layers=2 unresolved=4 walk_notes=58
From https://github.com/todayindefi/backing-monitor
 * branch                main       -> FETCH_HEAD
data/reusd_re_contract.json: as_of=2026-08-30 layers=2 unresolved=4 walk_notes=58
From https://github.com/todayindefi/backing-monitor
 * branch                main       -> FETCH_HEAD
data/reusd_re_contract.json: as_of=2026-08-30 layers=2 unresolved=4 walk_notes=58
From https://github.com/todayindefi/backing-monitor
 * branch                main       -> FETCH_HEAD
data/reusd_re_contract.json: as_of=2026-08-30 layers=2 unresolved=4 walk_notes=58
From https://github.com/todayindefi/backing-monitor
 * branch                main       -> FETCH_HEAD
data/reusd_re_contract.json: as_of=2026-08-30 layers=2 unresolved=4 walk_notes=58
From https://github.com/todayindefi/backing-monitor
 * branch                main       -> FETCH_HEAD
data/reusd_re_contract.json: as_of=2026-08-30 layers=2 unresolved=4 walk_notes=58
From https://github.com/todayindefi/backing-monitor
 * branch                main       -> FETCH_HEAD
data/reusd_re_contract.json: as_of=2026-08-30 layers=2 unresolved=4 walk_notes=58
From https://github.com/todayindefi/backing-monitor
 * branch                main       -> FETCH_HEAD
data/reusd_re_contract.json: as_of=2026-08-30 layers=2 unresolved=4 walk_notes=58
From https://github.com/todayindefi/backing-monitor
 * branch                main       -> FETCH_HEAD
data/reusd_re_contract.json: as_of=2026-08-30 layers=2 unresolved=4 walk_notes=58
From https://github.com/todayindefi/backing-monitor
 * branch                main       -> FETCH_HEAD
data/reusd_re_contract.json: as_of=2026-08-30 layers=2 unresolved=4 walk_notes=58
From https://github.com/todayindefi/backing-monitor
 * branch                main       -> FETCH_HEAD
data/reusd_re_contract.json: as_of=2026-08-30 layers=2 unresolved=4 walk_notes=58
From https://github.com/todayindefi/backing-monitor
 * branch                main       -> FETCH_HEAD
data/reusd_re_contract.json: as_of=2026-08-30 layers=2 unresolved=4 walk_notes=58
From https://github.com/todayindefi/backing-monitor
 * branch                main       -> FETCH_HEAD
data/reusd_re_contract.json: as_of=2026-08-30 layers=2 unresolved=4 walk_notes=58
From https://github.com/todayindefi/backing-monitor
 * branch                main       -> FETCH_HEAD
data/reusd_re_contract.json: as_of=2026-08-30 layers=2 unresolved=4 walk_notes=58
From https://github.com/todayindefi/backing-monitor
 * branch                main       -> FETCH_HEAD
data/reusd_re_contract.json: as_of=2026-08-30 layers=2 unresolved=4 walk_notes=58
From https://github.com/todayindefi/backing-monitor
 * branch                main       -> FETCH_HEAD
data/reusd_re_contract.json: as_of=2026-08-30 layers=2 unresolved=4 walk_notes=58
From https://github.com/todayindefi/backing-monitor
 * branch                main       -> FETCH_HEAD
data/reusd_re_contract.json: as_of=2026-08-30 layers=2 unresolved=4 walk_notes=58
From https://github.com/todayindefi/backing-monitor
 * branch                main       -> FETCH_HEAD
data/reusd_re_contract.json: as_of=2026-08-30 layers=2 unresolved=4 walk_notes=58
From https://github.com/todayindefi/backing-monitor
 * branch                main       -> FETCH_HEAD
data/reusd_re_contract.json: as_of=2026-08-30 layers=2 unresolved=4 walk_notes=58
From https://github.com/todayindefi/backing-monitor
 * branch                main       -> FETCH_HEAD
data/reusd_re_contract.json: as_of=2026-08-30 layers=2 unresolved=4 walk_notes=58
From https://github.com/todayindefi/backing-monitor
 * branch                main       -> FETCH_HEAD
data/reusd_re_contract.json: as_of=2026-08-30 layers=2 unresolved=4 walk_notes=58
From https://github.com/todayindefi/backing-monitor
 * branch                main       -> FETCH_HEAD
data/reusd_re_contract.json: as_of=2026-08-30 layers=2 unresolved=4 walk_notes=58
From https://github.com/todayindefi/backing-monitor
 * branch                main       -> FETCH_HEAD
data/reusd_re_contract.json: as_of=2026-08-30 layers=2 unresolved=4 walk_notes=58
From https://github.com/todayindefi/backing-monitor
 * branch                main       -> FETCH_HEAD
data/reusd_re_contract.json: as_of=2026-08-30 layers=2 unresolved=4 walk_notes=58
From https://github.com/todayindefi/backing-monitor
 * branch                main       -> FETCH_HEAD
data/reusd_re_contract.json: as_of=2026-08-30 layers=2 unresolved=4 walk_notes=58
From https://github.com/todayindefi/backing-monitor
 * branch                main       -> FETCH_HEAD
data/reusd_re_contract.json: as_of=2026-08-30 layers=2 unresolved=4 walk_notes=58
From https://github.com/todayindefi/backing-monitor
 * branch                main       -> FETCH_HEAD
data/reusd_re_contract.json: as_of=2026-08-30 layers=2 unresolved=4 walk_notes=58
From https://github.com/todayindefi/backing-monitor
 * branch                main       -> FETCH_HEAD
data/reusd_re_contract.json: as_of=2026-08-30 layers=2 unresolved=4 walk_notes=58
From https://github.com/todayindefi/backing-monitor
 * branch                main       -> FETCH_HEAD
data/reusd_re_contract.json: as_of=2026-08-30 layers=2 unresolved=4 walk_notes=58
From https://github.com/todayindefi/backing-monitor
 * branch                main       -> FETCH_HEAD
data/reusd_re_contract.json: as_of=2026-08-30 layers=2 unresolved=4 walk_notes=58
From https://github.com/todayindefi/backing-monitor
 * branch                main       -> FETCH_HEAD
data/reusd_re_contract.json: as_of=2026-08-30 layers=2 unresolved=4 walk_notes=58
From https://github.com/todayindefi/backing-monitor
 * branch                main       -> FETCH_HEAD
Thu Sep  3 02:08:02 PM CST 2026: WARNING frontend files are dirty at sync time (js/ or index.html) — publish intentionally; sync will not auto-commit them:
 M js/renderers/common.js
data/reusd_re_contract.json: as_of=2026-08-30 layers=2 unresolved=4 walk_notes=58
From https://github.com/todayindefi/backing-monitor
 * branch                main       -> FETCH_HEAD
data/reusd_re_contract.json: as_of=2026-08-30 layers=2 unresolved=4 walk_notes=58
From https://github.com/todayindefi/backing-monitor
 * branch                main       -> FETCH_HEAD
data/reusd_re_contract.json: as_of=2026-08-30 layers=2 unresolved=4 walk_notes=58
From https://github.com/todayindefi/backing-monitor
 * branch                main       -> FETCH_HEAD
data/reusd_re_contract.json: as_of=2026-08-30 layers=2 unresolved=4 walk_notes=58
From https://github.com/todayindefi/backing-monitor
 * branch                main       -> FETCH_HEAD
data/reusd_re_contract.json: as_of=2026-08-30 layers=2 unresolved=4 walk_notes=58
From https://github.com/todayindefi/backing-monitor
 * branch                main       -> FETCH_HEAD
data/reusd_re_contract.json: as_of=2026-08-30 layers=2 unresolved=4 walk_notes=58
From https://github.com/todayindefi/backing-monitor
 * branch                main       -> FETCH_HEAD
data/reusd_re_contract.json: as_of=2026-08-30 layers=2 unresolved=4 walk_notes=58
From https://github.com/todayindefi/backing-monitor
 * branch                main       -> FETCH_HEAD
data/reusd_re_contract.json: as_of=2026-08-30 layers=2 unresolved=4 walk_notes=58
From https://github.com/todayindefi/backing-monitor
 * branch                main       -> FETCH_HEAD
data/reusd_re_contract.json: as_of=2026-08-30 layers=2 unresolved=4 walk_notes=58
From https://github.com/todayindefi/backing-monitor
 * branch                main       -> FETCH_HEAD
data/reusd_re_contract.json: as_of=2026-08-30 layers=2 unresolved=4 walk_notes=58
From https://github.com/todayindefi/backing-monitor
 * branch                main       -> FETCH_HEAD
data/reusd_re_contract.json: as_of=2026-08-30 layers=2 unresolved=4 walk_notes=58
From https://github.com/todayindefi/backing-monitor
 * branch                main       -> FETCH_HEAD
data/reusd_re_contract.json: as_of=2026-08-30 layers=2 unresolved=4 walk_notes=58
From https://github.com/todayindefi/backing-monitor
 * branch                main       -> FETCH_HEAD
data/reusd_re_contract.json: as_of=2026-08-30 layers=2 unresolved=4 walk_notes=58
From https://github.com/todayindefi/backing-monitor
 * branch                main       -> FETCH_HEAD
data/reusd_re_contract.json: as_of=2026-08-30 layers=2 unresolved=4 walk_notes=58
From https://github.com/todayindefi/backing-monitor
 * branch                main       -> FETCH_HEAD
data/reusd_re_contract.json: as_of=2026-08-30 layers=2 unresolved=4 walk_notes=58
From https://github.com/todayindefi/backing-monitor
 * branch                main       -> FETCH_HEAD
data/reusd_re_contract.json: as_of=2026-08-30 layers=2 unresolved=4 walk_notes=58
From https://github.com/todayindefi/backing-monitor
 * branch                main       -> FETCH_HEAD
data/reusd_re_contract.json: as_of=2026-08-30 layers=2 unresolved=4 walk_notes=58
From https://github.com/todayindefi/backing-monitor
 * branch                main       -> FETCH_HEAD
data/reusd_re_contract.json: as_of=2026-08-30 layers=2 unresolved=4 walk_notes=58
From https://github.com/todayindefi/backing-monitor
 * branch                main       -> FETCH_HEAD
data/reusd_re_contract.json: as_of=2026-08-30 layers=2 unresolved=4 walk_notes=58
From https://github.com/todayindefi/backing-monitor
 * branch                main       -> FETCH_HEAD
data/reusd_re_contract.json: as_of=2026-08-30 layers=2 unresolved=4 walk_notes=58
From https://github.com/todayindefi/backing-monitor
 * branch                main       -> FETCH_HEAD
data/reusd_re_contract.json: as_of=2026-08-30 layers=2 unresolved=4 walk_notes=58
From https://github.com/todayindefi/backing-monitor
 * branch                main       -> FETCH_HEAD
data/reusd_re_contract.json: as_of=2026-08-30 layers=2 unresolved=4 walk_notes=58
From https://github.com/todayindefi/backing-monitor
 * branch                main       -> FETCH_HEAD
data/reusd_re_contract.json: as_of=2026-08-30 layers=2 unresolved=4 walk_notes=58
From https://github.com/todayindefi/backing-monitor
 * branch                main       -> FETCH_HEAD
data/reusd_re_contract.json: as_of=2026-08-30 layers=2 unresolved=4 walk_notes=58
From https://github.com/todayindefi/backing-monitor
 * branch                main       -> FETCH_HEAD
data/reusd_re_contract.json: as_of=2026-08-30 layers=2 unresolved=4 walk_notes=58
From https://github.com/todayindefi/backing-monitor
 * branch                main       -> FETCH_HEAD
data/reusd_re_contract.json: as_of=2026-08-30 layers=2 unresolved=4 walk_notes=58
From https://github.com/todayindefi/backing-monitor
 * branch                main       -> FETCH_HEAD
data/reusd_re_contract.json: as_of=2026-08-30 layers=2 unresolved=4 walk_notes=58
From https://github.com/todayindefi/backing-monitor
 * branch                main       -> FETCH_HEAD
data/reusd_re_contract.json: as_of=2026-08-30 layers=2 unresolved=4 walk_notes=58
From https://github.com/todayindefi/backing-monitor
 * branch                main       -> FETCH_HEAD
data/reusd_re_contract.json: as_of=2026-08-30 layers=2 unresolved=4 walk_notes=58
From https://github.com/todayindefi/backing-monitor
 * branch                main       -> FETCH_HEAD
data/reusd_re_contract.json: as_of=2026-08-30 layers=2 unresolved=4 walk_notes=58
From https://github.com/todayindefi/backing-monitor
 * branch                main       -> FETCH_HEAD
data/reusd_re_contract.json: as_of=2026-08-30 layers=2 unresolved=4 walk_notes=58
From https://github.com/todayindefi/backing-monitor
 * branch                main       -> FETCH_HEAD
data/reusd_re_contract.json: as_of=2026-08-30 layers=2 unresolved=4 walk_notes=58
From https://github.com/todayindefi/backing-monitor
 * branch                main       -> FETCH_HEAD
data/reusd_re_contract.json: as_of=2026-08-30 layers=2 unresolved=4 walk_notes=58
From https://github.com/todayindefi/backing-monitor
 * branch                main       -> FETCH_HEAD
data/reusd_re_contract.json: as_of=2026-08-30 layers=2 unresolved=4 walk_notes=58
From https://github.com/todayindefi/backing-monitor
 * branch                main       -> FETCH_HEAD
data/reusd_re_contract.json: as_of=2026-08-30 layers=2 unresolved=4 walk_notes=58
From https://github.com/todayindefi/backing-monitor
 * branch                main       -> FETCH_HEAD
data/reusd_re_contract.json: as_of=2026-08-30 layers=2 unresolved=4 walk_notes=58
From https://github.com/todayindefi/backing-monitor
 * branch                main       -> FETCH_HEAD
data/reusd_re_contract.json: as_of=2026-08-30 layers=2 unresolved=4 walk_notes=58
From https://github.com/todayindefi/backing-monitor
 * branch                main       -> FETCH_HEAD
data/reusd_re_contract.json: as_of=2026-08-30 layers=2 unresolved=4 walk_notes=58
From https://github.com/todayindefi/backing-monitor
 * branch                main       -> FETCH_HEAD
data/reusd_re_contract.json: as_of=2026-08-30 layers=2 unresolved=4 walk_notes=58
From https://github.com/todayindefi/backing-monitor
 * branch                main       -> FETCH_HEAD
data/reusd_re_contract.json: as_of=2026-08-30 layers=2 unresolved=4 walk_notes=58
From https://github.com/todayindefi/backing-monitor
 * branch                main       -> FETCH_HEAD
data/reusd_re_contract.json: as_of=2026-08-30 layers=2 unresolved=4 walk_notes=58
From https://github.com/todayindefi/backing-monitor
 * branch                main       -> FETCH_HEAD
data/reusd_re_contract.json: as_of=2026-08-30 layers=2 unresolved=4 walk_notes=58
From https://github.com/todayindefi/backing-monitor
 * branch                main       -> FETCH_HEAD
data/reusd_re_contract.json: as_of=2026-08-30 layers=2 unresolved=4 walk_notes=58
From https://github.com/todayindefi/backing-monitor
 * branch                main       -> FETCH_HEAD
data/reusd_re_contract.json: as_of=2026-08-30 layers=2 unresolved=4 walk_notes=58
From https://github.com/todayindefi/backing-monitor
 * branch                main       -> FETCH_HEAD
data/reusd_re_contract.json: as_of=2026-08-30 layers=2 unresolved=4 walk_notes=58
From https://github.com/todayindefi/backing-monitor
 * branch                main       -> FETCH_HEAD
data/reusd_re_contract.json: as_of=2026-08-30 layers=2 unresolved=4 walk_notes=58
From https://github.com/todayindefi/backing-monitor
 * branch                main       -> FETCH_HEAD
data/reusd_re_contract.json: as_of=2026-08-30 layers=2 unresolved=4 walk_notes=58
From https://github.com/todayindefi/backing-monitor
 * branch                main       -> FETCH_HEAD
data/reusd_re_contract.json: as_of=2026-08-30 layers=2 unresolved=4 walk_notes=58
From https://github.com/todayindefi/backing-monitor
 * branch                main       -> FETCH_HEAD
data/reusd_re_contract.json: as_of=2026-08-30 layers=2 unresolved=4 walk_notes=58
From https://github.com/todayindefi/backing-monitor
 * branch                main       -> FETCH_HEAD
data/reusd_re_contract.json: as_of=2026-08-30 layers=2 unresolved=4 walk_notes=58
From https://github.com/todayindefi/backing-monitor
 * branch                main       -> FETCH_HEAD
data/reusd_re_contract.json: as_of=2026-08-30 layers=2 unresolved=4 walk_notes=58
From https://github.com/todayindefi/backing-monitor
 * branch                main       -> FETCH_HEAD
data/reusd_re_contract.json: as_of=2026-08-30 layers=2 unresolved=4 walk_notes=58
From https://github.com/todayindefi/backing-monitor
 * branch                main       -> FETCH_HEAD
data/reusd_re_contract.json: as_of=2026-08-30 layers=2 unresolved=4 walk_notes=58
From https://github.com/todayindefi/backing-monitor
 * branch                main       -> FETCH_HEAD
data/reusd_re_contract.json: as_of=2026-08-30 layers=2 unresolved=4 walk_notes=58
From https://github.com/todayindefi/backing-monitor
 * branch                main       -> FETCH_HEAD
data/reusd_re_contract.json: as_of=2026-08-30 layers=2 unresolved=4 walk_notes=58
From https://github.com/todayindefi/backing-monitor
 * branch                main       -> FETCH_HEAD
data/reusd_re_contract.json: as_of=2026-08-30 layers=2 unresolved=4 walk_notes=58
From https://github.com/todayindefi/backing-monitor
 * branch                main       -> FETCH_HEAD
data/reusd_re_contract.json: as_of=2026-08-30 layers=2 unresolved=4 walk_notes=58
From https://github.com/todayindefi/backing-monitor
 * branch                main       -> FETCH_HEAD
data/reusd_re_contract.json: as_of=2026-08-30 layers=2 unresolved=4 walk_notes=58
From https://github.com/todayindefi/backing-monitor
 * branch                main       -> FETCH_HEAD
data/reusd_re_contract.json: as_of=2026-08-30 layers=2 unresolved=4 walk_notes=58
From https://github.com/todayindefi/backing-monitor
 * branch                main       -> FETCH_HEAD
data/reusd_re_contract.json: as_of=2026-08-30 layers=2 unresolved=4 walk_notes=58
From https://github.com/todayindefi/backing-monitor
 * branch                main       -> FETCH_HEAD
data/reusd_re_contract.json: as_of=2026-08-30 layers=2 unresolved=4 walk_notes=58
From https://github.com/todayindefi/backing-monitor
 * branch                main       -> FETCH_HEAD
data/reusd_re_contract.json: as_of=2026-08-30 layers=2 unresolved=4 walk_notes=58
From https://github.com/todayindefi/backing-monitor
 * branch                main       -> FETCH_HEAD
data/reusd_re_contract.json: as_of=2026-08-30 layers=2 unresolved=4 walk_notes=58
From https://github.com/todayindefi/backing-monitor
 * branch                main       -> FETCH_HEAD
data/reusd_re_contract.json: as_of=2026-08-30 layers=2 unresolved=4 walk_notes=58
From https://github.com/todayindefi/backing-monitor
 * branch                main       -> FETCH_HEAD
data/reusd_re_contract.json: as_of=2026-08-30 layers=2 unresolved=4 walk_notes=58
From https://github.com/todayindefi/backing-monitor
 * branch                main       -> FETCH_HEAD
data/reusd_re_contract.json: as_of=2026-08-30 layers=2 unresolved=4 walk_notes=58
From https://github.com/todayindefi/backing-monitor
 * branch                main       -> FETCH_HEAD
data/reusd_re_contract.json: as_of=2026-08-30 layers=2 unresolved=4 walk_notes=58
From https://github.com/todayindefi/backing-monitor
 * branch                main       -> FETCH_HEAD
data/reusd_re_contract.json: as_of=2026-08-30 layers=2 unresolved=4 walk_notes=58
From https://github.com/todayindefi/backing-monitor
 * branch                main       -> FETCH_HEAD
MISSING: /home/danger/security_analyst/topology/assets/ousd.yaml — emit nothing rather than a stale copy
Sun Sep  6 11:08:01 AM CST 2026: axis5 emit skipped for ousd (source walk unavailable)
REFUSED: crvusd.yaml is generator v2.1 output, not a hand-walk. Its own trust banner rates 36.5% of generated rows trustworthy and says `timelock: unresolved` means NOT MEASURED. Axis 5 stays "Not assessed".
Sun Sep  6 11:08:01 AM CST 2026: axis5 emit skipped for crvusd (source walk unavailable)
data/usg_contract.json: as_of=2026-09-06 layers=3 unresolved=3 walk_notes=47
MISSING: /home/danger/security_analyst/topology/assets/usdd.yaml — emit nothing rather than a stale copy
Sun Sep  6 11:08:01 AM CST 2026: axis5 emit skipped for usdd (source walk unavailable)
REFUSED: syrupusdc.yaml is generator v2.0 output, not a hand-walk. Its own trust banner rates 36.5% of generated rows trustworthy and says `timelock: unresolved` means NOT MEASURED. Axis 5 stays "Not assessed".
Sun Sep  6 11:08:01 AM CST 2026: axis5 emit skipped for syrupusdc (source walk unavailable)
REFUSED: syrupusdt.yaml is generator v2.0 output, not a hand-walk. Its own trust banner rates 36.5% of generated rows trustworthy and says `timelock: unresolved` means NOT MEASURED. Axis 5 stays "Not assessed".
Sun Sep  6 11:08:01 AM CST 2026: axis5 emit skipped for syrupusdt (source walk unavailable)
MISSING: /home/danger/security_analyst/topology/assets/apxusd.yaml — emit nothing rather than a stale copy
Sun Sep  6 11:08:01 AM CST 2026: axis5 emit skipped for apxusd (source walk unavailable)
REFUSED: apyusd.yaml is generator v1.7 output, not a hand-walk. Its own trust banner rates 36.5% of generated rows trustworthy and says `timelock: unresolved` means NOT MEASURED. Axis 5 stays "Not assessed".
Sun Sep  6 11:08:01 AM CST 2026: axis5 emit skipped for apyusd (source walk unavailable)
MISSING: /home/danger/security_analyst/topology/assets/strc.yaml — emit nothing rather than a stale copy
Sun Sep  6 11:08:01 AM CST 2026: axis5 emit skipped for strc (source walk unavailable)
MISSING: /home/danger/security_analyst/topology/assets/mstr.yaml — emit nothing rather than a stale copy
Sun Sep  6 11:08:01 AM CST 2026: axis5 emit skipped for mstr (source walk unavailable)
MISSING: /home/danger/security_analyst/topology/assets/bmnr.yaml — emit nothing rather than a stale copy
Sun Sep  6 11:08:01 AM CST 2026: axis5 emit skipped for bmnr (source walk unavailable)
REFUSED: usdat.yaml is generator v1.7 output, not a hand-walk. Its own trust banner rates 36.5% of generated rows trustworthy and says `timelock: unresolved` means NOT MEASURED. Axis 5 stays "Not assessed".
Sun Sep  6 11:08:01 AM CST 2026: axis5 emit skipped for usdat (source walk unavailable)
MISSING: /home/danger/security_analyst/topology/assets/susdat.yaml — emit nothing rather than a stale copy
Sun Sep  6 11:08:01 AM CST 2026: axis5 emit skipped for susdat (source walk unavailable)
data/usdai_contract.json: as_of=2026-08-26 layers=2 unresolved=3 walk_notes=37
MISSING: /home/danger/security_analyst/topology/assets/susdai.yaml — emit nothing rather than a stale copy
Sun Sep  6 11:08:01 AM CST 2026: axis5 emit skipped for susdai (source walk unavailable)
REFUSED: usdm.yaml is generator v1.7 output, not a hand-walk. Its own trust banner rates 36.5% of generated rows trustworthy and says `timelock: unresolved` means NOT MEASURED. Axis 5 stays "Not assessed".
Sun Sep  6 11:08:01 AM CST 2026: axis5 emit skipped for usdm (source walk unavailable)
MISSING: /home/danger/security_analyst/topology/assets/usde.yaml — emit nothing rather than a stale copy
Sun Sep  6 11:08:01 AM CST 2026: axis5 emit skipped for usde (source walk unavailable)
REFUSED: susde.yaml is generator v2.1 output, not a hand-walk. Its own trust banner rates 36.5% of generated rows trustworthy and says `timelock: unresolved` means NOT MEASURED. Axis 5 stays "Not assessed".
Sun Sep  6 11:08:02 AM CST 2026: axis5 emit skipped for susde (source walk unavailable)
REFUSED: usds.yaml is generator vhand output, not a hand-walk. Its own trust banner rates 36.5% of generated rows trustworthy and says `timelock: unresolved` means NOT MEASURED. Axis 5 stays "Not assessed".
Sun Sep  6 11:08:02 AM CST 2026: axis5 emit skipped for usds (source walk unavailable)
REFUSED: susds.yaml is generator v1.7 output, not a hand-walk. Its own trust banner rates 36.5% of generated rows trustworthy and says `timelock: unresolved` means NOT MEASURED. Axis 5 stays "Not assessed".
Sun Sep  6 11:08:02 AM CST 2026: axis5 emit skipped for susds (source walk unavailable)
MISSING: /home/danger/security_analyst/topology/assets/thusd.yaml — emit nothing rather than a stale copy
Sun Sep  6 11:08:02 AM CST 2026: axis5 emit skipped for thusd (source walk unavailable)
MISSING: /home/danger/security_analyst/topology/assets/cusd.yaml — emit nothing rather than a stale copy
Sun Sep  6 11:08:02 AM CST 2026: axis5 emit skipped for cusd (source walk unavailable)
data/hastra_prime_contract.json: as_of=2026-07-31 layers=3 unresolved=0 walk_notes=51
MISSING: /home/danger/security_analyst/topology/assets/yzusd.yaml — emit nothing rather than a stale copy
Sun Sep  6 11:08:02 AM CST 2026: axis5 emit skipped for yzusd (source walk unavailable)
REFUSED: syzusd.yaml is generator v1.7 output, not a hand-walk. Its own trust banner rates 36.5% of generated rows trustworthy and says `timelock: unresolved` means NOT MEASURED. Axis 5 stays "Not assessed".
Sun Sep  6 11:08:02 AM CST 2026: axis5 emit skipped for syzusd (source walk unavailable)
data/reusd_re_contract.json: as_of=2026-08-30 layers=2 unresolved=4 walk_notes=58
data/reusde_re_contract.json: as_of=2026-09-06 layers=2 unresolved=4 walk_notes=38
From https://github.com/todayindefi/backing-monitor
 * branch                main       -> FETCH_HEAD
MISSING: /home/danger/security_analyst/topology/assets/ousd.yaml — emit nothing rather than a stale copy
Sun Sep  6 12:08:01 PM CST 2026: axis5 emit skipped for ousd (source walk unavailable)
REFUSED: crvusd.yaml is generator v2.1 output, not a hand-walk. Its own trust banner rates 36.5% of generated rows trustworthy and says `timelock: unresolved` means NOT MEASURED. Axis 5 stays "Not assessed".
Sun Sep  6 12:08:01 PM CST 2026: axis5 emit skipped for crvusd (source walk unavailable)
data/usg_contract.json: as_of=2026-09-06 layers=3 unresolved=3 walk_notes=47
MISSING: /home/danger/security_analyst/topology/assets/usdd.yaml — emit nothing rather than a stale copy
Sun Sep  6 12:08:01 PM CST 2026: axis5 emit skipped for usdd (source walk unavailable)
REFUSED: syrupusdc.yaml is generator v2.0 output, not a hand-walk. Its own trust banner rates 36.5% of generated rows trustworthy and says `timelock: unresolved` means NOT MEASURED. Axis 5 stays "Not assessed".
Sun Sep  6 12:08:01 PM CST 2026: axis5 emit skipped for syrupusdc (source walk unavailable)
REFUSED: syrupusdt.yaml is generator v2.0 output, not a hand-walk. Its own trust banner rates 36.5% of generated rows trustworthy and says `timelock: unresolved` means NOT MEASURED. Axis 5 stays "Not assessed".
Sun Sep  6 12:08:01 PM CST 2026: axis5 emit skipped for syrupusdt (source walk unavailable)
MISSING: /home/danger/security_analyst/topology/assets/apxusd.yaml — emit nothing rather than a stale copy
Sun Sep  6 12:08:01 PM CST 2026: axis5 emit skipped for apxusd (source walk unavailable)
REFUSED: apyusd.yaml is generator v1.7 output, not a hand-walk. Its own trust banner rates 36.5% of generated rows trustworthy and says `timelock: unresolved` means NOT MEASURED. Axis 5 stays "Not assessed".
Sun Sep  6 12:08:02 PM CST 2026: axis5 emit skipped for apyusd (source walk unavailable)
MISSING: /home/danger/security_analyst/topology/assets/strc.yaml — emit nothing rather than a stale copy
Sun Sep  6 12:08:02 PM CST 2026: axis5 emit skipped for strc (source walk unavailable)
MISSING: /home/danger/security_analyst/topology/assets/mstr.yaml — emit nothing rather than a stale copy
Sun Sep  6 12:08:02 PM CST 2026: axis5 emit skipped for mstr (source walk unavailable)
MISSING: /home/danger/security_analyst/topology/assets/bmnr.yaml — emit nothing rather than a stale copy
Sun Sep  6 12:08:02 PM CST 2026: axis5 emit skipped for bmnr (source walk unavailable)
REFUSED: usdat.yaml is generator v1.7 output, not a hand-walk. Its own trust banner rates 36.5% of generated rows trustworthy and says `timelock: unresolved` means NOT MEASURED. Axis 5 stays "Not assessed".
Sun Sep  6 12:08:02 PM CST 2026: axis5 emit skipped for usdat (source walk unavailable)
MISSING: /home/danger/security_analyst/topology/assets/susdat.yaml — emit nothing rather than a stale copy
Sun Sep  6 12:08:02 PM CST 2026: axis5 emit skipped for susdat (source walk unavailable)
data/usdai_contract.json: as_of=2026-08-26 layers=2 unresolved=3 walk_notes=37
MISSING: /home/danger/security_analyst/topology/assets/susdai.yaml — emit nothing rather than a stale copy
Sun Sep  6 12:08:02 PM CST 2026: axis5 emit skipped for susdai (source walk unavailable)
REFUSED: usdm.yaml is generator v1.7 output, not a hand-walk. Its own trust banner rates 36.5% of generated rows trustworthy and says `timelock: unresolved` means NOT MEASURED. Axis 5 stays "Not assessed".
Sun Sep  6 12:08:02 PM CST 2026: axis5 emit skipped for usdm (source walk unavailable)
MISSING: /home/danger/security_analyst/topology/assets/usde.yaml — emit nothing rather than a stale copy
Sun Sep  6 12:08:02 PM CST 2026: axis5 emit skipped for usde (source walk unavailable)
REFUSED: susde.yaml is generator v2.1 output, not a hand-walk. Its own trust banner rates 36.5% of generated rows trustworthy and says `timelock: unresolved` means NOT MEASURED. Axis 5 stays "Not assessed".
Sun Sep  6 12:08:02 PM CST 2026: axis5 emit skipped for susde (source walk unavailable)
REFUSED: usds.yaml is generator vhand output, not a hand-walk. Its own trust banner rates 36.5% of generated rows trustworthy and says `timelock: unresolved` means NOT MEASURED. Axis 5 stays "Not assessed".
Sun Sep  6 12:08:02 PM CST 2026: axis5 emit skipped for usds (source walk unavailable)
REFUSED: susds.yaml is generator v1.7 output, not a hand-walk. Its own trust banner rates 36.5% of generated rows trustworthy and says `timelock: unresolved` means NOT MEASURED. Axis 5 stays "Not assessed".
Sun Sep  6 12:08:02 PM CST 2026: axis5 emit skipped for susds (source walk unavailable)
MISSING: /home/danger/security_analyst/topology/assets/thusd.yaml — emit nothing rather than a stale copy
Sun Sep  6 12:08:02 PM CST 2026: axis5 emit skipped for thusd (source walk unavailable)
MISSING: /home/danger/security_analyst/topology/assets/cusd.yaml — emit nothing rather than a stale copy
Sun Sep  6 12:08:02 PM CST 2026: axis5 emit skipped for cusd (source walk unavailable)
data/hastra_prime_contract.json: as_of=2026-07-31 layers=3 unresolved=0 walk_notes=51
MISSING: /home/danger/security_analyst/topology/assets/yzusd.yaml — emit nothing rather than a stale copy
Sun Sep  6 12:08:02 PM CST 2026: axis5 emit skipped for yzusd (source walk unavailable)
REFUSED: syzusd.yaml is generator v1.7 output, not a hand-walk. Its own trust banner rates 36.5% of generated rows trustworthy and says `timelock: unresolved` means NOT MEASURED. Axis 5 stays "Not assessed".
Sun Sep  6 12:08:02 PM CST 2026: axis5 emit skipped for syzusd (source walk unavailable)
data/reusd_re_contract.json: as_of=2026-08-30 layers=2 unresolved=4 walk_notes=58
data/reusde_re_contract.json: as_of=2026-09-06 layers=2 unresolved=4 walk_notes=38
From https://github.com/todayindefi/backing-monitor
 * branch                main       -> FETCH_HEAD
MISSING: /home/danger/security_analyst/topology/assets/ousd.yaml — emit nothing rather than a stale copy
Sun Sep  6 01:08:01 PM CST 2026: axis5 emit skipped for ousd (source walk unavailable)
REFUSED: crvusd.yaml is generator v2.1 output, not a hand-walk. Its own trust banner rates 36.5% of generated rows trustworthy and says `timelock: unresolved` means NOT MEASURED. Axis 5 stays "Not assessed".
Sun Sep  6 01:08:01 PM CST 2026: axis5 emit skipped for crvusd (source walk unavailable)
data/usg_contract.json: as_of=2026-09-06 layers=3 unresolved=3 walk_notes=47
MISSING: /home/danger/security_analyst/topology/assets/usdd.yaml — emit nothing rather than a stale copy
Sun Sep  6 01:08:01 PM CST 2026: axis5 emit skipped for usdd (source walk unavailable)
REFUSED: syrupusdc.yaml is generator v2.0 output, not a hand-walk. Its own trust banner rates 36.5% of generated rows trustworthy and says `timelock: unresolved` means NOT MEASURED. Axis 5 stays "Not assessed".
Sun Sep  6 01:08:01 PM CST 2026: axis5 emit skipped for syrupusdc (source walk unavailable)
REFUSED: syrupusdt.yaml is generator v2.0 output, not a hand-walk. Its own trust banner rates 36.5% of generated rows trustworthy and says `timelock: unresolved` means NOT MEASURED. Axis 5 stays "Not assessed".
Sun Sep  6 01:08:01 PM CST 2026: axis5 emit skipped for syrupusdt (source walk unavailable)
MISSING: /home/danger/security_analyst/topology/assets/apxusd.yaml — emit nothing rather than a stale copy
Sun Sep  6 01:08:01 PM CST 2026: axis5 emit skipped for apxusd (source walk unavailable)
REFUSED: apyusd.yaml is generator v1.7 output, not a hand-walk. Its own trust banner rates 36.5% of generated rows trustworthy and says `timelock: unresolved` means NOT MEASURED. Axis 5 stays "Not assessed".
Sun Sep  6 01:08:02 PM CST 2026: axis5 emit skipped for apyusd (source walk unavailable)
MISSING: /home/danger/security_analyst/topology/assets/strc.yaml — emit nothing rather than a stale copy
Sun Sep  6 01:08:02 PM CST 2026: axis5 emit skipped for strc (source walk unavailable)
MISSING: /home/danger/security_analyst/topology/assets/mstr.yaml — emit nothing rather than a stale copy
Sun Sep  6 01:08:02 PM CST 2026: axis5 emit skipped for mstr (source walk unavailable)
MISSING: /home/danger/security_analyst/topology/assets/bmnr.yaml — emit nothing rather than a stale copy
Sun Sep  6 01:08:02 PM CST 2026: axis5 emit skipped for bmnr (source walk unavailable)
REFUSED: usdat.yaml is generator v1.7 output, not a hand-walk. Its own trust banner rates 36.5% of generated rows trustworthy and says `timelock: unresolved` means NOT MEASURED. Axis 5 stays "Not assessed".
Sun Sep  6 01:08:02 PM CST 2026: axis5 emit skipped for usdat (source walk unavailable)
MISSING: /home/danger/security_analyst/topology/assets/susdat.yaml — emit nothing rather than a stale copy
Sun Sep  6 01:08:02 PM CST 2026: axis5 emit skipped for susdat (source walk unavailable)
data/usdai_contract.json: as_of=2026-08-26 layers=2 unresolved=3 walk_notes=37
MISSING: /home/danger/security_analyst/topology/assets/susdai.yaml — emit nothing rather than a stale copy
Sun Sep  6 01:08:02 PM CST 2026: axis5 emit skipped for susdai (source walk unavailable)
REFUSED: usdm.yaml is generator v1.7 output, not a hand-walk. Its own trust banner rates 36.5% of generated rows trustworthy and says `timelock: unresolved` means NOT MEASURED. Axis 5 stays "Not assessed".
Sun Sep  6 01:08:02 PM CST 2026: axis5 emit skipped for usdm (source walk unavailable)
MISSING: /home/danger/security_analyst/topology/assets/usde.yaml — emit nothing rather than a stale copy
Sun Sep  6 01:08:02 PM CST 2026: axis5 emit skipped for usde (source walk unavailable)
REFUSED: susde.yaml is generator v2.1 output, not a hand-walk. Its own trust banner rates 36.5% of generated rows trustworthy and says `timelock: unresolved` means NOT MEASURED. Axis 5 stays "Not assessed".
Sun Sep  6 01:08:02 PM CST 2026: axis5 emit skipped for susde (source walk unavailable)
REFUSED: usds.yaml is generator vhand output, not a hand-walk. Its own trust banner rates 36.5% of generated rows trustworthy and says `timelock: unresolved` means NOT MEASURED. Axis 5 stays "Not assessed".
Sun Sep  6 01:08:02 PM CST 2026: axis5 emit skipped for usds (source walk unavailable)
REFUSED: susds.yaml is generator v1.7 output, not a hand-walk. Its own trust banner rates 36.5% of generated rows trustworthy and says `timelock: unresolved` means NOT MEASURED. Axis 5 stays "Not assessed".
Sun Sep  6 01:08:02 PM CST 2026: axis5 emit skipped for susds (source walk unavailable)
MISSING: /home/danger/security_analyst/topology/assets/thusd.yaml — emit nothing rather than a stale copy
Sun Sep  6 01:08:02 PM CST 2026: axis5 emit skipped for thusd (source walk unavailable)
MISSING: /home/danger/security_analyst/topology/assets/cusd.yaml — emit nothing rather than a stale copy
Sun Sep  6 01:08:02 PM CST 2026: axis5 emit skipped for cusd (source walk unavailable)
data/hastra_prime_contract.json: as_of=2026-07-31 layers=3 unresolved=0 walk_notes=51
MISSING: /home/danger/security_analyst/topology/assets/yzusd.yaml — emit nothing rather than a stale copy
Sun Sep  6 01:08:02 PM CST 2026: axis5 emit skipped for yzusd (source walk unavailable)
REFUSED: syzusd.yaml is generator v1.7 output, not a hand-walk. Its own trust banner rates 36.5% of generated rows trustworthy and says `timelock: unresolved` means NOT MEASURED. Axis 5 stays "Not assessed".
Sun Sep  6 01:08:02 PM CST 2026: axis5 emit skipped for syzusd (source walk unavailable)
data/reusd_re_contract.json: as_of=2026-08-30 layers=2 unresolved=3 walk_notes=58
data/reusde_re_contract.json: as_of=2026-09-06 layers=2 unresolved=3 walk_notes=38
From https://github.com/todayindefi/backing-monitor
 * branch                main       -> FETCH_HEAD
MISSING: /home/danger/security_analyst/topology/assets/ousd.yaml — emit nothing rather than a stale copy
Sun Sep  6 02:08:02 PM CST 2026: axis5 emit skipped for ousd (source walk unavailable)
REFUSED: crvusd.yaml is generator v2.1 output, not a hand-walk. Its own trust banner rates 36.5% of generated rows trustworthy and says `timelock: unresolved` means NOT MEASURED. Axis 5 stays "Not assessed".
Sun Sep  6 02:08:02 PM CST 2026: axis5 emit skipped for crvusd (source walk unavailable)
data/usg_contract.json: as_of=2026-09-06 layers=3 unresolved=3 walk_notes=96
MISSING: /home/danger/security_analyst/topology/assets/usdd.yaml — emit nothing rather than a stale copy
Sun Sep  6 02:08:02 PM CST 2026: axis5 emit skipped for usdd (source walk unavailable)
REFUSED: syrupusdc.yaml is generator v2.0 output, not a hand-walk. Its own trust banner rates 36.5% of generated rows trustworthy and says `timelock: unresolved` means NOT MEASURED. Axis 5 stays "Not assessed".
Sun Sep  6 02:08:02 PM CST 2026: axis5 emit skipped for syrupusdc (source walk unavailable)
REFUSED: syrupusdt.yaml is generator v2.0 output, not a hand-walk. Its own trust banner rates 36.5% of generated rows trustworthy and says `timelock: unresolved` means NOT MEASURED. Axis 5 stays "Not assessed".
Sun Sep  6 02:08:02 PM CST 2026: axis5 emit skipped for syrupusdt (source walk unavailable)
MISSING: /home/danger/security_analyst/topology/assets/apxusd.yaml — emit nothing rather than a stale copy
Sun Sep  6 02:08:02 PM CST 2026: axis5 emit skipped for apxusd (source walk unavailable)
REFUSED: apyusd.yaml is generator v1.7 output, not a hand-walk. Its own trust banner rates 36.5% of generated rows trustworthy and says `timelock: unresolved` means NOT MEASURED. Axis 5 stays "Not assessed".
Sun Sep  6 02:08:02 PM CST 2026: axis5 emit skipped for apyusd (source walk unavailable)
MISSING: /home/danger/security_analyst/topology/assets/strc.yaml — emit nothing rather than a stale copy
Sun Sep  6 02:08:02 PM CST 2026: axis5 emit skipped for strc (source walk unavailable)
MISSING: /home/danger/security_analyst/topology/assets/mstr.yaml — emit nothing rather than a stale copy
Sun Sep  6 02:08:02 PM CST 2026: axis5 emit skipped for mstr (source walk unavailable)
MISSING: /home/danger/security_analyst/topology/assets/bmnr.yaml — emit nothing rather than a stale copy
Sun Sep  6 02:08:02 PM CST 2026: axis5 emit skipped for bmnr (source walk unavailable)
REFUSED: usdat.yaml is generator v1.7 output, not a hand-walk. Its own trust banner rates 36.5% of generated rows trustworthy and says `timelock: unresolved` means NOT MEASURED. Axis 5 stays "Not assessed".
Sun Sep  6 02:08:02 PM CST 2026: axis5 emit skipped for usdat (source walk unavailable)
MISSING: /home/danger/security_analyst/topology/assets/susdat.yaml — emit nothing rather than a stale copy
Sun Sep  6 02:08:02 PM CST 2026: axis5 emit skipped for susdat (source walk unavailable)
data/usdai_contract.json: as_of=2026-08-26 layers=2 unresolved=3 walk_notes=37
MISSING: /home/danger/security_analyst/topology/assets/susdai.yaml — emit nothing rather than a stale copy
Sun Sep  6 02:08:02 PM CST 2026: axis5 emit skipped for susdai (source walk unavailable)
REFUSED: usdm.yaml is generator v1.7 output, not a hand-walk. Its own trust banner rates 36.5% of generated rows trustworthy and says `timelock: unresolved` means NOT MEASURED. Axis 5 stays "Not assessed".
Sun Sep  6 02:08:02 PM CST 2026: axis5 emit skipped for usdm (source walk unavailable)
MISSING: /home/danger/security_analyst/topology/assets/usde.yaml — emit nothing rather than a stale copy
Sun Sep  6 02:08:02 PM CST 2026: axis5 emit skipped for usde (source walk unavailable)
REFUSED: susde.yaml is generator v2.1 output, not a hand-walk. Its own trust banner rates 36.5% of generated rows trustworthy and says `timelock: unresolved` means NOT MEASURED. Axis 5 stays "Not assessed".
Sun Sep  6 02:08:02 PM CST 2026: axis5 emit skipped for susde (source walk unavailable)
REFUSED: usds.yaml is generator vhand output, not a hand-walk. Its own trust banner rates 36.5% of generated rows trustworthy and says `timelock: unresolved` means NOT MEASURED. Axis 5 stays "Not assessed".
Sun Sep  6 02:08:02 PM CST 2026: axis5 emit skipped for usds (source walk unavailable)
REFUSED: susds.yaml is generator v1.7 output, not a hand-walk. Its own trust banner rates 36.5% of generated rows trustworthy and says `timelock: unresolved` means NOT MEASURED. Axis 5 stays "Not assessed".
Sun Sep  6 02:08:02 PM CST 2026: axis5 emit skipped for susds (source walk unavailable)
MISSING: /home/danger/security_analyst/topology/assets/thusd.yaml — emit nothing rather than a stale copy
Sun Sep  6 02:08:02 PM CST 2026: axis5 emit skipped for thusd (source walk unavailable)
MISSING: /home/danger/security_analyst/topology/assets/cusd.yaml — emit nothing rather than a stale copy
Sun Sep  6 02:08:02 PM CST 2026: axis5 emit skipped for cusd (source walk unavailable)
data/hastra_prime_contract.json: as_of=2026-07-31 layers=3 unresolved=0 walk_notes=51
MISSING: /home/danger/security_analyst/topology/assets/yzusd.yaml — emit nothing rather than a stale copy
Sun Sep  6 02:08:02 PM CST 2026: axis5 emit skipped for yzusd (source walk unavailable)
REFUSED: syzusd.yaml is generator v1.7 output, not a hand-walk. Its own trust banner rates 36.5% of generated rows trustworthy and says `timelock: unresolved` means NOT MEASURED. Axis 5 stays "Not assessed".
Sun Sep  6 02:08:02 PM CST 2026: axis5 emit skipped for syzusd (source walk unavailable)
data/reusd_re_contract.json: as_of=2026-08-30 layers=2 unresolved=3 walk_notes=58
data/reusde_re_contract.json: as_of=2026-09-06 layers=2 unresolved=3 walk_notes=38
From https://github.com/todayindefi/backing-monitor
 * branch                main       -> FETCH_HEAD
MISSING: /home/danger/security_analyst/topology/assets/ousd.yaml — emit nothing rather than a stale copy
Sun Sep  6 03:08:01 PM CST 2026: axis5 emit skipped for ousd (source walk unavailable)
REFUSED: crvusd.yaml is generator v2.1 output, not a hand-walk. Its own trust banner rates 36.5% of generated rows trustworthy and says `timelock: unresolved` means NOT MEASURED. Axis 5 stays "Not assessed".
Sun Sep  6 03:08:01 PM CST 2026: axis5 emit skipped for crvusd (source walk unavailable)
data/usg_contract.json: as_of=2026-09-06 layers=3 unresolved=3 walk_notes=96
MISSING: /home/danger/security_analyst/topology/assets/usdd.yaml — emit nothing rather than a stale copy
Sun Sep  6 03:08:01 PM CST 2026: axis5 emit skipped for usdd (source walk unavailable)
REFUSED: syrupusdc.yaml is generator v2.0 output, not a hand-walk. Its own trust banner rates 36.5% of generated rows trustworthy and says `timelock: unresolved` means NOT MEASURED. Axis 5 stays "Not assessed".
Sun Sep  6 03:08:01 PM CST 2026: axis5 emit skipped for syrupusdc (source walk unavailable)
REFUSED: syrupusdt.yaml is generator v2.0 output, not a hand-walk. Its own trust banner rates 36.5% of generated rows trustworthy and says `timelock: unresolved` means NOT MEASURED. Axis 5 stays "Not assessed".
Sun Sep  6 03:08:01 PM CST 2026: axis5 emit skipped for syrupusdt (source walk unavailable)
MISSING: /home/danger/security_analyst/topology/assets/apxusd.yaml — emit nothing rather than a stale copy
Sun Sep  6 03:08:01 PM CST 2026: axis5 emit skipped for apxusd (source walk unavailable)
REFUSED: apyusd.yaml is generator v1.7 output, not a hand-walk. Its own trust banner rates 36.5% of generated rows trustworthy and says `timelock: unresolved` means NOT MEASURED. Axis 5 stays "Not assessed".
Sun Sep  6 03:08:01 PM CST 2026: axis5 emit skipped for apyusd (source walk unavailable)
MISSING: /home/danger/security_analyst/topology/assets/strc.yaml — emit nothing rather than a stale copy
Sun Sep  6 03:08:01 PM CST 2026: axis5 emit skipped for strc (source walk unavailable)
MISSING: /home/danger/security_analyst/topology/assets/mstr.yaml — emit nothing rather than a stale copy
Sun Sep  6 03:08:01 PM CST 2026: axis5 emit skipped for mstr (source walk unavailable)
MISSING: /home/danger/security_analyst/topology/assets/bmnr.yaml — emit nothing rather than a stale copy
Sun Sep  6 03:08:01 PM CST 2026: axis5 emit skipped for bmnr (source walk unavailable)
REFUSED: usdat.yaml is generator v1.7 output, not a hand-walk. Its own trust banner rates 36.5% of generated rows trustworthy and says `timelock: unresolved` means NOT MEASURED. Axis 5 stays "Not assessed".
Sun Sep  6 03:08:01 PM CST 2026: axis5 emit skipped for usdat (source walk unavailable)
MISSING: /home/danger/security_analyst/topology/assets/susdat.yaml — emit nothing rather than a stale copy
Sun Sep  6 03:08:01 PM CST 2026: axis5 emit skipped for susdat (source walk unavailable)
data/usdai_contract.json: as_of=2026-08-26 layers=2 unresolved=3 walk_notes=37
MISSING: /home/danger/security_analyst/topology/assets/susdai.yaml — emit nothing rather than a stale copy
Sun Sep  6 03:08:02 PM CST 2026: axis5 emit skipped for susdai (source walk unavailable)
REFUSED: usdm.yaml is generator v1.7 output, not a hand-walk. Its own trust banner rates 36.5% of generated rows trustworthy and says `timelock: unresolved` means NOT MEASURED. Axis 5 stays "Not assessed".
Sun Sep  6 03:08:02 PM CST 2026: axis5 emit skipped for usdm (source walk unavailable)
MISSING: /home/danger/security_analyst/topology/assets/usde.yaml — emit nothing rather than a stale copy
Sun Sep  6 03:08:02 PM CST 2026: axis5 emit skipped for usde (source walk unavailable)
REFUSED: susde.yaml is generator v2.1 output, not a hand-walk. Its own trust banner rates 36.5% of generated rows trustworthy and says `timelock: unresolved` means NOT MEASURED. Axis 5 stays "Not assessed".
Sun Sep  6 03:08:02 PM CST 2026: axis5 emit skipped for susde (source walk unavailable)
REFUSED: usds.yaml is generator vhand output, not a hand-walk. Its own trust banner rates 36.5% of generated rows trustworthy and says `timelock: unresolved` means NOT MEASURED. Axis 5 stays "Not assessed".
Sun Sep  6 03:08:02 PM CST 2026: axis5 emit skipped for usds (source walk unavailable)
REFUSED: susds.yaml is generator v1.7 output, not a hand-walk. Its own trust banner rates 36.5% of generated rows trustworthy and says `timelock: unresolved` means NOT MEASURED. Axis 5 stays "Not assessed".
Sun Sep  6 03:08:02 PM CST 2026: axis5 emit skipped for susds (source walk unavailable)
MISSING: /home/danger/security_analyst/topology/assets/thusd.yaml — emit nothing rather than a stale copy
Sun Sep  6 03:08:02 PM CST 2026: axis5 emit skipped for thusd (source walk unavailable)
MISSING: /home/danger/security_analyst/topology/assets/cusd.yaml — emit nothing rather than a stale copy
Sun Sep  6 03:08:02 PM CST 2026: axis5 emit skipped for cusd (source walk unavailable)
data/hastra_prime_contract.json: as_of=2026-07-31 layers=3 unresolved=0 walk_notes=51
data/yzusd_contract.json: as_of=2026-09-06 layers=1 unresolved=3 walk_notes=34
data/syzusd_contract.json: as_of=2026-08-30 layers=3 unresolved=4 walk_notes=31
data/reusd_re_contract.json: as_of=2026-08-30 layers=2 unresolved=3 walk_notes=58
data/reusde_re_contract.json: as_of=2026-09-06 layers=2 unresolved=3 walk_notes=38
From https://github.com/todayindefi/backing-monitor
 * branch                main       -> FETCH_HEAD
MISSING: /home/danger/security_analyst/topology/assets/ousd.yaml — emit nothing rather than a stale copy
Sun Sep  6 04:08:02 PM CST 2026: axis5 emit skipped for ousd (source walk unavailable)
REFUSED: crvusd.yaml is generator v2.1 output, not a hand-walk. Its own trust banner rates 36.5% of generated rows trustworthy and says `timelock: unresolved` means NOT MEASURED. Axis 5 stays "Not assessed".
Sun Sep  6 04:08:02 PM CST 2026: axis5 emit skipped for crvusd (source walk unavailable)
data/usg_contract.json: as_of=2026-09-06 layers=3 unresolved=3 walk_notes=96
MISSING: /home/danger/security_analyst/topology/assets/usdd.yaml — emit nothing rather than a stale copy
Sun Sep  6 04:08:02 PM CST 2026: axis5 emit skipped for usdd (source walk unavailable)
REFUSED: syrupusdc.yaml is generator v2.0 output, not a hand-walk. Its own trust banner rates 36.5% of generated rows trustworthy and says `timelock: unresolved` means NOT MEASURED. Axis 5 stays "Not assessed".
Sun Sep  6 04:08:02 PM CST 2026: axis5 emit skipped for syrupusdc (source walk unavailable)
REFUSED: syrupusdt.yaml is generator v2.0 output, not a hand-walk. Its own trust banner rates 36.5% of generated rows trustworthy and says `timelock: unresolved` means NOT MEASURED. Axis 5 stays "Not assessed".
Sun Sep  6 04:08:02 PM CST 2026: axis5 emit skipped for syrupusdt (source walk unavailable)
MISSING: /home/danger/security_analyst/topology/assets/apxusd.yaml — emit nothing rather than a stale copy
Sun Sep  6 04:08:02 PM CST 2026: axis5 emit skipped for apxusd (source walk unavailable)
REFUSED: apyusd.yaml is generator v1.7 output, not a hand-walk. Its own trust banner rates 36.5% of generated rows trustworthy and says `timelock: unresolved` means NOT MEASURED. Axis 5 stays "Not assessed".
Sun Sep  6 04:08:02 PM CST 2026: axis5 emit skipped for apyusd (source walk unavailable)
MISSING: /home/danger/security_analyst/topology/assets/strc.yaml — emit nothing rather than a stale copy
Sun Sep  6 04:08:02 PM CST 2026: axis5 emit skipped for strc (source walk unavailable)
MISSING: /home/danger/security_analyst/topology/assets/mstr.yaml — emit nothing rather than a stale copy
Sun Sep  6 04:08:02 PM CST 2026: axis5 emit skipped for mstr (source walk unavailable)
MISSING: /home/danger/security_analyst/topology/assets/bmnr.yaml — emit nothing rather than a stale copy
Sun Sep  6 04:08:02 PM CST 2026: axis5 emit skipped for bmnr (source walk unavailable)
REFUSED: usdat.yaml is generator v1.7 output, not a hand-walk. Its own trust banner rates 36.5% of generated rows trustworthy and says `timelock: unresolved` means NOT MEASURED. Axis 5 stays "Not assessed".
Sun Sep  6 04:08:02 PM CST 2026: axis5 emit skipped for usdat (source walk unavailable)
MISSING: /home/danger/security_analyst/topology/assets/susdat.yaml — emit nothing rather than a stale copy
Sun Sep  6 04:08:02 PM CST 2026: axis5 emit skipped for susdat (source walk unavailable)
data/usdai_contract.json: as_of=2026-08-26 layers=2 unresolved=3 walk_notes=37
MISSING: /home/danger/security_analyst/topology/assets/susdai.yaml — emit nothing rather than a stale copy
Sun Sep  6 04:08:02 PM CST 2026: axis5 emit skipped for susdai (source walk unavailable)
REFUSED: usdm.yaml is generator v1.7 output, not a hand-walk. Its own trust banner rates 36.5% of generated rows trustworthy and says `timelock: unresolved` means NOT MEASURED. Axis 5 stays "Not assessed".
Sun Sep  6 04:08:02 PM CST 2026: axis5 emit skipped for usdm (source walk unavailable)
MISSING: /home/danger/security_analyst/topology/assets/usde.yaml — emit nothing rather than a stale copy
Sun Sep  6 04:08:02 PM CST 2026: axis5 emit skipped for usde (source walk unavailable)
REFUSED: susde.yaml is generator v2.1 output, not a hand-walk. Its own trust banner rates 36.5% of generated rows trustworthy and says `timelock: unresolved` means NOT MEASURED. Axis 5 stays "Not assessed".
Sun Sep  6 04:08:02 PM CST 2026: axis5 emit skipped for susde (source walk unavailable)
REFUSED: usds.yaml is generator vhand output, not a hand-walk. Its own trust banner rates 36.5% of generated rows trustworthy and says `timelock: unresolved` means NOT MEASURED. Axis 5 stays "Not assessed".
Sun Sep  6 04:08:02 PM CST 2026: axis5 emit skipped for usds (source walk unavailable)
REFUSED: susds.yaml is generator v1.7 output, not a hand-walk. Its own trust banner rates 36.5% of generated rows trustworthy and says `timelock: unresolved` means NOT MEASURED. Axis 5 stays "Not assessed".
Sun Sep  6 04:08:02 PM CST 2026: axis5 emit skipped for susds (source walk unavailable)
MISSING: /home/danger/security_analyst/topology/assets/thusd.yaml — emit nothing rather than a stale copy
Sun Sep  6 04:08:02 PM CST 2026: axis5 emit skipped for thusd (source walk unavailable)
MISSING: /home/danger/security_analyst/topology/assets/cusd.yaml — emit nothing rather than a stale copy
Sun Sep  6 04:08:02 PM CST 2026: axis5 emit skipped for cusd (source walk unavailable)
data/hastra_prime_contract.json: as_of=2026-07-31 layers=3 unresolved=0 walk_notes=51
data/yzusd_contract.json: as_of=2026-09-06 layers=1 unresolved=3 walk_notes=34
data/syzusd_contract.json: as_of=2026-08-30 layers=3 unresolved=4 walk_notes=31
data/reusd_re_contract.json: as_of=2026-08-30 layers=2 unresolved=3 walk_notes=58
data/reusde_re_contract.json: as_of=2026-09-06 layers=2 unresolved=3 walk_notes=38
From https://github.com/todayindefi/backing-monitor
 * branch                main       -> FETCH_HEAD
MISSING: /home/danger/security_analyst/topology/assets/ousd.yaml — emit nothing rather than a stale copy
Sun Sep  6 05:08:01 PM CST 2026: axis5 emit skipped for ousd (source walk unavailable)
REFUSED: crvusd.yaml is generator v2.1 output, not a hand-walk. Its own trust banner rates 36.5% of generated rows trustworthy and says `timelock: unresolved` means NOT MEASURED. Axis 5 stays "Not assessed".
Sun Sep  6 05:08:01 PM CST 2026: axis5 emit skipped for crvusd (source walk unavailable)
data/usg_contract.json: as_of=2026-09-06 layers=3 unresolved=3 walk_notes=96
MISSING: /home/danger/security_analyst/topology/assets/usdd.yaml — emit nothing rather than a stale copy
Sun Sep  6 05:08:01 PM CST 2026: axis5 emit skipped for usdd (source walk unavailable)
REFUSED: syrupusdc.yaml is generator v2.0 output, not a hand-walk. Its own trust banner rates 36.5% of generated rows trustworthy and says `timelock: unresolved` means NOT MEASURED. Axis 5 stays "Not assessed".
Sun Sep  6 05:08:01 PM CST 2026: axis5 emit skipped for syrupusdc (source walk unavailable)
REFUSED: syrupusdt.yaml is generator v2.0 output, not a hand-walk. Its own trust banner rates 36.5% of generated rows trustworthy and says `timelock: unresolved` means NOT MEASURED. Axis 5 stays "Not assessed".
Sun Sep  6 05:08:01 PM CST 2026: axis5 emit skipped for syrupusdt (source walk unavailable)
MISSING: /home/danger/security_analyst/topology/assets/apxusd.yaml — emit nothing rather than a stale copy
Sun Sep  6 05:08:01 PM CST 2026: axis5 emit skipped for apxusd (source walk unavailable)
REFUSED: apyusd.yaml is generator v1.7 output, not a hand-walk. Its own trust banner rates 36.5% of generated rows trustworthy and says `timelock: unresolved` means NOT MEASURED. Axis 5 stays "Not assessed".
Sun Sep  6 05:08:01 PM CST 2026: axis5 emit skipped for apyusd (source walk unavailable)
MISSING: /home/danger/security_analyst/topology/assets/strc.yaml — emit nothing rather than a stale copy
Sun Sep  6 05:08:01 PM CST 2026: axis5 emit skipped for strc (source walk unavailable)
MISSING: /home/danger/security_analyst/topology/assets/mstr.yaml — emit nothing rather than a stale copy
Sun Sep  6 05:08:01 PM CST 2026: axis5 emit skipped for mstr (source walk unavailable)
MISSING: /home/danger/security_analyst/topology/assets/bmnr.yaml — emit nothing rather than a stale copy
Sun Sep  6 05:08:01 PM CST 2026: axis5 emit skipped for bmnr (source walk unavailable)
REFUSED: usdat.yaml is generator v1.7 output, not a hand-walk. Its own trust banner rates 36.5% of generated rows trustworthy and says `timelock: unresolved` means NOT MEASURED. Axis 5 stays "Not assessed".
Sun Sep  6 05:08:01 PM CST 2026: axis5 emit skipped for usdat (source walk unavailable)
MISSING: /home/danger/security_analyst/topology/assets/susdat.yaml — emit nothing rather than a stale copy
Sun Sep  6 05:08:01 PM CST 2026: axis5 emit skipped for susdat (source walk unavailable)
data/usdai_contract.json: as_of=2026-08-26 layers=2 unresolved=3 walk_notes=37
MISSING: /home/danger/security_analyst/topology/assets/susdai.yaml — emit nothing rather than a stale copy
Sun Sep  6 05:08:02 PM CST 2026: axis5 emit skipped for susdai (source walk unavailable)
REFUSED: usdm.yaml is generator v1.7 output, not a hand-walk. Its own trust banner rates 36.5% of generated rows trustworthy and says `timelock: unresolved` means NOT MEASURED. Axis 5 stays "Not assessed".
Sun Sep  6 05:08:02 PM CST 2026: axis5 emit skipped for usdm (source walk unavailable)
MISSING: /home/danger/security_analyst/topology/assets/usde.yaml — emit nothing rather than a stale copy
Sun Sep  6 05:08:02 PM CST 2026: axis5 emit skipped for usde (source walk unavailable)
REFUSED: susde.yaml is generator v2.1 output, not a hand-walk. Its own trust banner rates 36.5% of generated rows trustworthy and says `timelock: unresolved` means NOT MEASURED. Axis 5 stays "Not assessed".
Sun Sep  6 05:08:02 PM CST 2026: axis5 emit skipped for susde (source walk unavailable)
REFUSED: usds.yaml is generator vhand output, not a hand-walk. Its own trust banner rates 36.5% of generated rows trustworthy and says `timelock: unresolved` means NOT MEASURED. Axis 5 stays "Not assessed".
Sun Sep  6 05:08:02 PM CST 2026: axis5 emit skipped for usds (source walk unavailable)
REFUSED: susds.yaml is generator v1.7 output, not a hand-walk. Its own trust banner rates 36.5% of generated rows trustworthy and says `timelock: unresolved` means NOT MEASURED. Axis 5 stays "Not assessed".
Sun Sep  6 05:08:02 PM CST 2026: axis5 emit skipped for susds (source walk unavailable)
MISSING: /home/danger/security_analyst/topology/assets/thusd.yaml — emit nothing rather than a stale copy
Sun Sep  6 05:08:02 PM CST 2026: axis5 emit skipped for thusd (source walk unavailable)
MISSING: /home/danger/security_analyst/topology/assets/cusd.yaml — emit nothing rather than a stale copy
Sun Sep  6 05:08:02 PM CST 2026: axis5 emit skipped for cusd (source walk unavailable)
data/hastra_prime_contract.json: as_of=2026-07-31 layers=3 unresolved=0 walk_notes=51
data/yzusd_contract.json: as_of=2026-09-06 layers=1 unresolved=3 walk_notes=34
data/syzusd_contract.json: as_of=2026-08-30 layers=3 unresolved=4 walk_notes=31
data/reusd_re_contract.json: as_of=2026-08-30 layers=2 unresolved=3 walk_notes=58
data/reusde_re_contract.json: as_of=2026-09-06 layers=2 unresolved=3 walk_notes=38
From https://github.com/todayindefi/backing-monitor
 * branch                main       -> FETCH_HEAD
MISSING: /home/danger/security_analyst/topology/assets/ousd.yaml — emit nothing rather than a stale copy
Sun Sep  6 06:08:01 PM CST 2026: axis5 emit skipped for ousd (source walk unavailable)
REFUSED: crvusd.yaml is generator v2.1 output, not a hand-walk. Its own trust banner rates 36.5% of generated rows trustworthy and says `timelock: unresolved` means NOT MEASURED. Axis 5 stays "Not assessed".
Sun Sep  6 06:08:01 PM CST 2026: axis5 emit skipped for crvusd (source walk unavailable)
data/usg_contract.json: as_of=2026-09-06 layers=3 unresolved=3 walk_notes=96
MISSING: /home/danger/security_analyst/topology/assets/usdd.yaml — emit nothing rather than a stale copy
Sun Sep  6 06:08:01 PM CST 2026: axis5 emit skipped for usdd (source walk unavailable)
REFUSED: syrupusdc.yaml is generator v2.0 output, not a hand-walk. Its own trust banner rates 36.5% of generated rows trustworthy and says `timelock: unresolved` means NOT MEASURED. Axis 5 stays "Not assessed".
Sun Sep  6 06:08:01 PM CST 2026: axis5 emit skipped for syrupusdc (source walk unavailable)
REFUSED: syrupusdt.yaml is generator v2.0 output, not a hand-walk. Its own trust banner rates 36.5% of generated rows trustworthy and says `timelock: unresolved` means NOT MEASURED. Axis 5 stays "Not assessed".
Sun Sep  6 06:08:02 PM CST 2026: axis5 emit skipped for syrupusdt (source walk unavailable)
MISSING: /home/danger/security_analyst/topology/assets/apxusd.yaml — emit nothing rather than a stale copy
Sun Sep  6 06:08:02 PM CST 2026: axis5 emit skipped for apxusd (source walk unavailable)
REFUSED: apyusd.yaml is generator v1.7 output, not a hand-walk. Its own trust banner rates 36.5% of generated rows trustworthy and says `timelock: unresolved` means NOT MEASURED. Axis 5 stays "Not assessed".
Sun Sep  6 06:08:02 PM CST 2026: axis5 emit skipped for apyusd (source walk unavailable)
MISSING: /home/danger/security_analyst/topology/assets/strc.yaml — emit nothing rather than a stale copy
Sun Sep  6 06:08:02 PM CST 2026: axis5 emit skipped for strc (source walk unavailable)
MISSING: /home/danger/security_analyst/topology/assets/mstr.yaml — emit nothing rather than a stale copy
Sun Sep  6 06:08:02 PM CST 2026: axis5 emit skipped for mstr (source walk unavailable)
MISSING: /home/danger/security_analyst/topology/assets/bmnr.yaml — emit nothing rather than a stale copy
Sun Sep  6 06:08:02 PM CST 2026: axis5 emit skipped for bmnr (source walk unavailable)
REFUSED: usdat.yaml is generator v1.7 output, not a hand-walk. Its own trust banner rates 36.5% of generated rows trustworthy and says `timelock: unresolved` means NOT MEASURED. Axis 5 stays "Not assessed".
Sun Sep  6 06:08:02 PM CST 2026: axis5 emit skipped for usdat (source walk unavailable)
MISSING: /home/danger/security_analyst/topology/assets/susdat.yaml — emit nothing rather than a stale copy
Sun Sep  6 06:08:02 PM CST 2026: axis5 emit skipped for susdat (source walk unavailable)
data/usdai_contract.json: as_of=2026-08-26 layers=2 unresolved=3 walk_notes=37
MISSING: /home/danger/security_analyst/topology/assets/susdai.yaml — emit nothing rather than a stale copy
Sun Sep  6 06:08:02 PM CST 2026: axis5 emit skipped for susdai (source walk unavailable)
REFUSED: usdm.yaml is generator v1.7 output, not a hand-walk. Its own trust banner rates 36.5% of generated rows trustworthy and says `timelock: unresolved` means NOT MEASURED. Axis 5 stays "Not assessed".
Sun Sep  6 06:08:02 PM CST 2026: axis5 emit skipped for usdm (source walk unavailable)
MISSING: /home/danger/security_analyst/topology/assets/usde.yaml — emit nothing rather than a stale copy
Sun Sep  6 06:08:02 PM CST 2026: axis5 emit skipped for usde (source walk unavailable)
REFUSED: susde.yaml is generator v2.1 output, not a hand-walk. Its own trust banner rates 36.5% of generated rows trustworthy and says `timelock: unresolved` means NOT MEASURED. Axis 5 stays "Not assessed".
Sun Sep  6 06:08:02 PM CST 2026: axis5 emit skipped for susde (source walk unavailable)
REFUSED: usds.yaml is generator vhand output, not a hand-walk. Its own trust banner rates 36.5% of generated rows trustworthy and says `timelock: unresolved` means NOT MEASURED. Axis 5 stays "Not assessed".
Sun Sep  6 06:08:02 PM CST 2026: axis5 emit skipped for usds (source walk unavailable)
REFUSED: susds.yaml is generator v1.7 output, not a hand-walk. Its own trust banner rates 36.5% of generated rows trustworthy and says `timelock: unresolved` means NOT MEASURED. Axis 5 stays "Not assessed".
Sun Sep  6 06:08:02 PM CST 2026: axis5 emit skipped for susds (source walk unavailable)
MISSING: /home/danger/security_analyst/topology/assets/thusd.yaml — emit nothing rather than a stale copy
Sun Sep  6 06:08:02 PM CST 2026: axis5 emit skipped for thusd (source walk unavailable)
MISSING: /home/danger/security_analyst/topology/assets/cusd.yaml — emit nothing rather than a stale copy
Sun Sep  6 06:08:02 PM CST 2026: axis5 emit skipped for cusd (source walk unavailable)
data/hastra_prime_contract.json: as_of=2026-07-31 layers=3 unresolved=0 walk_notes=51
data/yzusd_contract.json: as_of=2026-09-06 layers=1 unresolved=3 walk_notes=34
data/syzusd_contract.json: as_of=2026-08-30 layers=3 unresolved=4 walk_notes=31
data/reusd_re_contract.json: as_of=2026-08-30 layers=2 unresolved=3 walk_notes=58
data/reusde_re_contract.json: as_of=2026-09-06 layers=2 unresolved=3 walk_notes=38
From https://github.com/todayindefi/backing-monitor
 * branch                main       -> FETCH_HEAD
MISSING: /home/danger/security_analyst/topology/assets/ousd.yaml — emit nothing rather than a stale copy
Sun Sep  6 07:08:02 PM CST 2026: axis5 emit skipped for ousd (source walk unavailable)
REFUSED: crvusd.yaml is generator v2.1 output, not a hand-walk. Its own trust banner rates 36.5% of generated rows trustworthy and says `timelock: unresolved` means NOT MEASURED. Axis 5 stays "Not assessed".
Sun Sep  6 07:08:02 PM CST 2026: axis5 emit skipped for crvusd (source walk unavailable)
data/usg_contract.json: as_of=2026-09-06 layers=3 unresolved=3 walk_notes=96
MISSING: /home/danger/security_analyst/topology/assets/usdd.yaml — emit nothing rather than a stale copy
Sun Sep  6 07:08:02 PM CST 2026: axis5 emit skipped for usdd (source walk unavailable)
REFUSED: syrupusdc.yaml is generator v2.0 output, not a hand-walk. Its own trust banner rates 36.5% of generated rows trustworthy and says `timelock: unresolved` means NOT MEASURED. Axis 5 stays "Not assessed".
Sun Sep  6 07:08:02 PM CST 2026: axis5 emit skipped for syrupusdc (source walk unavailable)
REFUSED: syrupusdt.yaml is generator v2.0 output, not a hand-walk. Its own trust banner rates 36.5% of generated rows trustworthy and says `timelock: unresolved` means NOT MEASURED. Axis 5 stays "Not assessed".
Sun Sep  6 07:08:02 PM CST 2026: axis5 emit skipped for syrupusdt (source walk unavailable)
MISSING: /home/danger/security_analyst/topology/assets/apxusd.yaml — emit nothing rather than a stale copy
Sun Sep  6 07:08:02 PM CST 2026: axis5 emit skipped for apxusd (source walk unavailable)
REFUSED: apyusd.yaml is generator v1.7 output, not a hand-walk. Its own trust banner rates 36.5% of generated rows trustworthy and says `timelock: unresolved` means NOT MEASURED. Axis 5 stays "Not assessed".
Sun Sep  6 07:08:02 PM CST 2026: axis5 emit skipped for apyusd (source walk unavailable)
MISSING: /home/danger/security_analyst/topology/assets/strc.yaml — emit nothing rather than a stale copy
Sun Sep  6 07:08:02 PM CST 2026: axis5 emit skipped for strc (source walk unavailable)
MISSING: /home/danger/security_analyst/topology/assets/mstr.yaml — emit nothing rather than a stale copy
Sun Sep  6 07:08:02 PM CST 2026: axis5 emit skipped for mstr (source walk unavailable)
MISSING: /home/danger/security_analyst/topology/assets/bmnr.yaml — emit nothing rather than a stale copy
Sun Sep  6 07:08:02 PM CST 2026: axis5 emit skipped for bmnr (source walk unavailable)
REFUSED: usdat.yaml is generator v1.7 output, not a hand-walk. Its own trust banner rates 36.5% of generated rows trustworthy and says `timelock: unresolved` means NOT MEASURED. Axis 5 stays "Not assessed".
Sun Sep  6 07:08:02 PM CST 2026: axis5 emit skipped for usdat (source walk unavailable)
MISSING: /home/danger/security_analyst/topology/assets/susdat.yaml — emit nothing rather than a stale copy
Sun Sep  6 07:08:02 PM CST 2026: axis5 emit skipped for susdat (source walk unavailable)
data/usdai_contract.json: as_of=2026-08-26 layers=2 unresolved=3 walk_notes=37
MISSING: /home/danger/security_analyst/topology/assets/susdai.yaml — emit nothing rather than a stale copy
Sun Sep  6 07:08:02 PM CST 2026: axis5 emit skipped for susdai (source walk unavailable)
REFUSED: usdm.yaml is generator v1.7 output, not a hand-walk. Its own trust banner rates 36.5% of generated rows trustworthy and says `timelock: unresolved` means NOT MEASURED. Axis 5 stays "Not assessed".
Sun Sep  6 07:08:02 PM CST 2026: axis5 emit skipped for usdm (source walk unavailable)
MISSING: /home/danger/security_analyst/topology/assets/usde.yaml — emit nothing rather than a stale copy
Sun Sep  6 07:08:02 PM CST 2026: axis5 emit skipped for usde (source walk unavailable)
REFUSED: susde.yaml is generator v2.1 output, not a hand-walk. Its own trust banner rates 36.5% of generated rows trustworthy and says `timelock: unresolved` means NOT MEASURED. Axis 5 stays "Not assessed".
Sun Sep  6 07:08:02 PM CST 2026: axis5 emit skipped for susde (source walk unavailable)
REFUSED: usds.yaml is generator vhand output, not a hand-walk. Its own trust banner rates 36.5% of generated rows trustworthy and says `timelock: unresolved` means NOT MEASURED. Axis 5 stays "Not assessed".
Sun Sep  6 07:08:02 PM CST 2026: axis5 emit skipped for usds (source walk unavailable)
REFUSED: susds.yaml is generator v1.7 output, not a hand-walk. Its own trust banner rates 36.5% of generated rows trustworthy and says `timelock: unresolved` means NOT MEASURED. Axis 5 stays "Not assessed".
Sun Sep  6 07:08:02 PM CST 2026: axis5 emit skipped for susds (source walk unavailable)
MISSING: /home/danger/security_analyst/topology/assets/thusd.yaml — emit nothing rather than a stale copy
Sun Sep  6 07:08:02 PM CST 2026: axis5 emit skipped for thusd (source walk unavailable)
MISSING: /home/danger/security_analyst/topology/assets/cusd.yaml — emit nothing rather than a stale copy
Sun Sep  6 07:08:02 PM CST 2026: axis5 emit skipped for cusd (source walk unavailable)
data/hastra_prime_contract.json: as_of=2026-07-31 layers=3 unresolved=0 walk_notes=51
data/yzusd_contract.json: as_of=2026-09-06 layers=1 unresolved=3 walk_notes=34
data/syzusd_contract.json: as_of=2026-08-30 layers=3 unresolved=4 walk_notes=31
data/reusd_re_contract.json: as_of=2026-08-30 layers=2 unresolved=3 walk_notes=58
data/reusde_re_contract.json: as_of=2026-09-06 layers=2 unresolved=3 walk_notes=38
From https://github.com/todayindefi/backing-monitor
 * branch                main       -> FETCH_HEAD
Sun Sep  6 07:08:04 PM CST 2026: WARNING frontend files are dirty at sync time (js/ or index.html) — publish intentionally; sync will not auto-commit them:
 M js/renderers/syrupusdc.js
MISSING: /home/danger/security_analyst/topology/assets/ousd.yaml — emit nothing rather than a stale copy
Sun Sep  6 08:08:01 PM CST 2026: axis5 emit skipped for ousd (source walk unavailable)
REFUSED: crvusd.yaml is generator v2.1 output, not a hand-walk. Its own trust banner rates 36.5% of generated rows trustworthy and says `timelock: unresolved` means NOT MEASURED. Axis 5 stays "Not assessed".
Sun Sep  6 08:08:01 PM CST 2026: axis5 emit skipped for crvusd (source walk unavailable)
data/usg_contract.json: as_of=2026-09-06 layers=3 unresolved=3 walk_notes=96
MISSING: /home/danger/security_analyst/topology/assets/usdd.yaml — emit nothing rather than a stale copy
Sun Sep  6 08:08:01 PM CST 2026: axis5 emit skipped for usdd (source walk unavailable)
REFUSED: syrupusdc.yaml is generator v2.0 output, not a hand-walk. Its own trust banner rates 36.5% of generated rows trustworthy and says `timelock: unresolved` means NOT MEASURED. Axis 5 stays "Not assessed".
Sun Sep  6 08:08:01 PM CST 2026: axis5 emit skipped for syrupusdc (source walk unavailable)
REFUSED: syrupusdt.yaml is generator v2.0 output, not a hand-walk. Its own trust banner rates 36.5% of generated rows trustworthy and says `timelock: unresolved` means NOT MEASURED. Axis 5 stays "Not assessed".
Sun Sep  6 08:08:01 PM CST 2026: axis5 emit skipped for syrupusdt (source walk unavailable)
MISSING: /home/danger/security_analyst/topology/assets/apxusd.yaml — emit nothing rather than a stale copy
Sun Sep  6 08:08:01 PM CST 2026: axis5 emit skipped for apxusd (source walk unavailable)
REFUSED: apyusd.yaml is generator v1.7 output, not a hand-walk. Its own trust banner rates 36.5% of generated rows trustworthy and says `timelock: unresolved` means NOT MEASURED. Axis 5 stays "Not assessed".
Sun Sep  6 08:08:01 PM CST 2026: axis5 emit skipped for apyusd (source walk unavailable)
MISSING: /home/danger/security_analyst/topology/assets/strc.yaml — emit nothing rather than a stale copy
Sun Sep  6 08:08:01 PM CST 2026: axis5 emit skipped for strc (source walk unavailable)
MISSING: /home/danger/security_analyst/topology/assets/mstr.yaml — emit nothing rather than a stale copy
Sun Sep  6 08:08:01 PM CST 2026: axis5 emit skipped for mstr (source walk unavailable)
MISSING: /home/danger/security_analyst/topology/assets/bmnr.yaml — emit nothing rather than a stale copy
Sun Sep  6 08:08:01 PM CST 2026: axis5 emit skipped for bmnr (source walk unavailable)
REFUSED: usdat.yaml is generator v1.7 output, not a hand-walk. Its own trust banner rates 36.5% of generated rows trustworthy and says `timelock: unresolved` means NOT MEASURED. Axis 5 stays "Not assessed".
Sun Sep  6 08:08:01 PM CST 2026: axis5 emit skipped for usdat (source walk unavailable)
MISSING: /home/danger/security_analyst/topology/assets/susdat.yaml — emit nothing rather than a stale copy
Sun Sep  6 08:08:01 PM CST 2026: axis5 emit skipped for susdat (source walk unavailable)
data/usdai_contract.json: as_of=2026-08-26 layers=2 unresolved=3 walk_notes=37
MISSING: /home/danger/security_analyst/topology/assets/susdai.yaml — emit nothing rather than a stale copy
Sun Sep  6 08:08:01 PM CST 2026: axis5 emit skipped for susdai (source walk unavailable)
REFUSED: usdm.yaml is generator v1.7 output, not a hand-walk. Its own trust banner rates 36.5% of generated rows trustworthy and says `timelock: unresolved` means NOT MEASURED. Axis 5 stays "Not assessed".
Sun Sep  6 08:08:01 PM CST 2026: axis5 emit skipped for usdm (source walk unavailable)
MISSING: /home/danger/security_analyst/topology/assets/usde.yaml — emit nothing rather than a stale copy
Sun Sep  6 08:08:01 PM CST 2026: axis5 emit skipped for usde (source walk unavailable)
REFUSED: susde.yaml is generator v2.1 output, not a hand-walk. Its own trust banner rates 36.5% of generated rows trustworthy and says `timelock: unresolved` means NOT MEASURED. Axis 5 stays "Not assessed".
Sun Sep  6 08:08:01 PM CST 2026: axis5 emit skipped for susde (source walk unavailable)
REFUSED: usds.yaml is generator vhand output, not a hand-walk. Its own trust banner rates 36.5% of generated rows trustworthy and says `timelock: unresolved` means NOT MEASURED. Axis 5 stays "Not assessed".
Sun Sep  6 08:08:01 PM CST 2026: axis5 emit skipped for usds (source walk unavailable)
REFUSED: susds.yaml is generator v1.7 output, not a hand-walk. Its own trust banner rates 36.5% of generated rows trustworthy and says `timelock: unresolved` means NOT MEASURED. Axis 5 stays "Not assessed".
Sun Sep  6 08:08:01 PM CST 2026: axis5 emit skipped for susds (source walk unavailable)
MISSING: /home/danger/security_analyst/topology/assets/thusd.yaml — emit nothing rather than a stale copy
Sun Sep  6 08:08:01 PM CST 2026: axis5 emit skipped for thusd (source walk unavailable)
MISSING: /home/danger/security_analyst/topology/assets/cusd.yaml — emit nothing rather than a stale copy
Sun Sep  6 08:08:01 PM CST 2026: axis5 emit skipped for cusd (source walk unavailable)
data/hastra_prime_contract.json: as_of=2026-07-31 layers=3 unresolved=0 walk_notes=51
data/yzusd_contract.json: as_of=2026-09-06 layers=1 unresolved=3 walk_notes=34
data/syzusd_contract.json: as_of=2026-08-30 layers=3 unresolved=4 walk_notes=31
data/reusd_re_contract.json: as_of=2026-08-30 layers=2 unresolved=3 walk_notes=58
data/reusde_re_contract.json: as_of=2026-09-06 layers=2 unresolved=3 walk_notes=38
From https://github.com/todayindefi/backing-monitor
 * branch                main       -> FETCH_HEAD
Sun Sep  6 08:08:03 PM CST 2026: WARNING renderer cache tokens are stale (index.html may serve cached code):
js/renderers/syrupusdc.js: latest commit 2026-09-06 is newer than cache token 20260830jMISSING: /home/danger/security_analyst/topology/assets/ousd.yaml — emit nothing rather than a stale copy
Sun Sep  6 09:08:01 PM CST 2026: axis5 emit skipped for ousd (source walk unavailable)
REFUSED: crvusd.yaml is generator v2.1 output, not a hand-walk. Its own trust banner rates 36.5% of generated rows trustworthy and says `timelock: unresolved` means NOT MEASURED. Axis 5 stays "Not assessed".
Sun Sep  6 09:08:01 PM CST 2026: axis5 emit skipped for crvusd (source walk unavailable)
data/usg_contract.json: as_of=2026-09-06 layers=3 unresolved=3 walk_notes=96
MISSING: /home/danger/security_analyst/topology/assets/usdd.yaml — emit nothing rather than a stale copy
Sun Sep  6 09:08:01 PM CST 2026: axis5 emit skipped for usdd (source walk unavailable)
REFUSED: syrupusdc.yaml is generator v2.0 output, not a hand-walk. Its own trust banner rates 36.5% of generated rows trustworthy and says `timelock: unresolved` means NOT MEASURED. Axis 5 stays "Not assessed".
Sun Sep  6 09:08:01 PM CST 2026: axis5 emit skipped for syrupusdc (source walk unavailable)
REFUSED: syrupusdt.yaml is generator v2.0 output, not a hand-walk. Its own trust banner rates 36.5% of generated rows trustworthy and says `timelock: unresolved` means NOT MEASURED. Axis 5 stays "Not assessed".
Sun Sep  6 09:08:01 PM CST 2026: axis5 emit skipped for syrupusdt (source walk unavailable)
MISSING: /home/danger/security_analyst/topology/assets/apxusd.yaml — emit nothing rather than a stale copy
Sun Sep  6 09:08:01 PM CST 2026: axis5 emit skipped for apxusd (source walk unavailable)
REFUSED: apyusd.yaml is generator v1.7 output, not a hand-walk. Its own trust banner rates 36.5% of generated rows trustworthy and says `timelock: unresolved` means NOT MEASURED. Axis 5 stays "Not assessed".
Sun Sep  6 09:08:01 PM CST 2026: axis5 emit skipped for apyusd (source walk unavailable)
MISSING: /home/danger/security_analyst/topology/assets/strc.yaml — emit nothing rather than a stale copy
Sun Sep  6 09:08:01 PM CST 2026: axis5 emit skipped for strc (source walk unavailable)
MISSING: /home/danger/security_analyst/topology/assets/mstr.yaml — emit nothing rather than a stale copy
Sun Sep  6 09:08:01 PM CST 2026: axis5 emit skipped for mstr (source walk unavailable)
MISSING: /home/danger/security_analyst/topology/assets/bmnr.yaml — emit nothing rather than a stale copy
Sun Sep  6 09:08:01 PM CST 2026: axis5 emit skipped for bmnr (source walk unavailable)
REFUSED: usdat.yaml is generator v1.7 output, not a hand-walk. Its own trust banner rates 36.5% of generated rows trustworthy and says `timelock: unresolved` means NOT MEASURED. Axis 5 stays "Not assessed".
Sun Sep  6 09:08:01 PM CST 2026: axis5 emit skipped for usdat (source walk unavailable)
MISSING: /home/danger/security_analyst/topology/assets/susdat.yaml — emit nothing rather than a stale copy
Sun Sep  6 09:08:01 PM CST 2026: axis5 emit skipped for susdat (source walk unavailable)
data/usdai_contract.json: as_of=2026-08-26 layers=2 unresolved=3 walk_notes=37
MISSING: /home/danger/security_analyst/topology/assets/susdai.yaml — emit nothing rather than a stale copy
Sun Sep  6 09:08:01 PM CST 2026: axis5 emit skipped for susdai (source walk unavailable)
REFUSED: usdm.yaml is generator v1.7 output, not a hand-walk. Its own trust banner rates 36.5% of generated rows trustworthy and says `timelock: unresolved` means NOT MEASURED. Axis 5 stays "Not assessed".
Sun Sep  6 09:08:02 PM CST 2026: axis5 emit skipped for usdm (source walk unavailable)
MISSING: /home/danger/security_analyst/topology/assets/usde.yaml — emit nothing rather than a stale copy
Sun Sep  6 09:08:02 PM CST 2026: axis5 emit skipped for usde (source walk unavailable)
REFUSED: susde.yaml is generator v2.1 output, not a hand-walk. Its own trust banner rates 36.5% of generated rows trustworthy and says `timelock: unresolved` means NOT MEASURED. Axis 5 stays "Not assessed".
Sun Sep  6 09:08:02 PM CST 2026: axis5 emit skipped for susde (source walk unavailable)
REFUSED: usds.yaml is generator vhand output, not a hand-walk. Its own trust banner rates 36.5% of generated rows trustworthy and says `timelock: unresolved` means NOT MEASURED. Axis 5 stays "Not assessed".
Sun Sep  6 09:08:02 PM CST 2026: axis5 emit skipped for usds (source walk unavailable)
REFUSED: susds.yaml is generator v1.7 output, not a hand-walk. Its own trust banner rates 36.5% of generated rows trustworthy and says `timelock: unresolved` means NOT MEASURED. Axis 5 stays "Not assessed".
Sun Sep  6 09:08:02 PM CST 2026: axis5 emit skipped for susds (source walk unavailable)
MISSING: /home/danger/security_analyst/topology/assets/thusd.yaml — emit nothing rather than a stale copy
Sun Sep  6 09:08:02 PM CST 2026: axis5 emit skipped for thusd (source walk unavailable)
MISSING: /home/danger/security_analyst/topology/assets/cusd.yaml — emit nothing rather than a stale copy
Sun Sep  6 09:08:02 PM CST 2026: axis5 emit skipped for cusd (source walk unavailable)
data/hastra_prime_contract.json: as_of=2026-07-31 layers=3 unresolved=0 walk_notes=51
data/yzusd_contract.json: as_of=2026-09-06 layers=1 unresolved=3 walk_notes=34
data/syzusd_contract.json: as_of=2026-08-30 layers=3 unresolved=4 walk_notes=31
data/reusd_re_contract.json: as_of=2026-08-30 layers=2 unresolved=3 walk_notes=58
data/reusde_re_contract.json: as_of=2026-09-06 layers=2 unresolved=3 walk_notes=38
From https://github.com/todayindefi/backing-monitor
 * branch                main       -> FETCH_HEAD
Sun Sep  6 09:08:03 PM CST 2026: WARNING renderer cache tokens are stale (index.html may serve cached code):
js/renderers/syrupusdc.js: latest commit 2026-09-06 is newer than cache token 20260830jMISSING: /home/danger/security_analyst/topology/assets/ousd.yaml — emit nothing rather than a stale copy
Sun Sep  6 10:08:01 PM CST 2026: axis5 emit skipped for ousd (source walk unavailable)
REFUSED: crvusd.yaml is generator v2.1 output, not a hand-walk. Its own trust banner rates 36.5% of generated rows trustworthy and says `timelock: unresolved` means NOT MEASURED. Axis 5 stays "Not assessed".
Sun Sep  6 10:08:01 PM CST 2026: axis5 emit skipped for crvusd (source walk unavailable)
data/usg_contract.json: as_of=2026-09-06 layers=3 unresolved=3 walk_notes=96
MISSING: /home/danger/security_analyst/topology/assets/usdd.yaml — emit nothing rather than a stale copy
Sun Sep  6 10:08:02 PM CST 2026: axis5 emit skipped for usdd (source walk unavailable)
REFUSED: syrupusdc.yaml is generator v2.0 output, not a hand-walk. Its own trust banner rates 36.5% of generated rows trustworthy and says `timelock: unresolved` means NOT MEASURED. Axis 5 stays "Not assessed".
Sun Sep  6 10:08:02 PM CST 2026: axis5 emit skipped for syrupusdc (source walk unavailable)
REFUSED: syrupusdt.yaml is generator v2.0 output, not a hand-walk. Its own trust banner rates 36.5% of generated rows trustworthy and says `timelock: unresolved` means NOT MEASURED. Axis 5 stays "Not assessed".
Sun Sep  6 10:08:02 PM CST 2026: axis5 emit skipped for syrupusdt (source walk unavailable)
MISSING: /home/danger/security_analyst/topology/assets/apxusd.yaml — emit nothing rather than a stale copy
Sun Sep  6 10:08:02 PM CST 2026: axis5 emit skipped for apxusd (source walk unavailable)
REFUSED: apyusd.yaml is generator v1.7 output, not a hand-walk. Its own trust banner rates 36.5% of generated rows trustworthy and says `timelock: unresolved` means NOT MEASURED. Axis 5 stays "Not assessed".
Sun Sep  6 10:08:02 PM CST 2026: axis5 emit skipped for apyusd (source walk unavailable)
MISSING: /home/danger/security_analyst/topology/assets/strc.yaml — emit nothing rather than a stale copy
Sun Sep  6 10:08:02 PM CST 2026: axis5 emit skipped for strc (source walk unavailable)
MISSING: /home/danger/security_analyst/topology/assets/mstr.yaml — emit nothing rather than a stale copy
Sun Sep  6 10:08:02 PM CST 2026: axis5 emit skipped for mstr (source walk unavailable)
MISSING: /home/danger/security_analyst/topology/assets/bmnr.yaml — emit nothing rather than a stale copy
Sun Sep  6 10:08:02 PM CST 2026: axis5 emit skipped for bmnr (source walk unavailable)
REFUSED: usdat.yaml is generator v1.7 output, not a hand-walk. Its own trust banner rates 36.5% of generated rows trustworthy and says `timelock: unresolved` means NOT MEASURED. Axis 5 stays "Not assessed".
Sun Sep  6 10:08:02 PM CST 2026: axis5 emit skipped for usdat (source walk unavailable)
MISSING: /home/danger/security_analyst/topology/assets/susdat.yaml — emit nothing rather than a stale copy
Sun Sep  6 10:08:02 PM CST 2026: axis5 emit skipped for susdat (source walk unavailable)
data/usdai_contract.json: as_of=2026-08-26 layers=2 unresolved=3 walk_notes=37
MISSING: /home/danger/security_analyst/topology/assets/susdai.yaml — emit nothing rather than a stale copy
Sun Sep  6 10:08:02 PM CST 2026: axis5 emit skipped for susdai (source walk unavailable)
REFUSED: usdm.yaml is generator v1.7 output, not a hand-walk. Its own trust banner rates 36.5% of generated rows trustworthy and says `timelock: unresolved` means NOT MEASURED. Axis 5 stays "Not assessed".
Sun Sep  6 10:08:02 PM CST 2026: axis5 emit skipped for usdm (source walk unavailable)
MISSING: /home/danger/security_analyst/topology/assets/usde.yaml — emit nothing rather than a stale copy
Sun Sep  6 10:08:02 PM CST 2026: axis5 emit skipped for usde (source walk unavailable)
REFUSED: susde.yaml is generator v2.1 output, not a hand-walk. Its own trust banner rates 36.5% of generated rows trustworthy and says `timelock: unresolved` means NOT MEASURED. Axis 5 stays "Not assessed".
Sun Sep  6 10:08:02 PM CST 2026: axis5 emit skipped for susde (source walk unavailable)
REFUSED: usds.yaml is generator vhand output, not a hand-walk. Its own trust banner rates 36.5% of generated rows trustworthy and says `timelock: unresolved` means NOT MEASURED. Axis 5 stays "Not assessed".
Sun Sep  6 10:08:02 PM CST 2026: axis5 emit skipped for usds (source walk unavailable)
REFUSED: susds.yaml is generator v1.7 output, not a hand-walk. Its own trust banner rates 36.5% of generated rows trustworthy and says `timelock: unresolved` means NOT MEASURED. Axis 5 stays "Not assessed".
Sun Sep  6 10:08:02 PM CST 2026: axis5 emit skipped for susds (source walk unavailable)
MISSING: /home/danger/security_analyst/topology/assets/thusd.yaml — emit nothing rather than a stale copy
Sun Sep  6 10:08:02 PM CST 2026: axis5 emit skipped for thusd (source walk unavailable)
MISSING: /home/danger/security_analyst/topology/assets/cusd.yaml — emit nothing rather than a stale copy
Sun Sep  6 10:08:02 PM CST 2026: axis5 emit skipped for cusd (source walk unavailable)
data/hastra_prime_contract.json: as_of=2026-07-31 layers=3 unresolved=0 walk_notes=51
data/yzusd_contract.json: as_of=2026-09-06 layers=1 unresolved=3 walk_notes=34
data/syzusd_contract.json: as_of=2026-08-30 layers=3 unresolved=4 walk_notes=31
data/reusd_re_contract.json: as_of=2026-08-30 layers=2 unresolved=3 walk_notes=58
data/reusde_re_contract.json: as_of=2026-09-06 layers=2 unresolved=3 walk_notes=38
From https://github.com/todayindefi/backing-monitor
 * branch                main       -> FETCH_HEAD
Sun Sep  6 10:08:03 PM CST 2026: WARNING renderer cache tokens are stale (index.html may serve cached code):
js/renderers/syrupusdc.js: latest commit 2026-09-06 is newer than cache token 20260830jMISSING: /home/danger/security_analyst/topology/assets/ousd.yaml — emit nothing rather than a stale copy
Sun Sep  6 11:08:01 PM CST 2026: axis5 emit skipped for ousd (source walk unavailable)
REFUSED: crvusd.yaml is generator v2.1 output, not a hand-walk. Its own trust banner rates 36.5% of generated rows trustworthy and says `timelock: unresolved` means NOT MEASURED. Axis 5 stays "Not assessed".
Sun Sep  6 11:08:01 PM CST 2026: axis5 emit skipped for crvusd (source walk unavailable)
data/usg_contract.json: as_of=2026-09-06 layers=3 unresolved=3 walk_notes=96
MISSING: /home/danger/security_analyst/topology/assets/usdd.yaml — emit nothing rather than a stale copy
Sun Sep  6 11:08:01 PM CST 2026: axis5 emit skipped for usdd (source walk unavailable)
REFUSED: syrupusdc.yaml is generator v2.0 output, not a hand-walk. Its own trust banner rates 36.5% of generated rows trustworthy and says `timelock: unresolved` means NOT MEASURED. Axis 5 stays "Not assessed".
Sun Sep  6 11:08:01 PM CST 2026: axis5 emit skipped for syrupusdc (source walk unavailable)
REFUSED: syrupusdt.yaml is generator v2.0 output, not a hand-walk. Its own trust banner rates 36.5% of generated rows trustworthy and says `timelock: unresolved` means NOT MEASURED. Axis 5 stays "Not assessed".
Sun Sep  6 11:08:01 PM CST 2026: axis5 emit skipped for syrupusdt (source walk unavailable)
MISSING: /home/danger/security_analyst/topology/assets/apxusd.yaml — emit nothing rather than a stale copy
Sun Sep  6 11:08:01 PM CST 2026: axis5 emit skipped for apxusd (source walk unavailable)
REFUSED: apyusd.yaml is generator v1.7 output, not a hand-walk. Its own trust banner rates 36.5% of generated rows trustworthy and says `timelock: unresolved` means NOT MEASURED. Axis 5 stays "Not assessed".
Sun Sep  6 11:08:01 PM CST 2026: axis5 emit skipped for apyusd (source walk unavailable)
MISSING: /home/danger/security_analyst/topology/assets/strc.yaml — emit nothing rather than a stale copy
Sun Sep  6 11:08:01 PM CST 2026: axis5 emit skipped for strc (source walk unavailable)
MISSING: /home/danger/security_analyst/topology/assets/mstr.yaml — emit nothing rather than a stale copy
Sun Sep  6 11:08:01 PM CST 2026: axis5 emit skipped for mstr (source walk unavailable)
MISSING: /home/danger/security_analyst/topology/assets/bmnr.yaml — emit nothing rather than a stale copy
Sun Sep  6 11:08:01 PM CST 2026: axis5 emit skipped for bmnr (source walk unavailable)
REFUSED: usdat.yaml is generator v1.7 output, not a hand-walk. Its own trust banner rates 36.5% of generated rows trustworthy and says `timelock: unresolved` means NOT MEASURED. Axis 5 stays "Not assessed".
Sun Sep  6 11:08:01 PM CST 2026: axis5 emit skipped for usdat (source walk unavailable)
MISSING: /home/danger/security_analyst/topology/assets/susdat.yaml — emit nothing rather than a stale copy
Sun Sep  6 11:08:01 PM CST 2026: axis5 emit skipped for susdat (source walk unavailable)
data/usdai_contract.json: as_of=2026-08-26 layers=2 unresolved=3 walk_notes=37
MISSING: /home/danger/security_analyst/topology/assets/susdai.yaml — emit nothing rather than a stale copy
Sun Sep  6 11:08:01 PM CST 2026: axis5 emit skipped for susdai (source walk unavailable)
REFUSED: usdm.yaml is generator v1.7 output, not a hand-walk. Its own trust banner rates 36.5% of generated rows trustworthy and says `timelock: unresolved` means NOT MEASURED. Axis 5 stays "Not assessed".
Sun Sep  6 11:08:01 PM CST 2026: axis5 emit skipped for usdm (source walk unavailable)
MISSING: /home/danger/security_analyst/topology/assets/usde.yaml — emit nothing rather than a stale copy
Sun Sep  6 11:08:01 PM CST 2026: axis5 emit skipped for usde (source walk unavailable)
REFUSED: susde.yaml is generator v2.1 output, not a hand-walk. Its own trust banner rates 36.5% of generated rows trustworthy and says `timelock: unresolved` means NOT MEASURED. Axis 5 stays "Not assessed".
Sun Sep  6 11:08:01 PM CST 2026: axis5 emit skipped for susde (source walk unavailable)
REFUSED: usds.yaml is generator vhand output, not a hand-walk. Its own trust banner rates 36.5% of generated rows trustworthy and says `timelock: unresolved` means NOT MEASURED. Axis 5 stays "Not assessed".
Sun Sep  6 11:08:01 PM CST 2026: axis5 emit skipped for usds (source walk unavailable)
REFUSED: susds.yaml is generator v1.7 output, not a hand-walk. Its own trust banner rates 36.5% of generated rows trustworthy and says `timelock: unresolved` means NOT MEASURED. Axis 5 stays "Not assessed".
Sun Sep  6 11:08:01 PM CST 2026: axis5 emit skipped for susds (source walk unavailable)
MISSING: /home/danger/security_analyst/topology/assets/thusd.yaml — emit nothing rather than a stale copy
Sun Sep  6 11:08:01 PM CST 2026: axis5 emit skipped for thusd (source walk unavailable)
MISSING: /home/danger/security_analyst/topology/assets/cusd.yaml — emit nothing rather than a stale copy
Sun Sep  6 11:08:01 PM CST 2026: axis5 emit skipped for cusd (source walk unavailable)
data/hastra_prime_contract.json: as_of=2026-07-31 layers=3 unresolved=0 walk_notes=51
data/yzusd_contract.json: as_of=2026-09-06 layers=1 unresolved=3 walk_notes=34
data/syzusd_contract.json: as_of=2026-08-30 layers=3 unresolved=4 walk_notes=31
data/reusd_re_contract.json: as_of=2026-08-30 layers=2 unresolved=3 walk_notes=58
data/reusde_re_contract.json: as_of=2026-09-06 layers=2 unresolved=3 walk_notes=38
From https://github.com/todayindefi/backing-monitor
 * branch                main       -> FETCH_HEAD
Sun Sep  6 11:08:03 PM CST 2026: WARNING renderer cache tokens are stale (index.html may serve cached code):
js/renderers/syrupusdc.js: latest commit 2026-09-06 is newer than cache token 20260830jMISSING: /home/danger/security_analyst/topology/assets/ousd.yaml — emit nothing rather than a stale copy
Mon Sep  7 12:08:01 AM CST 2026: axis5 emit skipped for ousd (source walk unavailable)
REFUSED: crvusd.yaml is generator v2.1 output, not a hand-walk. Its own trust banner rates 36.5% of generated rows trustworthy and says `timelock: unresolved` means NOT MEASURED. Axis 5 stays "Not assessed".
Mon Sep  7 12:08:01 AM CST 2026: axis5 emit skipped for crvusd (source walk unavailable)
data/usg_contract.json: as_of=2026-09-06 layers=3 unresolved=3 walk_notes=96
MISSING: /home/danger/security_analyst/topology/assets/usdd.yaml — emit nothing rather than a stale copy
Mon Sep  7 12:08:02 AM CST 2026: axis5 emit skipped for usdd (source walk unavailable)
data/syrupusdc_contract.json: as_of=2026-09-06 layers=8 unresolved=3 walk_notes=8
data/syrupusdt_contract.json: as_of=2026-09-06 layers=6 unresolved=3 walk_notes=8
MISSING: /home/danger/security_analyst/topology/assets/apxusd.yaml — emit nothing rather than a stale copy
Mon Sep  7 12:08:02 AM CST 2026: axis5 emit skipped for apxusd (source walk unavailable)
REFUSED: apyusd.yaml is generator v1.7 output, not a hand-walk. Its own trust banner rates 36.5% of generated rows trustworthy and says `timelock: unresolved` means NOT MEASURED. Axis 5 stays "Not assessed".
Mon Sep  7 12:08:02 AM CST 2026: axis5 emit skipped for apyusd (source walk unavailable)
MISSING: /home/danger/security_analyst/topology/assets/strc.yaml — emit nothing rather than a stale copy
Mon Sep  7 12:08:02 AM CST 2026: axis5 emit skipped for strc (source walk unavailable)
MISSING: /home/danger/security_analyst/topology/assets/mstr.yaml — emit nothing rather than a stale copy
Mon Sep  7 12:08:02 AM CST 2026: axis5 emit skipped for mstr (source walk unavailable)
MISSING: /home/danger/security_analyst/topology/assets/bmnr.yaml — emit nothing rather than a stale copy
Mon Sep  7 12:08:02 AM CST 2026: axis5 emit skipped for bmnr (source walk unavailable)
REFUSED: usdat.yaml is generator v1.7 output, not a hand-walk. Its own trust banner rates 36.5% of generated rows trustworthy and says `timelock: unresolved` means NOT MEASURED. Axis 5 stays "Not assessed".
Mon Sep  7 12:08:02 AM CST 2026: axis5 emit skipped for usdat (source walk unavailable)
MISSING: /home/danger/security_analyst/topology/assets/susdat.yaml — emit nothing rather than a stale copy
Mon Sep  7 12:08:02 AM CST 2026: axis5 emit skipped for susdat (source walk unavailable)
data/usdai_contract.json: as_of=2026-08-26 layers=2 unresolved=3 walk_notes=37
MISSING: /home/danger/security_analyst/topology/assets/susdai.yaml — emit nothing rather than a stale copy
Mon Sep  7 12:08:02 AM CST 2026: axis5 emit skipped for susdai (source walk unavailable)
REFUSED: usdm.yaml is generator v1.7 output, not a hand-walk. Its own trust banner rates 36.5% of generated rows trustworthy and says `timelock: unresolved` means NOT MEASURED. Axis 5 stays "Not assessed".
Mon Sep  7 12:08:02 AM CST 2026: axis5 emit skipped for usdm (source walk unavailable)
MISSING: /home/danger/security_analyst/topology/assets/usde.yaml — emit nothing rather than a stale copy
Mon Sep  7 12:08:02 AM CST 2026: axis5 emit skipped for usde (source walk unavailable)
REFUSED: susde.yaml is generator v2.1 output, not a hand-walk. Its own trust banner rates 36.5% of generated rows trustworthy and says `timelock: unresolved` means NOT MEASURED. Axis 5 stays "Not assessed".
Mon Sep  7 12:08:02 AM CST 2026: axis5 emit skipped for susde (source walk unavailable)
REFUSED: usds.yaml is generator vhand output, not a hand-walk. Its own trust banner rates 36.5% of generated rows trustworthy and says `timelock: unresolved` means NOT MEASURED. Axis 5 stays "Not assessed".
Mon Sep  7 12:08:02 AM CST 2026: axis5 emit skipped for usds (source walk unavailable)
REFUSED: susds.yaml is generator v1.7 output, not a hand-walk. Its own trust banner rates 36.5% of generated rows trustworthy and says `timelock: unresolved` means NOT MEASURED. Axis 5 stays "Not assessed".
Mon Sep  7 12:08:02 AM CST 2026: axis5 emit skipped for susds (source walk unavailable)
MISSING: /home/danger/security_analyst/topology/assets/thusd.yaml — emit nothing rather than a stale copy
Mon Sep  7 12:08:02 AM CST 2026: axis5 emit skipped for thusd (source walk unavailable)
MISSING: /home/danger/security_analyst/topology/assets/cusd.yaml — emit nothing rather than a stale copy
Mon Sep  7 12:08:02 AM CST 2026: axis5 emit skipped for cusd (source walk unavailable)
data/hastra_prime_contract.json: as_of=2026-07-31 layers=3 unresolved=0 walk_notes=51
data/yzusd_contract.json: as_of=2026-09-06 layers=1 unresolved=3 walk_notes=34
data/syzusd_contract.json: as_of=2026-08-30 layers=3 unresolved=4 walk_notes=31
data/reusd_re_contract.json: as_of=2026-08-30 layers=2 unresolved=3 walk_notes=58
data/reusde_re_contract.json: as_of=2026-09-06 layers=2 unresolved=3 walk_notes=38
From https://github.com/todayindefi/backing-monitor
 * branch                main       -> FETCH_HEAD
MISSING: /home/danger/security_analyst/topology/assets/ousd.yaml — emit nothing rather than a stale copy
Mon Sep  7 01:08:01 AM CST 2026: axis5 emit skipped for ousd (source walk unavailable)
REFUSED: crvusd.yaml is generator v2.1 output, not a hand-walk. Its own trust banner rates 36.5% of generated rows trustworthy and says `timelock: unresolved` means NOT MEASURED. Axis 5 stays "Not assessed".
Mon Sep  7 01:08:01 AM CST 2026: axis5 emit skipped for crvusd (source walk unavailable)
data/usg_contract.json: as_of=2026-09-06 layers=3 unresolved=3 walk_notes=96
MISSING: /home/danger/security_analyst/topology/assets/usdd.yaml — emit nothing rather than a stale copy
Mon Sep  7 01:08:01 AM CST 2026: axis5 emit skipped for usdd (source walk unavailable)
data/syrupusdc_contract.json: as_of=2026-09-06 layers=8 unresolved=3 walk_notes=8
data/syrupusdt_contract.json: as_of=2026-09-06 layers=6 unresolved=3 walk_notes=8
MISSING: /home/danger/security_analyst/topology/assets/apxusd.yaml — emit nothing rather than a stale copy
Mon Sep  7 01:08:01 AM CST 2026: axis5 emit skipped for apxusd (source walk unavailable)
REFUSED: apyusd.yaml is generator v1.7 output, not a hand-walk. Its own trust banner rates 36.5% of generated rows trustworthy and says `timelock: unresolved` means NOT MEASURED. Axis 5 stays "Not assessed".
Mon Sep  7 01:08:01 AM CST 2026: axis5 emit skipped for apyusd (source walk unavailable)
MISSING: /home/danger/security_analyst/topology/assets/strc.yaml — emit nothing rather than a stale copy
Mon Sep  7 01:08:01 AM CST 2026: axis5 emit skipped for strc (source walk unavailable)
MISSING: /home/danger/security_analyst/topology/assets/mstr.yaml — emit nothing rather than a stale copy
Mon Sep  7 01:08:01 AM CST 2026: axis5 emit skipped for mstr (source walk unavailable)
MISSING: /home/danger/security_analyst/topology/assets/bmnr.yaml — emit nothing rather than a stale copy
Mon Sep  7 01:08:01 AM CST 2026: axis5 emit skipped for bmnr (source walk unavailable)
REFUSED: usdat.yaml is generator v1.7 output, not a hand-walk. Its own trust banner rates 36.5% of generated rows trustworthy and says `timelock: unresolved` means NOT MEASURED. Axis 5 stays "Not assessed".
Mon Sep  7 01:08:01 AM CST 2026: axis5 emit skipped for usdat (source walk unavailable)
MISSING: /home/danger/security_analyst/topology/assets/susdat.yaml — emit nothing rather than a stale copy
Mon Sep  7 01:08:01 AM CST 2026: axis5 emit skipped for susdat (source walk unavailable)
data/usdai_contract.json: as_of=2026-08-26 layers=2 unresolved=3 walk_notes=37
MISSING: /home/danger/security_analyst/topology/assets/susdai.yaml — emit nothing rather than a stale copy
Mon Sep  7 01:08:01 AM CST 2026: axis5 emit skipped for susdai (source walk unavailable)
REFUSED: usdm.yaml is generator v1.7 output, not a hand-walk. Its own trust banner rates 36.5% of generated rows trustworthy and says `timelock: unresolved` means NOT MEASURED. Axis 5 stays "Not assessed".
Mon Sep  7 01:08:01 AM CST 2026: axis5 emit skipped for usdm (source walk unavailable)
MISSING: /home/danger/security_analyst/topology/assets/usde.yaml — emit nothing rather than a stale copy
Mon Sep  7 01:08:01 AM CST 2026: axis5 emit skipped for usde (source walk unavailable)
REFUSED: susde.yaml is generator v2.1 output, not a hand-walk. Its own trust banner rates 36.5% of generated rows trustworthy and says `timelock: unresolved` means NOT MEASURED. Axis 5 stays "Not assessed".
Mon Sep  7 01:08:01 AM CST 2026: axis5 emit skipped for susde (source walk unavailable)
REFUSED: usds.yaml is generator vhand output, not a hand-walk. Its own trust banner rates 36.5% of generated rows trustworthy and says `timelock: unresolved` means NOT MEASURED. Axis 5 stays "Not assessed".
Mon Sep  7 01:08:01 AM CST 2026: axis5 emit skipped for usds (source walk unavailable)
REFUSED: susds.yaml is generator v1.7 output, not a hand-walk. Its own trust banner rates 36.5% of generated rows trustworthy and says `timelock: unresolved` means NOT MEASURED. Axis 5 stays "Not assessed".
Mon Sep  7 01:08:01 AM CST 2026: axis5 emit skipped for susds (source walk unavailable)
MISSING: /home/danger/security_analyst/topology/assets/thusd.yaml — emit nothing rather than a stale copy
Mon Sep  7 01:08:01 AM CST 2026: axis5 emit skipped for thusd (source walk unavailable)
MISSING: /home/danger/security_analyst/topology/assets/cusd.yaml — emit nothing rather than a stale copy
Mon Sep  7 01:08:01 AM CST 2026: axis5 emit skipped for cusd (source walk unavailable)
data/hastra_prime_contract.json: as_of=2026-07-31 layers=3 unresolved=0 walk_notes=51
data/yzusd_contract.json: as_of=2026-09-06 layers=1 unresolved=3 walk_notes=34
data/syzusd_contract.json: as_of=2026-08-30 layers=3 unresolved=4 walk_notes=31
data/reusd_re_contract.json: as_of=2026-08-30 layers=2 unresolved=3 walk_notes=58
data/reusde_re_contract.json: as_of=2026-09-06 layers=2 unresolved=3 walk_notes=38
From https://github.com/todayindefi/backing-monitor
 * branch                main       -> FETCH_HEAD
MISSING: /home/danger/security_analyst/topology/assets/ousd.yaml — emit nothing rather than a stale copy
Mon Sep  7 02:08:01 AM CST 2026: axis5 emit skipped for ousd (source walk unavailable)
REFUSED: crvusd.yaml is generator v2.1 output, not a hand-walk. Its own trust banner rates 36.5% of generated rows trustworthy and says `timelock: unresolved` means NOT MEASURED. Axis 5 stays "Not assessed".
Mon Sep  7 02:08:01 AM CST 2026: axis5 emit skipped for crvusd (source walk unavailable)
data/usg_contract.json: as_of=2026-09-06 layers=3 unresolved=3 walk_notes=96
MISSING: /home/danger/security_analyst/topology/assets/usdd.yaml — emit nothing rather than a stale copy
Mon Sep  7 02:08:01 AM CST 2026: axis5 emit skipped for usdd (source walk unavailable)
data/syrupusdc_contract.json: as_of=2026-09-06 layers=8 unresolved=3 walk_notes=8
data/syrupusdt_contract.json: as_of=2026-09-06 layers=6 unresolved=3 walk_notes=8
MISSING: /home/danger/security_analyst/topology/assets/apxusd.yaml — emit nothing rather than a stale copy
Mon Sep  7 02:08:01 AM CST 2026: axis5 emit skipped for apxusd (source walk unavailable)
REFUSED: apyusd.yaml is generator v1.7 output, not a hand-walk. Its own trust banner rates 36.5% of generated rows trustworthy and says `timelock: unresolved` means NOT MEASURED. Axis 5 stays "Not assessed".
Mon Sep  7 02:08:01 AM CST 2026: axis5 emit skipped for apyusd (source walk unavailable)
MISSING: /home/danger/security_analyst/topology/assets/strc.yaml — emit nothing rather than a stale copy
Mon Sep  7 02:08:01 AM CST 2026: axis5 emit skipped for strc (source walk unavailable)
MISSING: /home/danger/security_analyst/topology/assets/mstr.yaml — emit nothing rather than a stale copy
Mon Sep  7 02:08:01 AM CST 2026: axis5 emit skipped for mstr (source walk unavailable)
MISSING: /home/danger/security_analyst/topology/assets/bmnr.yaml — emit nothing rather than a stale copy
Mon Sep  7 02:08:01 AM CST 2026: axis5 emit skipped for bmnr (source walk unavailable)
REFUSED: usdat.yaml is generator v1.7 output, not a hand-walk. Its own trust banner rates 36.5% of generated rows trustworthy and says `timelock: unresolved` means NOT MEASURED. Axis 5 stays "Not assessed".
Mon Sep  7 02:08:01 AM CST 2026: axis5 emit skipped for usdat (source walk unavailable)
MISSING: /home/danger/security_analyst/topology/assets/susdat.yaml — emit nothing rather than a stale copy
Mon Sep  7 02:08:01 AM CST 2026: axis5 emit skipped for susdat (source walk unavailable)
data/usdai_contract.json: as_of=2026-08-26 layers=2 unresolved=3 walk_notes=37
MISSING: /home/danger/security_analyst/topology/assets/susdai.yaml — emit nothing rather than a stale copy
Mon Sep  7 02:08:01 AM CST 2026: axis5 emit skipped for susdai (source walk unavailable)
REFUSED: usdm.yaml is generator v1.7 output, not a hand-walk. Its own trust banner rates 36.5% of generated rows trustworthy and says `timelock: unresolved` means NOT MEASURED. Axis 5 stays "Not assessed".
Mon Sep  7 02:08:02 AM CST 2026: axis5 emit skipped for usdm (source walk unavailable)
MISSING: /home/danger/security_analyst/topology/assets/usde.yaml — emit nothing rather than a stale copy
Mon Sep  7 02:08:02 AM CST 2026: axis5 emit skipped for usde (source walk unavailable)
REFUSED: susde.yaml is generator v2.1 output, not a hand-walk. Its own trust banner rates 36.5% of generated rows trustworthy and says `timelock: unresolved` means NOT MEASURED. Axis 5 stays "Not assessed".
Mon Sep  7 02:08:02 AM CST 2026: axis5 emit skipped for susde (source walk unavailable)
REFUSED: usds.yaml is generator vhand output, not a hand-walk. Its own trust banner rates 36.5% of generated rows trustworthy and says `timelock: unresolved` means NOT MEASURED. Axis 5 stays "Not assessed".
Mon Sep  7 02:08:02 AM CST 2026: axis5 emit skipped for usds (source walk unavailable)
REFUSED: susds.yaml is generator v1.7 output, not a hand-walk. Its own trust banner rates 36.5% of generated rows trustworthy and says `timelock: unresolved` means NOT MEASURED. Axis 5 stays "Not assessed".
Mon Sep  7 02:08:02 AM CST 2026: axis5 emit skipped for susds (source walk unavailable)
MISSING: /home/danger/security_analyst/topology/assets/thusd.yaml — emit nothing rather than a stale copy
Mon Sep  7 02:08:02 AM CST 2026: axis5 emit skipped for thusd (source walk unavailable)
MISSING: /home/danger/security_analyst/topology/assets/cusd.yaml — emit nothing rather than a stale copy
Mon Sep  7 02:08:02 AM CST 2026: axis5 emit skipped for cusd (source walk unavailable)
data/hastra_prime_contract.json: as_of=2026-07-31 layers=3 unresolved=0 walk_notes=51
data/yzusd_contract.json: as_of=2026-09-06 layers=1 unresolved=3 walk_notes=34
data/syzusd_contract.json: as_of=2026-08-30 layers=3 unresolved=4 walk_notes=31
data/reusd_re_contract.json: as_of=2026-08-30 layers=2 unresolved=3 walk_notes=58
data/reusde_re_contract.json: as_of=2026-09-06 layers=2 unresolved=3 walk_notes=38
From https://github.com/todayindefi/backing-monitor
 * branch                main       -> FETCH_HEAD
MISSING: /home/danger/security_analyst/topology/assets/ousd.yaml — emit nothing rather than a stale copy
Mon Sep  7 03:08:01 AM CST 2026: axis5 emit skipped for ousd (source walk unavailable)
REFUSED: crvusd.yaml is generator v2.1 output, not a hand-walk. Its own trust banner rates 36.5% of generated rows trustworthy and says `timelock: unresolved` means NOT MEASURED. Axis 5 stays "Not assessed".
Mon Sep  7 03:08:01 AM CST 2026: axis5 emit skipped for crvusd (source walk unavailable)
data/usg_contract.json: as_of=2026-09-06 layers=3 unresolved=3 walk_notes=96
MISSING: /home/danger/security_analyst/topology/assets/usdd.yaml — emit nothing rather than a stale copy
Mon Sep  7 03:08:01 AM CST 2026: axis5 emit skipped for usdd (source walk unavailable)
data/syrupusdc_contract.json: as_of=2026-09-06 layers=8 unresolved=3 walk_notes=8
data/syrupusdt_contract.json: as_of=2026-09-06 layers=6 unresolved=3 walk_notes=8
MISSING: /home/danger/security_analyst/topology/assets/apxusd.yaml — emit nothing rather than a stale copy
Mon Sep  7 03:08:01 AM CST 2026: axis5 emit skipped for apxusd (source walk unavailable)
REFUSED: apyusd.yaml is generator v1.7 output, not a hand-walk. Its own trust banner rates 36.5% of generated rows trustworthy and says `timelock: unresolved` means NOT MEASURED. Axis 5 stays "Not assessed".
Mon Sep  7 03:08:01 AM CST 2026: axis5 emit skipped for apyusd (source walk unavailable)
MISSING: /home/danger/security_analyst/topology/assets/strc.yaml — emit nothing rather than a stale copy
Mon Sep  7 03:08:01 AM CST 2026: axis5 emit skipped for strc (source walk unavailable)
MISSING: /home/danger/security_analyst/topology/assets/mstr.yaml — emit nothing rather than a stale copy
Mon Sep  7 03:08:01 AM CST 2026: axis5 emit skipped for mstr (source walk unavailable)
MISSING: /home/danger/security_analyst/topology/assets/bmnr.yaml — emit nothing rather than a stale copy
Mon Sep  7 03:08:01 AM CST 2026: axis5 emit skipped for bmnr (source walk unavailable)
REFUSED: usdat.yaml is generator v1.7 output, not a hand-walk. Its own trust banner rates 36.5% of generated rows trustworthy and says `timelock: unresolved` means NOT MEASURED. Axis 5 stays "Not assessed".
Mon Sep  7 03:08:01 AM CST 2026: axis5 emit skipped for usdat (source walk unavailable)
MISSING: /home/danger/security_analyst/topology/assets/susdat.yaml — emit nothing rather than a stale copy
Mon Sep  7 03:08:01 AM CST 2026: axis5 emit skipped for susdat (source walk unavailable)
data/usdai_contract.json: as_of=2026-08-26 layers=2 unresolved=3 walk_notes=37
MISSING: /home/danger/security_analyst/topology/assets/susdai.yaml — emit nothing rather than a stale copy
Mon Sep  7 03:08:01 AM CST 2026: axis5 emit skipped for susdai (source walk unavailable)
REFUSED: usdm.yaml is generator v1.7 output, not a hand-walk. Its own trust banner rates 36.5% of generated rows trustworthy and says `timelock: unresolved` means NOT MEASURED. Axis 5 stays "Not assessed".
Mon Sep  7 03:08:01 AM CST 2026: axis5 emit skipped for usdm (source walk unavailable)
MISSING: /home/danger/security_analyst/topology/assets/usde.yaml — emit nothing rather than a stale copy
Mon Sep  7 03:08:01 AM CST 2026: axis5 emit skipped for usde (source walk unavailable)
REFUSED: susde.yaml is generator v2.1 output, not a hand-walk. Its own trust banner rates 36.5% of generated rows trustworthy and says `timelock: unresolved` means NOT MEASURED. Axis 5 stays "Not assessed".
Mon Sep  7 03:08:01 AM CST 2026: axis5 emit skipped for susde (source walk unavailable)
REFUSED: usds.yaml is generator vhand output, not a hand-walk. Its own trust banner rates 36.5% of generated rows trustworthy and says `timelock: unresolved` means NOT MEASURED. Axis 5 stays "Not assessed".
Mon Sep  7 03:08:01 AM CST 2026: axis5 emit skipped for usds (source walk unavailable)
REFUSED: susds.yaml is generator v1.7 output, not a hand-walk. Its own trust banner rates 36.5% of generated rows trustworthy and says `timelock: unresolved` means NOT MEASURED. Axis 5 stays "Not assessed".
Mon Sep  7 03:08:01 AM CST 2026: axis5 emit skipped for susds (source walk unavailable)
MISSING: /home/danger/security_analyst/topology/assets/thusd.yaml — emit nothing rather than a stale copy
Mon Sep  7 03:08:01 AM CST 2026: axis5 emit skipped for thusd (source walk unavailable)
MISSING: /home/danger/security_analyst/topology/assets/cusd.yaml — emit nothing rather than a stale copy
Mon Sep  7 03:08:01 AM CST 2026: axis5 emit skipped for cusd (source walk unavailable)
data/hastra_prime_contract.json: as_of=2026-07-31 layers=3 unresolved=0 walk_notes=51
data/yzusd_contract.json: as_of=2026-09-06 layers=1 unresolved=3 walk_notes=34
data/syzusd_contract.json: as_of=2026-08-30 layers=3 unresolved=4 walk_notes=31
data/reusd_re_contract.json: as_of=2026-08-30 layers=2 unresolved=3 walk_notes=58
data/reusde_re_contract.json: as_of=2026-09-06 layers=2 unresolved=3 walk_notes=38
From https://github.com/todayindefi/backing-monitor
 * branch                main       -> FETCH_HEAD
MISSING: /home/danger/security_analyst/topology/assets/ousd.yaml — emit nothing rather than a stale copy
Mon Sep  7 04:08:01 AM CST 2026: axis5 emit skipped for ousd (source walk unavailable)
REFUSED: crvusd.yaml is generator v2.1 output, not a hand-walk. Its own trust banner rates 36.5% of generated rows trustworthy and says `timelock: unresolved` means NOT MEASURED. Axis 5 stays "Not assessed".
Mon Sep  7 04:08:01 AM CST 2026: axis5 emit skipped for crvusd (source walk unavailable)
data/usg_contract.json: as_of=2026-09-06 layers=3 unresolved=3 walk_notes=96
MISSING: /home/danger/security_analyst/topology/assets/usdd.yaml — emit nothing rather than a stale copy
Mon Sep  7 04:08:01 AM CST 2026: axis5 emit skipped for usdd (source walk unavailable)
data/syrupusdc_contract.json: as_of=2026-09-06 layers=8 unresolved=3 walk_notes=8
data/syrupusdt_contract.json: as_of=2026-09-06 layers=6 unresolved=3 walk_notes=8
MISSING: /home/danger/security_analyst/topology/assets/apxusd.yaml — emit nothing rather than a stale copy
Mon Sep  7 04:08:01 AM CST 2026: axis5 emit skipped for apxusd (source walk unavailable)
REFUSED: apyusd.yaml is generator v1.7 output, not a hand-walk. Its own trust banner rates 36.5% of generated rows trustworthy and says `timelock: unresolved` means NOT MEASURED. Axis 5 stays "Not assessed".
Mon Sep  7 04:08:01 AM CST 2026: axis5 emit skipped for apyusd (source walk unavailable)
MISSING: /home/danger/security_analyst/topology/assets/strc.yaml — emit nothing rather than a stale copy
Mon Sep  7 04:08:01 AM CST 2026: axis5 emit skipped for strc (source walk unavailable)
MISSING: /home/danger/security_analyst/topology/assets/mstr.yaml — emit nothing rather than a stale copy
Mon Sep  7 04:08:01 AM CST 2026: axis5 emit skipped for mstr (source walk unavailable)
MISSING: /home/danger/security_analyst/topology/assets/bmnr.yaml — emit nothing rather than a stale copy
Mon Sep  7 04:08:01 AM CST 2026: axis5 emit skipped for bmnr (source walk unavailable)
REFUSED: usdat.yaml is generator v1.7 output, not a hand-walk. Its own trust banner rates 36.5% of generated rows trustworthy and says `timelock: unresolved` means NOT MEASURED. Axis 5 stays "Not assessed".
Mon Sep  7 04:08:01 AM CST 2026: axis5 emit skipped for usdat (source walk unavailable)
MISSING: /home/danger/security_analyst/topology/assets/susdat.yaml — emit nothing rather than a stale copy
Mon Sep  7 04:08:01 AM CST 2026: axis5 emit skipped for susdat (source walk unavailable)
data/usdai_contract.json: as_of=2026-08-26 layers=2 unresolved=3 walk_notes=37
MISSING: /home/danger/security_analyst/topology/assets/susdai.yaml — emit nothing rather than a stale copy
Mon Sep  7 04:08:02 AM CST 2026: axis5 emit skipped for susdai (source walk unavailable)
REFUSED: usdm.yaml is generator v1.7 output, not a hand-walk. Its own trust banner rates 36.5% of generated rows trustworthy and says `timelock: unresolved` means NOT MEASURED. Axis 5 stays "Not assessed".
Mon Sep  7 04:08:02 AM CST 2026: axis5 emit skipped for usdm (source walk unavailable)
MISSING: /home/danger/security_analyst/topology/assets/usde.yaml — emit nothing rather than a stale copy
Mon Sep  7 04:08:02 AM CST 2026: axis5 emit skipped for usde (source walk unavailable)
REFUSED: susde.yaml is generator v2.1 output, not a hand-walk. Its own trust banner rates 36.5% of generated rows trustworthy and says `timelock: unresolved` means NOT MEASURED. Axis 5 stays "Not assessed".
Mon Sep  7 04:08:02 AM CST 2026: axis5 emit skipped for susde (source walk unavailable)
REFUSED: usds.yaml is generator vhand output, not a hand-walk. Its own trust banner rates 36.5% of generated rows trustworthy and says `timelock: unresolved` means NOT MEASURED. Axis 5 stays "Not assessed".
Mon Sep  7 04:08:02 AM CST 2026: axis5 emit skipped for usds (source walk unavailable)
REFUSED: susds.yaml is generator v1.7 output, not a hand-walk. Its own trust banner rates 36.5% of generated rows trustworthy and says `timelock: unresolved` means NOT MEASURED. Axis 5 stays "Not assessed".
Mon Sep  7 04:08:02 AM CST 2026: axis5 emit skipped for susds (source walk unavailable)
MISSING: /home/danger/security_analyst/topology/assets/thusd.yaml — emit nothing rather than a stale copy
Mon Sep  7 04:08:02 AM CST 2026: axis5 emit skipped for thusd (source walk unavailable)
MISSING: /home/danger/security_analyst/topology/assets/cusd.yaml — emit nothing rather than a stale copy
Mon Sep  7 04:08:02 AM CST 2026: axis5 emit skipped for cusd (source walk unavailable)
data/hastra_prime_contract.json: as_of=2026-07-31 layers=3 unresolved=0 walk_notes=51
data/yzusd_contract.json: as_of=2026-09-06 layers=1 unresolved=3 walk_notes=34
data/syzusd_contract.json: as_of=2026-08-30 layers=3 unresolved=4 walk_notes=31
data/reusd_re_contract.json: as_of=2026-08-30 layers=2 unresolved=3 walk_notes=58
data/reusde_re_contract.json: as_of=2026-09-06 layers=2 unresolved=3 walk_notes=38
From https://github.com/todayindefi/backing-monitor
 * branch                main       -> FETCH_HEAD
MISSING: /home/danger/security_analyst/topology/assets/ousd.yaml — emit nothing rather than a stale copy
Mon Sep  7 05:08:01 AM CST 2026: axis5 emit skipped for ousd (source walk unavailable)
REFUSED: crvusd.yaml is generator v2.1 output, not a hand-walk. Its own trust banner rates 36.5% of generated rows trustworthy and says `timelock: unresolved` means NOT MEASURED. Axis 5 stays "Not assessed".
Mon Sep  7 05:08:01 AM CST 2026: axis5 emit skipped for crvusd (source walk unavailable)
data/usg_contract.json: as_of=2026-09-06 layers=3 unresolved=3 walk_notes=96
MISSING: /home/danger/security_analyst/topology/assets/usdd.yaml — emit nothing rather than a stale copy
Mon Sep  7 05:08:01 AM CST 2026: axis5 emit skipped for usdd (source walk unavailable)
data/syrupusdc_contract.json: as_of=2026-09-06 layers=8 unresolved=3 walk_notes=8
data/syrupusdt_contract.json: as_of=2026-09-06 layers=6 unresolved=3 walk_notes=8
MISSING: /home/danger/security_analyst/topology/assets/apxusd.yaml — emit nothing rather than a stale copy
Mon Sep  7 05:08:01 AM CST 2026: axis5 emit skipped for apxusd (source walk unavailable)
REFUSED: apyusd.yaml is generator v1.7 output, not a hand-walk. Its own trust banner rates 36.5% of generated rows trustworthy and says `timelock: unresolved` means NOT MEASURED. Axis 5 stays "Not assessed".
Mon Sep  7 05:08:01 AM CST 2026: axis5 emit skipped for apyusd (source walk unavailable)
MISSING: /home/danger/security_analyst/topology/assets/strc.yaml — emit nothing rather than a stale copy
Mon Sep  7 05:08:01 AM CST 2026: axis5 emit skipped for strc (source walk unavailable)
MISSING: /home/danger/security_analyst/topology/assets/mstr.yaml — emit nothing rather than a stale copy
Mon Sep  7 05:08:01 AM CST 2026: axis5 emit skipped for mstr (source walk unavailable)
MISSING: /home/danger/security_analyst/topology/assets/bmnr.yaml — emit nothing rather than a stale copy
Mon Sep  7 05:08:01 AM CST 2026: axis5 emit skipped for bmnr (source walk unavailable)
REFUSED: usdat.yaml is generator v1.7 output, not a hand-walk. Its own trust banner rates 36.5% of generated rows trustworthy and says `timelock: unresolved` means NOT MEASURED. Axis 5 stays "Not assessed".
Mon Sep  7 05:08:01 AM CST 2026: axis5 emit skipped for usdat (source walk unavailable)
MISSING: /home/danger/security_analyst/topology/assets/susdat.yaml — emit nothing rather than a stale copy
Mon Sep  7 05:08:01 AM CST 2026: axis5 emit skipped for susdat (source walk unavailable)
data/usdai_contract.json: as_of=2026-08-26 layers=2 unresolved=3 walk_notes=37
MISSING: /home/danger/security_analyst/topology/assets/susdai.yaml — emit nothing rather than a stale copy
Mon Sep  7 05:08:01 AM CST 2026: axis5 emit skipped for susdai (source walk unavailable)
REFUSED: usdm.yaml is generator v1.7 output, not a hand-walk. Its own trust banner rates 36.5% of generated rows trustworthy and says `timelock: unresolved` means NOT MEASURED. Axis 5 stays "Not assessed".
Mon Sep  7 05:08:01 AM CST 2026: axis5 emit skipped for usdm (source walk unavailable)
MISSING: /home/danger/security_analyst/topology/assets/usde.yaml — emit nothing rather than a stale copy
Mon Sep  7 05:08:01 AM CST 2026: axis5 emit skipped for usde (source walk unavailable)
REFUSED: susde.yaml is generator v2.1 output, not a hand-walk. Its own trust banner rates 36.5% of generated rows trustworthy and says `timelock: unresolved` means NOT MEASURED. Axis 5 stays "Not assessed".
Mon Sep  7 05:08:01 AM CST 2026: axis5 emit skipped for susde (source walk unavailable)
REFUSED: usds.yaml is generator vhand output, not a hand-walk. Its own trust banner rates 36.5% of generated rows trustworthy and says `timelock: unresolved` means NOT MEASURED. Axis 5 stays "Not assessed".
Mon Sep  7 05:08:01 AM CST 2026: axis5 emit skipped for usds (source walk unavailable)
REFUSED: susds.yaml is generator v1.7 output, not a hand-walk. Its own trust banner rates 36.5% of generated rows trustworthy and says `timelock: unresolved` means NOT MEASURED. Axis 5 stays "Not assessed".
Mon Sep  7 05:08:01 AM CST 2026: axis5 emit skipped for susds (source walk unavailable)
MISSING: /home/danger/security_analyst/topology/assets/thusd.yaml — emit nothing rather than a stale copy
Mon Sep  7 05:08:01 AM CST 2026: axis5 emit skipped for thusd (source walk unavailable)
MISSING: /home/danger/security_analyst/topology/assets/cusd.yaml — emit nothing rather than a stale copy
Mon Sep  7 05:08:01 AM CST 2026: axis5 emit skipped for cusd (source walk unavailable)
data/hastra_prime_contract.json: as_of=2026-07-31 layers=3 unresolved=0 walk_notes=51
data/yzusd_contract.json: as_of=2026-09-06 layers=1 unresolved=3 walk_notes=34
data/syzusd_contract.json: as_of=2026-08-30 layers=3 unresolved=4 walk_notes=31
data/reusd_re_contract.json: as_of=2026-08-30 layers=2 unresolved=3 walk_notes=58
data/reusde_re_contract.json: as_of=2026-09-06 layers=2 unresolved=3 walk_notes=38
From https://github.com/todayindefi/backing-monitor
 * branch                main       -> FETCH_HEAD
MISSING: /home/danger/security_analyst/topology/assets/ousd.yaml — emit nothing rather than a stale copy
Mon Sep  7 06:08:01 AM CST 2026: axis5 emit skipped for ousd (source walk unavailable)
REFUSED: crvusd.yaml is generator v2.1 output, not a hand-walk. Its own trust banner rates 36.5% of generated rows trustworthy and says `timelock: unresolved` means NOT MEASURED. Axis 5 stays "Not assessed".
Mon Sep  7 06:08:01 AM CST 2026: axis5 emit skipped for crvusd (source walk unavailable)
data/usg_contract.json: as_of=2026-09-06 layers=3 unresolved=3 walk_notes=96
MISSING: /home/danger/security_analyst/topology/assets/usdd.yaml — emit nothing rather than a stale copy
Mon Sep  7 06:08:02 AM CST 2026: axis5 emit skipped for usdd (source walk unavailable)
data/syrupusdc_contract.json: as_of=2026-09-06 layers=8 unresolved=3 walk_notes=8
data/syrupusdt_contract.json: as_of=2026-09-06 layers=6 unresolved=3 walk_notes=8
MISSING: /home/danger/security_analyst/topology/assets/apxusd.yaml — emit nothing rather than a stale copy
Mon Sep  7 06:08:02 AM CST 2026: axis5 emit skipped for apxusd (source walk unavailable)
REFUSED: apyusd.yaml is generator v1.7 output, not a hand-walk. Its own trust banner rates 36.5% of generated rows trustworthy and says `timelock: unresolved` means NOT MEASURED. Axis 5 stays "Not assessed".
Mon Sep  7 06:08:02 AM CST 2026: axis5 emit skipped for apyusd (source walk unavailable)
MISSING: /home/danger/security_analyst/topology/assets/strc.yaml — emit nothing rather than a stale copy
Mon Sep  7 06:08:02 AM CST 2026: axis5 emit skipped for strc (source walk unavailable)
MISSING: /home/danger/security_analyst/topology/assets/mstr.yaml — emit nothing rather than a stale copy
Mon Sep  7 06:08:02 AM CST 2026: axis5 emit skipped for mstr (source walk unavailable)
MISSING: /home/danger/security_analyst/topology/assets/bmnr.yaml — emit nothing rather than a stale copy
Mon Sep  7 06:08:02 AM CST 2026: axis5 emit skipped for bmnr (source walk unavailable)
REFUSED: usdat.yaml is generator v1.7 output, not a hand-walk. Its own trust banner rates 36.5% of generated rows trustworthy and says `timelock: unresolved` means NOT MEASURED. Axis 5 stays "Not assessed".
Mon Sep  7 06:08:02 AM CST 2026: axis5 emit skipped for usdat (source walk unavailable)
MISSING: /home/danger/security_analyst/topology/assets/susdat.yaml — emit nothing rather than a stale copy
Mon Sep  7 06:08:02 AM CST 2026: axis5 emit skipped for susdat (source walk unavailable)
data/usdai_contract.json: as_of=2026-08-26 layers=2 unresolved=3 walk_notes=37
MISSING: /home/danger/security_analyst/topology/assets/susdai.yaml — emit nothing rather than a stale copy
Mon Sep  7 06:08:02 AM CST 2026: axis5 emit skipped for susdai (source walk unavailable)
REFUSED: usdm.yaml is generator v1.7 output, not a hand-walk. Its own trust banner rates 36.5% of generated rows trustworthy and says `timelock: unresolved` means NOT MEASURED. Axis 5 stays "Not assessed".
Mon Sep  7 06:08:02 AM CST 2026: axis5 emit skipped for usdm (source walk unavailable)
MISSING: /home/danger/security_analyst/topology/assets/usde.yaml — emit nothing rather than a stale copy
Mon Sep  7 06:08:02 AM CST 2026: axis5 emit skipped for usde (source walk unavailable)
REFUSED: susde.yaml is generator v2.1 output, not a hand-walk. Its own trust banner rates 36.5% of generated rows trustworthy and says `timelock: unresolved` means NOT MEASURED. Axis 5 stays "Not assessed".
Mon Sep  7 06:08:02 AM CST 2026: axis5 emit skipped for susde (source walk unavailable)
REFUSED: usds.yaml is generator vhand output, not a hand-walk. Its own trust banner rates 36.5% of generated rows trustworthy and says `timelock: unresolved` means NOT MEASURED. Axis 5 stays "Not assessed".
Mon Sep  7 06:08:02 AM CST 2026: axis5 emit skipped for usds (source walk unavailable)
REFUSED: susds.yaml is generator v1.7 output, not a hand-walk. Its own trust banner rates 36.5% of generated rows trustworthy and says `timelock: unresolved` means NOT MEASURED. Axis 5 stays "Not assessed".
Mon Sep  7 06:08:02 AM CST 2026: axis5 emit skipped for susds (source walk unavailable)
MISSING: /home/danger/security_analyst/topology/assets/thusd.yaml — emit nothing rather than a stale copy
Mon Sep  7 06:08:02 AM CST 2026: axis5 emit skipped for thusd (source walk unavailable)
MISSING: /home/danger/security_analyst/topology/assets/cusd.yaml — emit nothing rather than a stale copy
Mon Sep  7 06:08:02 AM CST 2026: axis5 emit skipped for cusd (source walk unavailable)
data/hastra_prime_contract.json: as_of=2026-07-31 layers=3 unresolved=0 walk_notes=51
data/yzusd_contract.json: as_of=2026-09-06 layers=1 unresolved=3 walk_notes=34
data/syzusd_contract.json: as_of=2026-08-30 layers=3 unresolved=4 walk_notes=31
data/reusd_re_contract.json: as_of=2026-08-30 layers=2 unresolved=3 walk_notes=58
data/reusde_re_contract.json: as_of=2026-09-06 layers=2 unresolved=3 walk_notes=38
From https://github.com/todayindefi/backing-monitor
 * branch                main       -> FETCH_HEAD
MISSING: /home/danger/security_analyst/topology/assets/ousd.yaml — emit nothing rather than a stale copy
Mon Sep  7 07:08:01 AM CST 2026: axis5 emit skipped for ousd (source walk unavailable)
REFUSED: crvusd.yaml is generator v2.1 output, not a hand-walk. Its own trust banner rates 36.5% of generated rows trustworthy and says `timelock: unresolved` means NOT MEASURED. Axis 5 stays "Not assessed".
Mon Sep  7 07:08:01 AM CST 2026: axis5 emit skipped for crvusd (source walk unavailable)
data/usg_contract.json: as_of=2026-09-06 layers=3 unresolved=3 walk_notes=96
MISSING: /home/danger/security_analyst/topology/assets/usdd.yaml — emit nothing rather than a stale copy
Mon Sep  7 07:08:01 AM CST 2026: axis5 emit skipped for usdd (source walk unavailable)
data/syrupusdc_contract.json: as_of=2026-09-06 layers=8 unresolved=3 walk_notes=8
data/syrupusdt_contract.json: as_of=2026-09-06 layers=6 unresolved=3 walk_notes=8
MISSING: /home/danger/security_analyst/topology/assets/apxusd.yaml — emit nothing rather than a stale copy
Mon Sep  7 07:08:01 AM CST 2026: axis5 emit skipped for apxusd (source walk unavailable)
REFUSED: apyusd.yaml is generator v1.7 output, not a hand-walk. Its own trust banner rates 36.5% of generated rows trustworthy and says `timelock: unresolved` means NOT MEASURED. Axis 5 stays "Not assessed".
Mon Sep  7 07:08:01 AM CST 2026: axis5 emit skipped for apyusd (source walk unavailable)
MISSING: /home/danger/security_analyst/topology/assets/strc.yaml — emit nothing rather than a stale copy
Mon Sep  7 07:08:01 AM CST 2026: axis5 emit skipped for strc (source walk unavailable)
MISSING: /home/danger/security_analyst/topology/assets/mstr.yaml — emit nothing rather than a stale copy
Mon Sep  7 07:08:01 AM CST 2026: axis5 emit skipped for mstr (source walk unavailable)
MISSING: /home/danger/security_analyst/topology/assets/bmnr.yaml — emit nothing rather than a stale copy
Mon Sep  7 07:08:01 AM CST 2026: axis5 emit skipped for bmnr (source walk unavailable)
REFUSED: usdat.yaml is generator v1.7 output, not a hand-walk. Its own trust banner rates 36.5% of generated rows trustworthy and says `timelock: unresolved` means NOT MEASURED. Axis 5 stays "Not assessed".
Mon Sep  7 07:08:01 AM CST 2026: axis5 emit skipped for usdat (source walk unavailable)
MISSING: /home/danger/security_analyst/topology/assets/susdat.yaml — emit nothing rather than a stale copy
Mon Sep  7 07:08:01 AM CST 2026: axis5 emit skipped for susdat (source walk unavailable)
data/usdai_contract.json: as_of=2026-08-26 layers=2 unresolved=3 walk_notes=37
MISSING: /home/danger/security_analyst/topology/assets/susdai.yaml — emit nothing rather than a stale copy
Mon Sep  7 07:08:01 AM CST 2026: axis5 emit skipped for susdai (source walk unavailable)
REFUSED: usdm.yaml is generator v1.7 output, not a hand-walk. Its own trust banner rates 36.5% of generated rows trustworthy and says `timelock: unresolved` means NOT MEASURED. Axis 5 stays "Not assessed".
Mon Sep  7 07:08:01 AM CST 2026: axis5 emit skipped for usdm (source walk unavailable)
MISSING: /home/danger/security_analyst/topology/assets/usde.yaml — emit nothing rather than a stale copy
Mon Sep  7 07:08:01 AM CST 2026: axis5 emit skipped for usde (source walk unavailable)
REFUSED: susde.yaml is generator v2.1 output, not a hand-walk. Its own trust banner rates 36.5% of generated rows trustworthy and says `timelock: unresolved` means NOT MEASURED. Axis 5 stays "Not assessed".
Mon Sep  7 07:08:01 AM CST 2026: axis5 emit skipped for susde (source walk unavailable)
REFUSED: usds.yaml is generator vhand output, not a hand-walk. Its own trust banner rates 36.5% of generated rows trustworthy and says `timelock: unresolved` means NOT MEASURED. Axis 5 stays "Not assessed".
Mon Sep  7 07:08:01 AM CST 2026: axis5 emit skipped for usds (source walk unavailable)
REFUSED: susds.yaml is generator v1.7 output, not a hand-walk. Its own trust banner rates 36.5% of generated rows trustworthy and says `timelock: unresolved` means NOT MEASURED. Axis 5 stays "Not assessed".
Mon Sep  7 07:08:01 AM CST 2026: axis5 emit skipped for susds (source walk unavailable)
MISSING: /home/danger/security_analyst/topology/assets/thusd.yaml — emit nothing rather than a stale copy
Mon Sep  7 07:08:01 AM CST 2026: axis5 emit skipped for thusd (source walk unavailable)
MISSING: /home/danger/security_analyst/topology/assets/cusd.yaml — emit nothing rather than a stale copy
Mon Sep  7 07:08:01 AM CST 2026: axis5 emit skipped for cusd (source walk unavailable)
data/hastra_prime_contract.json: as_of=2026-07-31 layers=3 unresolved=0 walk_notes=51
data/yzusd_contract.json: as_of=2026-09-06 layers=1 unresolved=3 walk_notes=34
data/syzusd_contract.json: as_of=2026-08-30 layers=3 unresolved=4 walk_notes=31
data/reusd_re_contract.json: as_of=2026-08-30 layers=2 unresolved=3 walk_notes=58
data/reusde_re_contract.json: as_of=2026-09-06 layers=2 unresolved=3 walk_notes=38
From https://github.com/todayindefi/backing-monitor
 * branch                main       -> FETCH_HEAD
MISSING: /home/danger/security_analyst/topology/assets/ousd.yaml — emit nothing rather than a stale copy
Mon Sep  7 08:08:01 AM CST 2026: axis5 emit skipped for ousd (source walk unavailable)
REFUSED: crvusd.yaml is generator v2.1 output, not a hand-walk. Its own trust banner rates 36.5% of generated rows trustworthy and says `timelock: unresolved` means NOT MEASURED. Axis 5 stays "Not assessed".
Mon Sep  7 08:08:01 AM CST 2026: axis5 emit skipped for crvusd (source walk unavailable)
data/usg_contract.json: as_of=2026-09-06 layers=3 unresolved=3 walk_notes=96
MISSING: /home/danger/security_analyst/topology/assets/usdd.yaml — emit nothing rather than a stale copy
Mon Sep  7 08:08:01 AM CST 2026: axis5 emit skipped for usdd (source walk unavailable)
data/syrupusdc_contract.json: as_of=2026-09-06 layers=8 unresolved=3 walk_notes=8
data/syrupusdt_contract.json: as_of=2026-09-06 layers=6 unresolved=3 walk_notes=8
MISSING: /home/danger/security_analyst/topology/assets/apxusd.yaml — emit nothing rather than a stale copy
Mon Sep  7 08:08:01 AM CST 2026: axis5 emit skipped for apxusd (source walk unavailable)
REFUSED: apyusd.yaml is generator v1.7 output, not a hand-walk. Its own trust banner rates 36.5% of generated rows trustworthy and says `timelock: unresolved` means NOT MEASURED. Axis 5 stays "Not assessed".
Mon Sep  7 08:08:01 AM CST 2026: axis5 emit skipped for apyusd (source walk unavailable)
MISSING: /home/danger/security_analyst/topology/assets/strc.yaml — emit nothing rather than a stale copy
Mon Sep  7 08:08:01 AM CST 2026: axis5 emit skipped for strc (source walk unavailable)
MISSING: /home/danger/security_analyst/topology/assets/mstr.yaml — emit nothing rather than a stale copy
Mon Sep  7 08:08:02 AM CST 2026: axis5 emit skipped for mstr (source walk unavailable)
MISSING: /home/danger/security_analyst/topology/assets/bmnr.yaml — emit nothing rather than a stale copy
Mon Sep  7 08:08:02 AM CST 2026: axis5 emit skipped for bmnr (source walk unavailable)
REFUSED: usdat.yaml is generator v1.7 output, not a hand-walk. Its own trust banner rates 36.5% of generated rows trustworthy and says `timelock: unresolved` means NOT MEASURED. Axis 5 stays "Not assessed".
Mon Sep  7 08:08:02 AM CST 2026: axis5 emit skipped for usdat (source walk unavailable)
MISSING: /home/danger/security_analyst/topology/assets/susdat.yaml — emit nothing rather than a stale copy
Mon Sep  7 08:08:02 AM CST 2026: axis5 emit skipped for susdat (source walk unavailable)
data/usdai_contract.json: as_of=2026-08-26 layers=2 unresolved=3 walk_notes=37
MISSING: /home/danger/security_analyst/topology/assets/susdai.yaml — emit nothing rather than a stale copy
Mon Sep  7 08:08:02 AM CST 2026: axis5 emit skipped for susdai (source walk unavailable)
REFUSED: usdm.yaml is generator v1.7 output, not a hand-walk. Its own trust banner rates 36.5% of generated rows trustworthy and says `timelock: unresolved` means NOT MEASURED. Axis 5 stays "Not assessed".
Mon Sep  7 08:08:02 AM CST 2026: axis5 emit skipped for usdm (source walk unavailable)
MISSING: /home/danger/security_analyst/topology/assets/usde.yaml — emit nothing rather than a stale copy
Mon Sep  7 08:08:02 AM CST 2026: axis5 emit skipped for usde (source walk unavailable)
REFUSED: susde.yaml is generator v2.1 output, not a hand-walk. Its own trust banner rates 36.5% of generated rows trustworthy and says `timelock: unresolved` means NOT MEASURED. Axis 5 stays "Not assessed".
Mon Sep  7 08:08:02 AM CST 2026: axis5 emit skipped for susde (source walk unavailable)
REFUSED: usds.yaml is generator vhand output, not a hand-walk. Its own trust banner rates 36.5% of generated rows trustworthy and says `timelock: unresolved` means NOT MEASURED. Axis 5 stays "Not assessed".
Mon Sep  7 08:08:02 AM CST 2026: axis5 emit skipped for usds (source walk unavailable)
REFUSED: susds.yaml is generator v1.7 output, not a hand-walk. Its own trust banner rates 36.5% of generated rows trustworthy and says `timelock: unresolved` means NOT MEASURED. Axis 5 stays "Not assessed".
Mon Sep  7 08:08:02 AM CST 2026: axis5 emit skipped for susds (source walk unavailable)
MISSING: /home/danger/security_analyst/topology/assets/thusd.yaml — emit nothing rather than a stale copy
Mon Sep  7 08:08:02 AM CST 2026: axis5 emit skipped for thusd (source walk unavailable)
MISSING: /home/danger/security_analyst/topology/assets/cusd.yaml — emit nothing rather than a stale copy
Mon Sep  7 08:08:02 AM CST 2026: axis5 emit skipped for cusd (source walk unavailable)
data/hastra_prime_contract.json: as_of=2026-07-31 layers=3 unresolved=0 walk_notes=51
data/yzusd_contract.json: as_of=2026-09-06 layers=1 unresolved=3 walk_notes=34
data/syzusd_contract.json: as_of=2026-08-30 layers=3 unresolved=4 walk_notes=31
data/reusd_re_contract.json: as_of=2026-08-30 layers=2 unresolved=3 walk_notes=58
data/reusde_re_contract.json: as_of=2026-09-06 layers=2 unresolved=3 walk_notes=38
From https://github.com/todayindefi/backing-monitor
 * branch                main       -> FETCH_HEAD
MISSING: /home/danger/security_analyst/topology/assets/ousd.yaml — emit nothing rather than a stale copy
Mon Sep  7 09:08:01 AM CST 2026: axis5 emit skipped for ousd (source walk unavailable)
REFUSED: crvusd.yaml is generator v2.1 output, not a hand-walk. Its own trust banner rates 36.5% of generated rows trustworthy and says `timelock: unresolved` means NOT MEASURED. Axis 5 stays "Not assessed".
Mon Sep  7 09:08:01 AM CST 2026: axis5 emit skipped for crvusd (source walk unavailable)
data/usg_contract.json: as_of=2026-09-06 layers=3 unresolved=3 walk_notes=96
MISSING: /home/danger/security_analyst/topology/assets/usdd.yaml — emit nothing rather than a stale copy
Mon Sep  7 09:08:01 AM CST 2026: axis5 emit skipped for usdd (source walk unavailable)
data/syrupusdc_contract.json: as_of=2026-09-06 layers=8 unresolved=3 walk_notes=8
data/syrupusdt_contract.json: as_of=2026-09-06 layers=6 unresolved=3 walk_notes=8
MISSING: /home/danger/security_analyst/topology/assets/apxusd.yaml — emit nothing rather than a stale copy
Mon Sep  7 09:08:02 AM CST 2026: axis5 emit skipped for apxusd (source walk unavailable)
REFUSED: apyusd.yaml is generator v1.7 output, not a hand-walk. Its own trust banner rates 36.5% of generated rows trustworthy and says `timelock: unresolved` means NOT MEASURED. Axis 5 stays "Not assessed".
Mon Sep  7 09:08:02 AM CST 2026: axis5 emit skipped for apyusd (source walk unavailable)
MISSING: /home/danger/security_analyst/topology/assets/strc.yaml — emit nothing rather than a stale copy
Mon Sep  7 09:08:02 AM CST 2026: axis5 emit skipped for strc (source walk unavailable)
MISSING: /home/danger/security_analyst/topology/assets/mstr.yaml — emit nothing rather than a stale copy
Mon Sep  7 09:08:02 AM CST 2026: axis5 emit skipped for mstr (source walk unavailable)
MISSING: /home/danger/security_analyst/topology/assets/bmnr.yaml — emit nothing rather than a stale copy
Mon Sep  7 09:08:02 AM CST 2026: axis5 emit skipped for bmnr (source walk unavailable)
REFUSED: usdat.yaml is generator v1.7 output, not a hand-walk. Its own trust banner rates 36.5% of generated rows trustworthy and says `timelock: unresolved` means NOT MEASURED. Axis 5 stays "Not assessed".
Mon Sep  7 09:08:02 AM CST 2026: axis5 emit skipped for usdat (source walk unavailable)
MISSING: /home/danger/security_analyst/topology/assets/susdat.yaml — emit nothing rather than a stale copy
Mon Sep  7 09:08:02 AM CST 2026: axis5 emit skipped for susdat (source walk unavailable)
data/usdai_contract.json: as_of=2026-08-26 layers=2 unresolved=3 walk_notes=37
MISSING: /home/danger/security_analyst/topology/assets/susdai.yaml — emit nothing rather than a stale copy
Mon Sep  7 09:08:02 AM CST 2026: axis5 emit skipped for susdai (source walk unavailable)
data/usdm_contract.json: as_of=2026-09-07 layers=9 unresolved=6 walk_notes=2
MISSING: /home/danger/security_analyst/topology/assets/usde.yaml — emit nothing rather than a stale copy
Mon Sep  7 09:08:02 AM CST 2026: axis5 emit skipped for usde (source walk unavailable)
REFUSED: susde.yaml is generator v2.1 output, not a hand-walk. Its own trust banner rates 36.5% of generated rows trustworthy and says `timelock: unresolved` means NOT MEASURED. Axis 5 stays "Not assessed".
Mon Sep  7 09:08:02 AM CST 2026: axis5 emit skipped for susde (source walk unavailable)
REFUSED: usds.yaml is generator vhand output, not a hand-walk. Its own trust banner rates 36.5% of generated rows trustworthy and says `timelock: unresolved` means NOT MEASURED. Axis 5 stays "Not assessed".
Mon Sep  7 09:08:02 AM CST 2026: axis5 emit skipped for usds (source walk unavailable)
REFUSED: susds.yaml is generator v1.7 output, not a hand-walk. Its own trust banner rates 36.5% of generated rows trustworthy and says `timelock: unresolved` means NOT MEASURED. Axis 5 stays "Not assessed".
Mon Sep  7 09:08:02 AM CST 2026: axis5 emit skipped for susds (source walk unavailable)
MISSING: /home/danger/security_analyst/topology/assets/thusd.yaml — emit nothing rather than a stale copy
Mon Sep  7 09:08:02 AM CST 2026: axis5 emit skipped for thusd (source walk unavailable)
MISSING: /home/danger/security_analyst/topology/assets/cusd.yaml — emit nothing rather than a stale copy
Mon Sep  7 09:08:02 AM CST 2026: axis5 emit skipped for cusd (source walk unavailable)
data/hastra_prime_contract.json: as_of=2026-07-31 layers=3 unresolved=0 walk_notes=51
data/yzusd_contract.json: as_of=2026-09-06 layers=1 unresolved=3 walk_notes=34
data/syzusd_contract.json: as_of=2026-08-30 layers=3 unresolved=4 walk_notes=31
data/reusd_re_contract.json: as_of=2026-08-30 layers=2 unresolved=3 walk_notes=58
data/reusde_re_contract.json: as_of=2026-09-06 layers=2 unresolved=3 walk_notes=38
From https://github.com/todayindefi/backing-monitor
 * branch                main       -> FETCH_HEAD
MISSING: /home/danger/security_analyst/topology/assets/ousd.yaml — emit nothing rather than a stale copy
Mon Sep  7 10:08:01 AM CST 2026: axis5 emit skipped for ousd (source walk unavailable)
REFUSED: crvusd.yaml is generator v2.1 output, not a hand-walk. Its own trust banner rates 36.5% of generated rows trustworthy and says `timelock: unresolved` means NOT MEASURED. Axis 5 stays "Not assessed".
Mon Sep  7 10:08:01 AM CST 2026: axis5 emit skipped for crvusd (source walk unavailable)
data/usg_contract.json: as_of=2026-09-06 layers=3 unresolved=3 walk_notes=96
MISSING: /home/danger/security_analyst/topology/assets/usdd.yaml — emit nothing rather than a stale copy
Mon Sep  7 10:08:01 AM CST 2026: axis5 emit skipped for usdd (source walk unavailable)
data/syrupusdc_contract.json: as_of=2026-09-06 layers=8 unresolved=3 walk_notes=8
data/syrupusdt_contract.json: as_of=2026-09-06 layers=6 unresolved=3 walk_notes=8
MISSING: /home/danger/security_analyst/topology/assets/apxusd.yaml — emit nothing rather than a stale copy
Mon Sep  7 10:08:01 AM CST 2026: axis5 emit skipped for apxusd (source walk unavailable)
REFUSED: apyusd.yaml is generator v1.7 output, not a hand-walk. Its own trust banner rates 36.5% of generated rows trustworthy and says `timelock: unresolved` means NOT MEASURED. Axis 5 stays "Not assessed".
Mon Sep  7 10:08:01 AM CST 2026: axis5 emit skipped for apyusd (source walk unavailable)
MISSING: /home/danger/security_analyst/topology/assets/strc.yaml — emit nothing rather than a stale copy
Mon Sep  7 10:08:01 AM CST 2026: axis5 emit skipped for strc (source walk unavailable)
MISSING: /home/danger/security_analyst/topology/assets/mstr.yaml — emit nothing rather than a stale copy
Mon Sep  7 10:08:01 AM CST 2026: axis5 emit skipped for mstr (source walk unavailable)
MISSING: /home/danger/security_analyst/topology/assets/bmnr.yaml — emit nothing rather than a stale copy
Mon Sep  7 10:08:01 AM CST 2026: axis5 emit skipped for bmnr (source walk unavailable)
REFUSED: usdat.yaml is generator v1.7 output, not a hand-walk. Its own trust banner rates 36.5% of generated rows trustworthy and says `timelock: unresolved` means NOT MEASURED. Axis 5 stays "Not assessed".
Mon Sep  7 10:08:01 AM CST 2026: axis5 emit skipped for usdat (source walk unavailable)
MISSING: /home/danger/security_analyst/topology/assets/susdat.yaml — emit nothing rather than a stale copy
Mon Sep  7 10:08:01 AM CST 2026: axis5 emit skipped for susdat (source walk unavailable)
data/usdai_contract.json: as_of=2026-08-26 layers=2 unresolved=3 walk_notes=37
MISSING: /home/danger/security_analyst/topology/assets/susdai.yaml — emit nothing rather than a stale copy
Mon Sep  7 10:08:02 AM CST 2026: axis5 emit skipped for susdai (source walk unavailable)
data/usdm_contract.json: as_of=2026-09-07 layers=10 unresolved=7 walk_notes=35
MISSING: /home/danger/security_analyst/topology/assets/usde.yaml — emit nothing rather than a stale copy
Mon Sep  7 10:08:02 AM CST 2026: axis5 emit skipped for usde (source walk unavailable)
REFUSED: susde.yaml is generator v2.1 output, not a hand-walk. Its own trust banner rates 36.5% of generated rows trustworthy and says `timelock: unresolved` means NOT MEASURED. Axis 5 stays "Not assessed".
Mon Sep  7 10:08:02 AM CST 2026: axis5 emit skipped for susde (source walk unavailable)
REFUSED: usds.yaml is generator vhand output, not a hand-walk. Its own trust banner rates 36.5% of generated rows trustworthy and says `timelock: unresolved` means NOT MEASURED. Axis 5 stays "Not assessed".
Mon Sep  7 10:08:02 AM CST 2026: axis5 emit skipped for usds (source walk unavailable)
REFUSED: susds.yaml is generator v1.7 output, not a hand-walk. Its own trust banner rates 36.5% of generated rows trustworthy and says `timelock: unresolved` means NOT MEASURED. Axis 5 stays "Not assessed".
Mon Sep  7 10:08:02 AM CST 2026: axis5 emit skipped for susds (source walk unavailable)
MISSING: /home/danger/security_analyst/topology/assets/thusd.yaml — emit nothing rather than a stale copy
Mon Sep  7 10:08:02 AM CST 2026: axis5 emit skipped for thusd (source walk unavailable)
MISSING: /home/danger/security_analyst/topology/assets/cusd.yaml — emit nothing rather than a stale copy
Mon Sep  7 10:08:02 AM CST 2026: axis5 emit skipped for cusd (source walk unavailable)
data/hastra_prime_contract.json: as_of=2026-07-31 layers=3 unresolved=0 walk_notes=51
data/yzusd_contract.json: as_of=2026-09-06 layers=1 unresolved=3 walk_notes=34
data/syzusd_contract.json: as_of=2026-08-30 layers=3 unresolved=4 walk_notes=31
data/reusd_re_contract.json: as_of=2026-08-30 layers=2 unresolved=3 walk_notes=58
data/reusde_re_contract.json: as_of=2026-09-06 layers=2 unresolved=3 walk_notes=38
From https://github.com/todayindefi/backing-monitor
 * branch                main       -> FETCH_HEAD
MISSING: /home/danger/security_analyst/topology/assets/ousd.yaml — emit nothing rather than a stale copy
Mon Sep  7 11:08:02 AM CST 2026: axis5 emit skipped for ousd (source walk unavailable)
REFUSED: crvusd.yaml is generator v2.1 output, not a hand-walk. Its own trust banner rates 36.5% of generated rows trustworthy and says `timelock: unresolved` means NOT MEASURED. Axis 5 stays "Not assessed".
Mon Sep  7 11:08:02 AM CST 2026: axis5 emit skipped for crvusd (source walk unavailable)
data/usg_contract.json: as_of=2026-09-06 layers=3 unresolved=3 walk_notes=96
MISSING: /home/danger/security_analyst/topology/assets/usdd.yaml — emit nothing rather than a stale copy
Mon Sep  7 11:08:02 AM CST 2026: axis5 emit skipped for usdd (source walk unavailable)
data/syrupusdc_contract.json: as_of=2026-09-06 layers=8 unresolved=3 walk_notes=8
data/syrupusdt_contract.json: as_of=2026-09-06 layers=6 unresolved=3 walk_notes=8
MISSING: /home/danger/security_analyst/topology/assets/apxusd.yaml — emit nothing rather than a stale copy
Mon Sep  7 11:08:02 AM CST 2026: axis5 emit skipped for apxusd (source walk unavailable)
REFUSED: apyusd.yaml is generator v1.7 output, not a hand-walk. Its own trust banner rates 36.5% of generated rows trustworthy and says `timelock: unresolved` means NOT MEASURED. Axis 5 stays "Not assessed".
Mon Sep  7 11:08:02 AM CST 2026: axis5 emit skipped for apyusd (source walk unavailable)
MISSING: /home/danger/security_analyst/topology/assets/strc.yaml — emit nothing rather than a stale copy
Mon Sep  7 11:08:02 AM CST 2026: axis5 emit skipped for strc (source walk unavailable)
MISSING: /home/danger/security_analyst/topology/assets/mstr.yaml — emit nothing rather than a stale copy
Mon Sep  7 11:08:02 AM CST 2026: axis5 emit skipped for mstr (source walk unavailable)
MISSING: /home/danger/security_analyst/topology/assets/bmnr.yaml — emit nothing rather than a stale copy
Mon Sep  7 11:08:02 AM CST 2026: axis5 emit skipped for bmnr (source walk unavailable)
REFUSED: usdat.yaml is generator v1.7 output, not a hand-walk. Its own trust banner rates 36.5% of generated rows trustworthy and says `timelock: unresolved` means NOT MEASURED. Axis 5 stays "Not assessed".
Mon Sep  7 11:08:02 AM CST 2026: axis5 emit skipped for usdat (source walk unavailable)
MISSING: /home/danger/security_analyst/topology/assets/susdat.yaml — emit nothing rather than a stale copy
Mon Sep  7 11:08:02 AM CST 2026: axis5 emit skipped for susdat (source walk unavailable)
data/usdai_contract.json: as_of=2026-08-26 layers=2 unresolved=3 walk_notes=37
MISSING: /home/danger/security_analyst/topology/assets/susdai.yaml — emit nothing rather than a stale copy
Mon Sep  7 11:08:02 AM CST 2026: axis5 emit skipped for susdai (source walk unavailable)
data/usdm_contract.json: as_of=2026-09-07 layers=10 unresolved=7 walk_notes=35
MISSING: /home/danger/security_analyst/topology/assets/usde.yaml — emit nothing rather than a stale copy
Mon Sep  7 11:08:02 AM CST 2026: axis5 emit skipped for usde (source walk unavailable)
REFUSED: susde.yaml is generator v2.1 output, not a hand-walk. Its own trust banner rates 36.5% of generated rows trustworthy and says `timelock: unresolved` means NOT MEASURED. Axis 5 stays "Not assessed".
Mon Sep  7 11:08:02 AM CST 2026: axis5 emit skipped for susde (source walk unavailable)
data/usds_contract.json: as_of=2026-08-23 layers=2 unresolved=0 walk_notes=27
data/susds_contract.json: as_of=2026-09-07 layers=5 unresolved=2 walk_notes=3
MISSING: /home/danger/security_analyst/topology/assets/thusd.yaml — emit nothing rather than a stale copy
Mon Sep  7 11:08:02 AM CST 2026: axis5 emit skipped for thusd (source walk unavailable)
MISSING: /home/danger/security_analyst/topology/assets/cusd.yaml — emit nothing rather than a stale copy
Mon Sep  7 11:08:02 AM CST 2026: axis5 emit skipped for cusd (source walk unavailable)
data/hastra_prime_contract.json: as_of=2026-07-31 layers=3 unresolved=0 walk_notes=51
data/yzusd_contract.json: as_of=2026-09-06 layers=1 unresolved=3 walk_notes=34
data/syzusd_contract.json: as_of=2026-08-30 layers=3 unresolved=4 walk_notes=31
data/reusd_re_contract.json: as_of=2026-08-30 layers=2 unresolved=3 walk_notes=58
data/reusde_re_contract.json: as_of=2026-09-06 layers=2 unresolved=3 walk_notes=38
From https://github.com/todayindefi/backing-monitor
 * branch                main       -> FETCH_HEAD
MISSING: /home/danger/security_analyst/topology/assets/ousd.yaml — emit nothing rather than a stale copy
Mon Sep  7 12:08:01 PM CST 2026: axis5 emit skipped for ousd (source walk unavailable)
REFUSED: crvusd.yaml is generator v2.1 output, not a hand-walk. Its own trust banner rates 36.5% of generated rows trustworthy and says `timelock: unresolved` means NOT MEASURED. Axis 5 stays "Not assessed".
Mon Sep  7 12:08:01 PM CST 2026: axis5 emit skipped for crvusd (source walk unavailable)
data/usg_contract.json: as_of=2026-09-06 layers=3 unresolved=3 walk_notes=96
MISSING: /home/danger/security_analyst/topology/assets/usdd.yaml — emit nothing rather than a stale copy
Mon Sep  7 12:08:01 PM CST 2026: axis5 emit skipped for usdd (source walk unavailable)
data/syrupusdc_contract.json: as_of=2026-09-06 layers=8 unresolved=3 walk_notes=8
data/syrupusdt_contract.json: as_of=2026-09-06 layers=6 unresolved=3 walk_notes=8
MISSING: /home/danger/security_analyst/topology/assets/apxusd.yaml — emit nothing rather than a stale copy
Mon Sep  7 12:08:01 PM CST 2026: axis5 emit skipped for apxusd (source walk unavailable)
REFUSED: apyusd.yaml is generator v1.7 output, not a hand-walk. Its own trust banner rates 36.5% of generated rows trustworthy and says `timelock: unresolved` means NOT MEASURED. Axis 5 stays "Not assessed".
Mon Sep  7 12:08:01 PM CST 2026: axis5 emit skipped for apyusd (source walk unavailable)
MISSING: /home/danger/security_analyst/topology/assets/strc.yaml — emit nothing rather than a stale copy
Mon Sep  7 12:08:01 PM CST 2026: axis5 emit skipped for strc (source walk unavailable)
MISSING: /home/danger/security_analyst/topology/assets/mstr.yaml — emit nothing rather than a stale copy
Mon Sep  7 12:08:01 PM CST 2026: axis5 emit skipped for mstr (source walk unavailable)
MISSING: /home/danger/security_analyst/topology/assets/bmnr.yaml — emit nothing rather than a stale copy
Mon Sep  7 12:08:01 PM CST 2026: axis5 emit skipped for bmnr (source walk unavailable)
REFUSED: usdat.yaml is generator v1.7 output, not a hand-walk. Its own trust banner rates 36.5% of generated rows trustworthy and says `timelock: unresolved` means NOT MEASURED. Axis 5 stays "Not assessed".
Mon Sep  7 12:08:01 PM CST 2026: axis5 emit skipped for usdat (source walk unavailable)
MISSING: /home/danger/security_analyst/topology/assets/susdat.yaml — emit nothing rather than a stale copy
Mon Sep  7 12:08:01 PM CST 2026: axis5 emit skipped for susdat (source walk unavailable)
data/usdai_contract.json: as_of=2026-08-26 layers=2 unresolved=3 walk_notes=37
MISSING: /home/danger/security_analyst/topology/assets/susdai.yaml — emit nothing rather than a stale copy
Mon Sep  7 12:08:01 PM CST 2026: axis5 emit skipped for susdai (source walk unavailable)
data/usdm_contract.json: as_of=2026-09-07 layers=10 unresolved=7 walk_notes=35
MISSING: /home/danger/security_analyst/topology/assets/usde.yaml — emit nothing rather than a stale copy
Mon Sep  7 12:08:01 PM CST 2026: axis5 emit skipped for usde (source walk unavailable)
REFUSED: susde.yaml is generator v2.1 output, not a hand-walk. Its own trust banner rates 36.5% of generated rows trustworthy and says `timelock: unresolved` means NOT MEASURED. Axis 5 stays "Not assessed".
Mon Sep  7 12:08:01 PM CST 2026: axis5 emit skipped for susde (source walk unavailable)
data/usds_contract.json: as_of=2026-08-23 layers=2 unresolved=0 walk_notes=27
data/susds_contract.json: as_of=2026-09-07 layers=5 unresolved=2 walk_notes=3
MISSING: /home/danger/security_analyst/topology/assets/thusd.yaml — emit nothing rather than a stale copy
Mon Sep  7 12:08:02 PM CST 2026: axis5 emit skipped for thusd (source walk unavailable)
MISSING: /home/danger/security_analyst/topology/assets/cusd.yaml — emit nothing rather than a stale copy
Mon Sep  7 12:08:02 PM CST 2026: axis5 emit skipped for cusd (source walk unavailable)
data/hastra_prime_contract.json: as_of=2026-07-31 layers=3 unresolved=0 walk_notes=51
data/yzusd_contract.json: as_of=2026-09-06 layers=1 unresolved=3 walk_notes=34
data/syzusd_contract.json: as_of=2026-08-30 layers=3 unresolved=4 walk_notes=31
data/reusd_re_contract.json: as_of=2026-08-30 layers=2 unresolved=3 walk_notes=58
data/reusde_re_contract.json: as_of=2026-09-06 layers=2 unresolved=3 walk_notes=38
From https://github.com/todayindefi/backing-monitor
 * branch                main       -> FETCH_HEAD
MISSING: /home/danger/security_analyst/topology/assets/ousd.yaml — emit nothing rather than a stale copy
Mon Sep  7 01:08:01 PM CST 2026: axis5 emit skipped for ousd (source walk unavailable)
REFUSED: crvusd.yaml is generator v2.1 output, not a hand-walk. Its own trust banner rates 36.5% of generated rows trustworthy and says `timelock: unresolved` means NOT MEASURED. Axis 5 stays "Not assessed".
Mon Sep  7 01:08:01 PM CST 2026: axis5 emit skipped for crvusd (source walk unavailable)
data/usg_contract.json: as_of=2026-09-06 layers=3 unresolved=3 walk_notes=96
MISSING: /home/danger/security_analyst/topology/assets/usdd.yaml — emit nothing rather than a stale copy
Mon Sep  7 01:08:01 PM CST 2026: axis5 emit skipped for usdd (source walk unavailable)
data/syrupusdc_contract.json: as_of=2026-09-06 layers=8 unresolved=3 walk_notes=8
data/syrupusdt_contract.json: as_of=2026-09-06 layers=6 unresolved=3 walk_notes=8
MISSING: /home/danger/security_analyst/topology/assets/apxusd.yaml — emit nothing rather than a stale copy
Mon Sep  7 01:08:01 PM CST 2026: axis5 emit skipped for apxusd (source walk unavailable)
REFUSED: apyusd.yaml is generator v1.7 output, not a hand-walk. Its own trust banner rates 36.5% of generated rows trustworthy and says `timelock: unresolved` means NOT MEASURED. Axis 5 stays "Not assessed".
Mon Sep  7 01:08:01 PM CST 2026: axis5 emit skipped for apyusd (source walk unavailable)
MISSING: /home/danger/security_analyst/topology/assets/strc.yaml — emit nothing rather than a stale copy
Mon Sep  7 01:08:01 PM CST 2026: axis5 emit skipped for strc (source walk unavailable)
MISSING: /home/danger/security_analyst/topology/assets/mstr.yaml — emit nothing rather than a stale copy
Mon Sep  7 01:08:01 PM CST 2026: axis5 emit skipped for mstr (source walk unavailable)
MISSING: /home/danger/security_analyst/topology/assets/bmnr.yaml — emit nothing rather than a stale copy
Mon Sep  7 01:08:01 PM CST 2026: axis5 emit skipped for bmnr (source walk unavailable)
REFUSED: usdat.yaml is generator v1.7 output, not a hand-walk. Its own trust banner rates 36.5% of generated rows trustworthy and says `timelock: unresolved` means NOT MEASURED. Axis 5 stays "Not assessed".
Mon Sep  7 01:08:01 PM CST 2026: axis5 emit skipped for usdat (source walk unavailable)
MISSING: /home/danger/security_analyst/topology/assets/susdat.yaml — emit nothing rather than a stale copy
Mon Sep  7 01:08:01 PM CST 2026: axis5 emit skipped for susdat (source walk unavailable)
data/usdai_contract.json: as_of=2026-08-26 layers=2 unresolved=3 walk_notes=37
MISSING: /home/danger/security_analyst/topology/assets/susdai.yaml — emit nothing rather than a stale copy
Mon Sep  7 01:08:01 PM CST 2026: axis5 emit skipped for susdai (source walk unavailable)
data/usdm_contract.json: as_of=2026-09-07 layers=10 unresolved=7 walk_notes=35
MISSING: /home/danger/security_analyst/topology/assets/usde.yaml — emit nothing rather than a stale copy
Mon Sep  7 01:08:01 PM CST 2026: axis5 emit skipped for usde (source walk unavailable)
REFUSED: susde.yaml is generator v2.1 output, not a hand-walk. Its own trust banner rates 36.5% of generated rows trustworthy and says `timelock: unresolved` means NOT MEASURED. Axis 5 stays "Not assessed".
Mon Sep  7 01:08:02 PM CST 2026: axis5 emit skipped for susde (source walk unavailable)
data/usds_contract.json: as_of=2026-08-23 layers=2 unresolved=0 walk_notes=27
data/susds_contract.json: as_of=2026-09-07 layers=5 unresolved=2 walk_notes=3
MISSING: /home/danger/security_analyst/topology/assets/thusd.yaml — emit nothing rather than a stale copy
Mon Sep  7 01:08:02 PM CST 2026: axis5 emit skipped for thusd (source walk unavailable)
MISSING: /home/danger/security_analyst/topology/assets/cusd.yaml — emit nothing rather than a stale copy
Mon Sep  7 01:08:02 PM CST 2026: axis5 emit skipped for cusd (source walk unavailable)
data/hastra_prime_contract.json: as_of=2026-07-31 layers=3 unresolved=0 walk_notes=51
data/yzusd_contract.json: as_of=2026-09-06 layers=1 unresolved=3 walk_notes=34
data/syzusd_contract.json: as_of=2026-08-30 layers=3 unresolved=4 walk_notes=31
data/reusd_re_contract.json: as_of=2026-08-30 layers=2 unresolved=3 walk_notes=58
data/reusde_re_contract.json: as_of=2026-09-06 layers=2 unresolved=3 walk_notes=38
From https://github.com/todayindefi/backing-monitor
 * branch                main       -> FETCH_HEAD
MISSING: /home/danger/security_analyst/topology/assets/ousd.yaml — emit nothing rather than a stale copy
Mon Sep  7 02:08:01 PM CST 2026: axis5 emit skipped for ousd (source walk unavailable)
REFUSED: crvusd.yaml is generator v2.1 output, not a hand-walk. Its own trust banner rates 36.5% of generated rows trustworthy and says `timelock: unresolved` means NOT MEASURED. Axis 5 stays "Not assessed".
Mon Sep  7 02:08:01 PM CST 2026: axis5 emit skipped for crvusd (source walk unavailable)
data/usg_contract.json: as_of=2026-09-06 layers=3 unresolved=3 walk_notes=96
MISSING: /home/danger/security_analyst/topology/assets/usdd.yaml — emit nothing rather than a stale copy
Mon Sep  7 02:08:01 PM CST 2026: axis5 emit skipped for usdd (source walk unavailable)
data/syrupusdc_contract.json: as_of=2026-09-06 layers=8 unresolved=3 walk_notes=8
data/syrupusdt_contract.json: as_of=2026-09-06 layers=6 unresolved=3 walk_notes=8
MISSING: /home/danger/security_analyst/topology/assets/apxusd.yaml — emit nothing rather than a stale copy
Mon Sep  7 02:08:01 PM CST 2026: axis5 emit skipped for apxusd (source walk unavailable)
REFUSED: apyusd.yaml is generator v1.7 output, not a hand-walk. Its own trust banner rates 36.5% of generated rows trustworthy and says `timelock: unresolved` means NOT MEASURED. Axis 5 stays "Not assessed".
Mon Sep  7 02:08:01 PM CST 2026: axis5 emit skipped for apyusd (source walk unavailable)
MISSING: /home/danger/security_analyst/topology/assets/strc.yaml — emit nothing rather than a stale copy
Mon Sep  7 02:08:01 PM CST 2026: axis5 emit skipped for strc (source walk unavailable)
MISSING: /home/danger/security_analyst/topology/assets/mstr.yaml — emit nothing rather than a stale copy
Mon Sep  7 02:08:01 PM CST 2026: axis5 emit skipped for mstr (source walk unavailable)
MISSING: /home/danger/security_analyst/topology/assets/bmnr.yaml — emit nothing rather than a stale copy
Mon Sep  7 02:08:01 PM CST 2026: axis5 emit skipped for bmnr (source walk unavailable)
REFUSED: usdat.yaml is generator v1.7 output, not a hand-walk. Its own trust banner rates 36.5% of generated rows trustworthy and says `timelock: unresolved` means NOT MEASURED. Axis 5 stays "Not assessed".
Mon Sep  7 02:08:01 PM CST 2026: axis5 emit skipped for usdat (source walk unavailable)
MISSING: /home/danger/security_analyst/topology/assets/susdat.yaml — emit nothing rather than a stale copy
Mon Sep  7 02:08:01 PM CST 2026: axis5 emit skipped for susdat (source walk unavailable)
data/usdai_contract.json: as_of=2026-08-26 layers=2 unresolved=3 walk_notes=37
MISSING: /home/danger/security_analyst/topology/assets/susdai.yaml — emit nothing rather than a stale copy
Mon Sep  7 02:08:01 PM CST 2026: axis5 emit skipped for susdai (source walk unavailable)
data/usdm_contract.json: as_of=2026-09-07 layers=10 unresolved=7 walk_notes=35
MISSING: /home/danger/security_analyst/topology/assets/usde.yaml — emit nothing rather than a stale copy
Mon Sep  7 02:08:01 PM CST 2026: axis5 emit skipped for usde (source walk unavailable)
REFUSED: susde.yaml is generator v2.1 output, not a hand-walk. Its own trust banner rates 36.5% of generated rows trustworthy and says `timelock: unresolved` means NOT MEASURED. Axis 5 stays "Not assessed".
Mon Sep  7 02:08:01 PM CST 2026: axis5 emit skipped for susde (source walk unavailable)
data/usds_contract.json: as_of=2026-08-23 layers=2 unresolved=0 walk_notes=27
data/susds_contract.json: as_of=2026-09-07 layers=5 unresolved=2 walk_notes=3
MISSING: /home/danger/security_analyst/topology/assets/thusd.yaml — emit nothing rather than a stale copy
Mon Sep  7 02:08:01 PM CST 2026: axis5 emit skipped for thusd (source walk unavailable)
MISSING: /home/danger/security_analyst/topology/assets/cusd.yaml — emit nothing rather than a stale copy
Mon Sep  7 02:08:01 PM CST 2026: axis5 emit skipped for cusd (source walk unavailable)
data/hastra_prime_contract.json: as_of=2026-07-31 layers=3 unresolved=0 walk_notes=51
data/yzusd_contract.json: as_of=2026-09-06 layers=1 unresolved=3 walk_notes=34
data/syzusd_contract.json: as_of=2026-08-30 layers=3 unresolved=4 walk_notes=31
data/reusd_re_contract.json: as_of=2026-08-30 layers=2 unresolved=3 walk_notes=58
data/reusde_re_contract.json: as_of=2026-09-06 layers=2 unresolved=3 walk_notes=38
From https://github.com/todayindefi/backing-monitor
 * branch                main       -> FETCH_HEAD
MISSING: /home/danger/security_analyst/topology/assets/ousd.yaml — emit nothing rather than a stale copy
Mon Sep  7 03:08:01 PM CST 2026: axis5 emit skipped for ousd (source walk unavailable)
REFUSED: crvusd.yaml is generator v2.1 output, not a hand-walk. Its own trust banner rates 36.5% of generated rows trustworthy and says `timelock: unresolved` means NOT MEASURED. Axis 5 stays "Not assessed".
Mon Sep  7 03:08:01 PM CST 2026: axis5 emit skipped for crvusd (source walk unavailable)
data/usg_contract.json: as_of=2026-09-06 layers=3 unresolved=3 walk_notes=96
MISSING: /home/danger/security_analyst/topology/assets/usdd.yaml — emit nothing rather than a stale copy
Mon Sep  7 03:08:01 PM CST 2026: axis5 emit skipped for usdd (source walk unavailable)
data/syrupusdc_contract.json: as_of=2026-09-06 layers=8 unresolved=3 walk_notes=8
data/syrupusdt_contract.json: as_of=2026-09-06 layers=6 unresolved=3 walk_notes=8
MISSING: /home/danger/security_analyst/topology/assets/apxusd.yaml — emit nothing rather than a stale copy
Mon Sep  7 03:08:02 PM CST 2026: axis5 emit skipped for apxusd (source walk unavailable)
REFUSED: apyusd.yaml is generator v1.7 output, not a hand-walk. Its own trust banner rates 36.5% of generated rows trustworthy and says `timelock: unresolved` means NOT MEASURED. Axis 5 stays "Not assessed".
Mon Sep  7 03:08:02 PM CST 2026: axis5 emit skipped for apyusd (source walk unavailable)
MISSING: /home/danger/security_analyst/topology/assets/strc.yaml — emit nothing rather than a stale copy
Mon Sep  7 03:08:02 PM CST 2026: axis5 emit skipped for strc (source walk unavailable)
MISSING: /home/danger/security_analyst/topology/assets/mstr.yaml — emit nothing rather than a stale copy
Mon Sep  7 03:08:02 PM CST 2026: axis5 emit skipped for mstr (source walk unavailable)
MISSING: /home/danger/security_analyst/topology/assets/bmnr.yaml — emit nothing rather than a stale copy
Mon Sep  7 03:08:02 PM CST 2026: axis5 emit skipped for bmnr (source walk unavailable)
REFUSED: usdat.yaml is generator v1.7 output, not a hand-walk. Its own trust banner rates 36.5% of generated rows trustworthy and says `timelock: unresolved` means NOT MEASURED. Axis 5 stays "Not assessed".
Mon Sep  7 03:08:02 PM CST 2026: axis5 emit skipped for usdat (source walk unavailable)
MISSING: /home/danger/security_analyst/topology/assets/susdat.yaml — emit nothing rather than a stale copy
Mon Sep  7 03:08:02 PM CST 2026: axis5 emit skipped for susdat (source walk unavailable)
data/usdai_contract.json: as_of=2026-08-26 layers=2 unresolved=3 walk_notes=37
MISSING: /home/danger/security_analyst/topology/assets/susdai.yaml — emit nothing rather than a stale copy
Mon Sep  7 03:08:02 PM CST 2026: axis5 emit skipped for susdai (source walk unavailable)
data/usdm_contract.json: as_of=2026-09-07 layers=10 unresolved=7 walk_notes=35
MISSING: /home/danger/security_analyst/topology/assets/usde.yaml — emit nothing rather than a stale copy
Mon Sep  7 03:08:02 PM CST 2026: axis5 emit skipped for usde (source walk unavailable)
REFUSED: susde.yaml is generator v2.1 output, not a hand-walk. Its own trust banner rates 36.5% of generated rows trustworthy and says `timelock: unresolved` means NOT MEASURED. Axis 5 stays "Not assessed".
Mon Sep  7 03:08:02 PM CST 2026: axis5 emit skipped for susde (source walk unavailable)
data/usds_contract.json: as_of=2026-08-23 layers=2 unresolved=0 walk_notes=27
data/susds_contract.json: as_of=2026-09-07 layers=5 unresolved=2 walk_notes=3
MISSING: /home/danger/security_analyst/topology/assets/thusd.yaml — emit nothing rather than a stale copy
Mon Sep  7 03:08:02 PM CST 2026: axis5 emit skipped for thusd (source walk unavailable)
MISSING: /home/danger/security_analyst/topology/assets/cusd.yaml — emit nothing rather than a stale copy
Mon Sep  7 03:08:02 PM CST 2026: axis5 emit skipped for cusd (source walk unavailable)
data/hastra_prime_contract.json: as_of=2026-07-31 layers=3 unresolved=0 walk_notes=51
data/yzusd_contract.json: as_of=2026-09-06 layers=1 unresolved=3 walk_notes=34
data/syzusd_contract.json: as_of=2026-08-30 layers=3 unresolved=4 walk_notes=31
data/reusd_re_contract.json: as_of=2026-08-30 layers=2 unresolved=3 walk_notes=58
data/reusde_re_contract.json: as_of=2026-09-06 layers=2 unresolved=3 walk_notes=38
From https://github.com/todayindefi/backing-monitor
 * branch                main       -> FETCH_HEAD
MISSING: /home/danger/security_analyst/topology/assets/ousd.yaml — emit nothing rather than a stale copy
Mon Sep  7 04:08:01 PM CST 2026: axis5 emit skipped for ousd (source walk unavailable)
REFUSED: crvusd.yaml is generator v2.1 output, not a hand-walk. Its own trust banner rates 36.5% of generated rows trustworthy and says `timelock: unresolved` means NOT MEASURED. Axis 5 stays "Not assessed".
Mon Sep  7 04:08:01 PM CST 2026: axis5 emit skipped for crvusd (source walk unavailable)
data/usg_contract.json: as_of=2026-09-06 layers=3 unresolved=3 walk_notes=96
MISSING: /home/danger/security_analyst/topology/assets/usdd.yaml — emit nothing rather than a stale copy
Mon Sep  7 04:08:01 PM CST 2026: axis5 emit skipped for usdd (source walk unavailable)
data/syrupusdc_contract.json: as_of=2026-09-06 layers=8 unresolved=3 walk_notes=8
data/syrupusdt_contract.json: as_of=2026-09-06 layers=6 unresolved=3 walk_notes=8
MISSING: /home/danger/security_analyst/topology/assets/apxusd.yaml — emit nothing rather than a stale copy
Mon Sep  7 04:08:01 PM CST 2026: axis5 emit skipped for apxusd (source walk unavailable)
REFUSED: apyusd.yaml is generator v1.7 output, not a hand-walk. Its own trust banner rates 36.5% of generated rows trustworthy and says `timelock: unresolved` means NOT MEASURED. Axis 5 stays "Not assessed".
Mon Sep  7 04:08:01 PM CST 2026: axis5 emit skipped for apyusd (source walk unavailable)
MISSING: /home/danger/security_analyst/topology/assets/strc.yaml — emit nothing rather than a stale copy
Mon Sep  7 04:08:01 PM CST 2026: axis5 emit skipped for strc (source walk unavailable)
MISSING: /home/danger/security_analyst/topology/assets/mstr.yaml — emit nothing rather than a stale copy
Mon Sep  7 04:08:01 PM CST 2026: axis5 emit skipped for mstr (source walk unavailable)
MISSING: /home/danger/security_analyst/topology/assets/bmnr.yaml — emit nothing rather than a stale copy
Mon Sep  7 04:08:01 PM CST 2026: axis5 emit skipped for bmnr (source walk unavailable)
REFUSED: usdat.yaml is generator v1.7 output, not a hand-walk. Its own trust banner rates 36.5% of generated rows trustworthy and says `timelock: unresolved` means NOT MEASURED. Axis 5 stays "Not assessed".
Mon Sep  7 04:08:01 PM CST 2026: axis5 emit skipped for usdat (source walk unavailable)
MISSING: /home/danger/security_analyst/topology/assets/susdat.yaml — emit nothing rather than a stale copy
Mon Sep  7 04:08:01 PM CST 2026: axis5 emit skipped for susdat (source walk unavailable)
data/usdai_contract.json: as_of=2026-08-26 layers=2 unresolved=3 walk_notes=37
MISSING: /home/danger/security_analyst/topology/assets/susdai.yaml — emit nothing rather than a stale copy
Mon Sep  7 04:08:01 PM CST 2026: axis5 emit skipped for susdai (source walk unavailable)
data/usdm_contract.json: as_of=2026-09-07 layers=10 unresolved=7 walk_notes=35
MISSING: /home/danger/security_analyst/topology/assets/usde.yaml — emit nothing rather than a stale copy
Mon Sep  7 04:08:01 PM CST 2026: axis5 emit skipped for usde (source walk unavailable)
REFUSED: susde.yaml is generator v2.1 output, not a hand-walk. Its own trust banner rates 36.5% of generated rows trustworthy and says `timelock: unresolved` means NOT MEASURED. Axis 5 stays "Not assessed".
Mon Sep  7 04:08:02 PM CST 2026: axis5 emit skipped for susde (source walk unavailable)
data/usds_contract.json: as_of=2026-08-23 layers=2 unresolved=0 walk_notes=27
data/susds_contract.json: as_of=2026-09-07 layers=5 unresolved=2 walk_notes=3
MISSING: /home/danger/security_analyst/topology/assets/thusd.yaml — emit nothing rather than a stale copy
Mon Sep  7 04:08:02 PM CST 2026: axis5 emit skipped for thusd (source walk unavailable)
MISSING: /home/danger/security_analyst/topology/assets/cusd.yaml — emit nothing rather than a stale copy
Mon Sep  7 04:08:02 PM CST 2026: axis5 emit skipped for cusd (source walk unavailable)
data/hastra_prime_contract.json: as_of=2026-07-31 layers=3 unresolved=0 walk_notes=51
data/yzusd_contract.json: as_of=2026-09-06 layers=1 unresolved=3 walk_notes=34
data/syzusd_contract.json: as_of=2026-08-30 layers=3 unresolved=4 walk_notes=31
data/reusd_re_contract.json: as_of=2026-08-30 layers=2 unresolved=3 walk_notes=58
data/reusde_re_contract.json: as_of=2026-09-06 layers=2 unresolved=3 walk_notes=38
From https://github.com/todayindefi/backing-monitor
 * branch                main       -> FETCH_HEAD
MISSING: /home/danger/security_analyst/topology/assets/ousd.yaml — emit nothing rather than a stale copy
Mon Sep  7 05:08:02 PM CST 2026: axis5 emit skipped for ousd (source walk unavailable)
REFUSED: crvusd.yaml is generator v2.1 output, not a hand-walk. Its own trust banner rates 36.5% of generated rows trustworthy and says `timelock: unresolved` means NOT MEASURED. Axis 5 stays "Not assessed".
Mon Sep  7 05:08:02 PM CST 2026: axis5 emit skipped for crvusd (source walk unavailable)
data/usg_contract.json: as_of=2026-09-06 layers=3 unresolved=3 walk_notes=96
MISSING: /home/danger/security_analyst/topology/assets/usdd.yaml — emit nothing rather than a stale copy
Mon Sep  7 05:08:02 PM CST 2026: axis5 emit skipped for usdd (source walk unavailable)
data/syrupusdc_contract.json: as_of=2026-09-06 layers=8 unresolved=3 walk_notes=8
data/syrupusdt_contract.json: as_of=2026-09-06 layers=6 unresolved=3 walk_notes=8
MISSING: /home/danger/security_analyst/topology/assets/apxusd.yaml — emit nothing rather than a stale copy
Mon Sep  7 05:08:02 PM CST 2026: axis5 emit skipped for apxusd (source walk unavailable)
REFUSED: apyusd.yaml is generator v1.7 output, not a hand-walk. Its own trust banner rates 36.5% of generated rows trustworthy and says `timelock: unresolved` means NOT MEASURED. Axis 5 stays "Not assessed".
Mon Sep  7 05:08:02 PM CST 2026: axis5 emit skipped for apyusd (source walk unavailable)
MISSING: /home/danger/security_analyst/topology/assets/strc.yaml — emit nothing rather than a stale copy
Mon Sep  7 05:08:02 PM CST 2026: axis5 emit skipped for strc (source walk unavailable)
MISSING: /home/danger/security_analyst/topology/assets/mstr.yaml — emit nothing rather than a stale copy
Mon Sep  7 05:08:02 PM CST 2026: axis5 emit skipped for mstr (source walk unavailable)
MISSING: /home/danger/security_analyst/topology/assets/bmnr.yaml — emit nothing rather than a stale copy
Mon Sep  7 05:08:02 PM CST 2026: axis5 emit skipped for bmnr (source walk unavailable)
REFUSED: usdat.yaml is generator v1.7 output, not a hand-walk. Its own trust banner rates 36.5% of generated rows trustworthy and says `timelock: unresolved` means NOT MEASURED. Axis 5 stays "Not assessed".
Mon Sep  7 05:08:02 PM CST 2026: axis5 emit skipped for usdat (source walk unavailable)
MISSING: /home/danger/security_analyst/topology/assets/susdat.yaml — emit nothing rather than a stale copy
Mon Sep  7 05:08:02 PM CST 2026: axis5 emit skipped for susdat (source walk unavailable)
data/usdai_contract.json: as_of=2026-08-26 layers=2 unresolved=3 walk_notes=37
MISSING: /home/danger/security_analyst/topology/assets/susdai.yaml — emit nothing rather than a stale copy
Mon Sep  7 05:08:02 PM CST 2026: axis5 emit skipped for susdai (source walk unavailable)
data/usdm_contract.json: as_of=2026-09-07 layers=10 unresolved=7 walk_notes=35
MISSING: /home/danger/security_analyst/topology/assets/usde.yaml — emit nothing rather than a stale copy
Mon Sep  7 05:08:02 PM CST 2026: axis5 emit skipped for usde (source walk unavailable)
REFUSED: susde.yaml is generator v2.1 output, not a hand-walk. Its own trust banner rates 36.5% of generated rows trustworthy and says `timelock: unresolved` means NOT MEASURED. Axis 5 stays "Not assessed".
Mon Sep  7 05:08:02 PM CST 2026: axis5 emit skipped for susde (source walk unavailable)
data/usds_contract.json: as_of=2026-08-23 layers=2 unresolved=0 walk_notes=27
data/susds_contract.json: as_of=2026-09-07 layers=5 unresolved=2 walk_notes=3
MISSING: /home/danger/security_analyst/topology/assets/thusd.yaml — emit nothing rather than a stale copy
Mon Sep  7 05:08:02 PM CST 2026: axis5 emit skipped for thusd (source walk unavailable)
MISSING: /home/danger/security_analyst/topology/assets/cusd.yaml — emit nothing rather than a stale copy
Mon Sep  7 05:08:02 PM CST 2026: axis5 emit skipped for cusd (source walk unavailable)
data/hastra_prime_contract.json: as_of=2026-07-31 layers=3 unresolved=0 walk_notes=51
data/yzusd_contract.json: as_of=2026-09-06 layers=1 unresolved=3 walk_notes=34
data/syzusd_contract.json: as_of=2026-08-30 layers=3 unresolved=4 walk_notes=31
data/reusd_re_contract.json: as_of=2026-08-30 layers=2 unresolved=3 walk_notes=58
data/reusde_re_contract.json: as_of=2026-09-06 layers=2 unresolved=3 walk_notes=38
From https://github.com/todayindefi/backing-monitor
 * branch                main       -> FETCH_HEAD
MISSING: /home/danger/security_analyst/topology/assets/ousd.yaml — emit nothing rather than a stale copy
Mon Sep  7 06:08:01 PM CST 2026: axis5 emit skipped for ousd (source walk unavailable)
REFUSED: crvusd.yaml is generator v2.1 output, not a hand-walk. Its own trust banner rates 36.5% of generated rows trustworthy and says `timelock: unresolved` means NOT MEASURED. Axis 5 stays "Not assessed".
Mon Sep  7 06:08:01 PM CST 2026: axis5 emit skipped for crvusd (source walk unavailable)
data/usg_contract.json: as_of=2026-09-06 layers=3 unresolved=3 walk_notes=96
MISSING: /home/danger/security_analyst/topology/assets/usdd.yaml — emit nothing rather than a stale copy
Mon Sep  7 06:08:01 PM CST 2026: axis5 emit skipped for usdd (source walk unavailable)
data/syrupusdc_contract.json: as_of=2026-09-06 layers=8 unresolved=3 walk_notes=8
data/syrupusdt_contract.json: as_of=2026-09-06 layers=6 unresolved=3 walk_notes=8
MISSING: /home/danger/security_analyst/topology/assets/apxusd.yaml — emit nothing rather than a stale copy
Mon Sep  7 06:08:01 PM CST 2026: axis5 emit skipped for apxusd (source walk unavailable)
REFUSED: apyusd.yaml is generator v1.7 output, not a hand-walk. Its own trust banner rates 36.5% of generated rows trustworthy and says `timelock: unresolved` means NOT MEASURED. Axis 5 stays "Not assessed".
Mon Sep  7 06:08:01 PM CST 2026: axis5 emit skipped for apyusd (source walk unavailable)
MISSING: /home/danger/security_analyst/topology/assets/strc.yaml — emit nothing rather than a stale copy
Mon Sep  7 06:08:02 PM CST 2026: axis5 emit skipped for strc (source walk unavailable)
MISSING: /home/danger/security_analyst/topology/assets/mstr.yaml — emit nothing rather than a stale copy
Mon Sep  7 06:08:02 PM CST 2026: axis5 emit skipped for mstr (source walk unavailable)
MISSING: /home/danger/security_analyst/topology/assets/bmnr.yaml — emit nothing rather than a stale copy
Mon Sep  7 06:08:02 PM CST 2026: axis5 emit skipped for bmnr (source walk unavailable)
REFUSED: usdat.yaml is generator v1.7 output, not a hand-walk. Its own trust banner rates 36.5% of generated rows trustworthy and says `timelock: unresolved` means NOT MEASURED. Axis 5 stays "Not assessed".
Mon Sep  7 06:08:02 PM CST 2026: axis5 emit skipped for usdat (source walk unavailable)
MISSING: /home/danger/security_analyst/topology/assets/susdat.yaml — emit nothing rather than a stale copy
Mon Sep  7 06:08:02 PM CST 2026: axis5 emit skipped for susdat (source walk unavailable)
data/usdai_contract.json: as_of=2026-08-26 layers=2 unresolved=3 walk_notes=37
MISSING: /home/danger/security_analyst/topology/assets/susdai.yaml — emit nothing rather than a stale copy
Mon Sep  7 06:08:02 PM CST 2026: axis5 emit skipped for susdai (source walk unavailable)
data/usdm_contract.json: as_of=2026-09-07 layers=10 unresolved=7 walk_notes=35
MISSING: /home/danger/security_analyst/topology/assets/usde.yaml — emit nothing rather than a stale copy
Mon Sep  7 06:08:02 PM CST 2026: axis5 emit skipped for usde (source walk unavailable)
REFUSED: susde.yaml is generator v2.1 output, not a hand-walk. Its own trust banner rates 36.5% of generated rows trustworthy and says `timelock: unresolved` means NOT MEASURED. Axis 5 stays "Not assessed".
Mon Sep  7 06:08:02 PM CST 2026: axis5 emit skipped for susde (source walk unavailable)
data/usds_contract.json: as_of=2026-08-23 layers=2 unresolved=0 walk_notes=21
data/susds_contract.json: as_of=2026-09-07 layers=5 unresolved=2 walk_notes=3
MISSING: /home/danger/security_analyst/topology/assets/thusd.yaml — emit nothing rather than a stale copy
Mon Sep  7 06:08:02 PM CST 2026: axis5 emit skipped for thusd (source walk unavailable)
MISSING: /home/danger/security_analyst/topology/assets/cusd.yaml — emit nothing rather than a stale copy
Mon Sep  7 06:08:02 PM CST 2026: axis5 emit skipped for cusd (source walk unavailable)
data/hastra_prime_contract.json: as_of=2026-07-31 layers=3 unresolved=0 walk_notes=51
data/yzusd_contract.json: as_of=2026-09-06 layers=1 unresolved=3 walk_notes=34
data/syzusd_contract.json: as_of=2026-08-30 layers=3 unresolved=4 walk_notes=31
data/reusd_re_contract.json: as_of=2026-08-30 layers=2 unresolved=3 walk_notes=58
data/reusde_re_contract.json: as_of=2026-09-06 layers=2 unresolved=3 walk_notes=38
From https://github.com/todayindefi/backing-monitor
 * branch                main       -> FETCH_HEAD
MISSING: /home/danger/security_analyst/topology/assets/ousd.yaml — emit nothing rather than a stale copy
Mon Sep  7 07:08:01 PM CST 2026: axis5 emit skipped for ousd (source walk unavailable)
REFUSED: crvusd.yaml is generator v2.1 output, not a hand-walk. Its own trust banner rates 36.5% of generated rows trustworthy and says `timelock: unresolved` means NOT MEASURED. Axis 5 stays "Not assessed".
Mon Sep  7 07:08:01 PM CST 2026: axis5 emit skipped for crvusd (source walk unavailable)
data/usg_contract.json: as_of=2026-09-06 layers=3 unresolved=3 walk_notes=96
MISSING: /home/danger/security_analyst/topology/assets/usdd.yaml — emit nothing rather than a stale copy
Mon Sep  7 07:08:01 PM CST 2026: axis5 emit skipped for usdd (source walk unavailable)
data/syrupusdc_contract.json: as_of=2026-09-06 layers=8 unresolved=3 walk_notes=8
data/syrupusdt_contract.json: as_of=2026-09-06 layers=6 unresolved=3 walk_notes=8
MISSING: /home/danger/security_analyst/topology/assets/apxusd.yaml — emit nothing rather than a stale copy
Mon Sep  7 07:08:01 PM CST 2026: axis5 emit skipped for apxusd (source walk unavailable)
REFUSED: apyusd.yaml is generator v1.7 output, not a hand-walk. Its own trust banner rates 36.5% of generated rows trustworthy and says `timelock: unresolved` means NOT MEASURED. Axis 5 stays "Not assessed".
Mon Sep  7 07:08:01 PM CST 2026: axis5 emit skipped for apyusd (source walk unavailable)
MISSING: /home/danger/security_analyst/topology/assets/strc.yaml — emit nothing rather than a stale copy
Mon Sep  7 07:08:01 PM CST 2026: axis5 emit skipped for strc (source walk unavailable)
MISSING: /home/danger/security_analyst/topology/assets/mstr.yaml — emit nothing rather than a stale copy
Mon Sep  7 07:08:01 PM CST 2026: axis5 emit skipped for mstr (source walk unavailable)
MISSING: /home/danger/security_analyst/topology/assets/bmnr.yaml — emit nothing rather than a stale copy
Mon Sep  7 07:08:01 PM CST 2026: axis5 emit skipped for bmnr (source walk unavailable)
REFUSED: usdat.yaml is generator v1.7 output, not a hand-walk. Its own trust banner rates 36.5% of generated rows trustworthy and says `timelock: unresolved` means NOT MEASURED. Axis 5 stays "Not assessed".
Mon Sep  7 07:08:01 PM CST 2026: axis5 emit skipped for usdat (source walk unavailable)
MISSING: /home/danger/security_analyst/topology/assets/susdat.yaml — emit nothing rather than a stale copy
Mon Sep  7 07:08:01 PM CST 2026: axis5 emit skipped for susdat (source walk unavailable)
data/usdai_contract.json: as_of=2026-08-26 layers=2 unresolved=3 walk_notes=37
MISSING: /home/danger/security_analyst/topology/assets/susdai.yaml — emit nothing rather than a stale copy
Mon Sep  7 07:08:01 PM CST 2026: axis5 emit skipped for susdai (source walk unavailable)
data/usdm_contract.json: as_of=2026-09-07 layers=10 unresolved=7 walk_notes=35
MISSING: /home/danger/security_analyst/topology/assets/usde.yaml — emit nothing rather than a stale copy
Mon Sep  7 07:08:02 PM CST 2026: axis5 emit skipped for usde (source walk unavailable)
REFUSED: susde.yaml is generator v2.1 output, not a hand-walk. Its own trust banner rates 36.5% of generated rows trustworthy and says `timelock: unresolved` means NOT MEASURED. Axis 5 stays "Not assessed".
Mon Sep  7 07:08:02 PM CST 2026: axis5 emit skipped for susde (source walk unavailable)
data/usds_contract.json: as_of=2026-08-23 layers=2 unresolved=0 walk_notes=21
data/susds_contract.json: as_of=2026-09-07 layers=5 unresolved=2 walk_notes=3
MISSING: /home/danger/security_analyst/topology/assets/thusd.yaml — emit nothing rather than a stale copy
Mon Sep  7 07:08:02 PM CST 2026: axis5 emit skipped for thusd (source walk unavailable)
MISSING: /home/danger/security_analyst/topology/assets/cusd.yaml — emit nothing rather than a stale copy
Mon Sep  7 07:08:02 PM CST 2026: axis5 emit skipped for cusd (source walk unavailable)
data/hastra_prime_contract.json: as_of=2026-07-31 layers=3 unresolved=0 walk_notes=51
data/yzusd_contract.json: as_of=2026-09-06 layers=1 unresolved=3 walk_notes=34
data/syzusd_contract.json: as_of=2026-08-30 layers=3 unresolved=4 walk_notes=31
data/reusd_re_contract.json: as_of=2026-08-30 layers=2 unresolved=3 walk_notes=58
data/reusde_re_contract.json: as_of=2026-09-06 layers=2 unresolved=3 walk_notes=38
From https://github.com/todayindefi/backing-monitor
 * branch                main       -> FETCH_HEAD
MISSING: /home/danger/security_analyst/topology/assets/ousd.yaml — emit nothing rather than a stale copy
Mon Sep  7 08:08:01 PM CST 2026: axis5 emit skipped for ousd (source walk unavailable)
REFUSED: crvusd.yaml is generator v2.1 output, not a hand-walk. Its own trust banner rates 36.5% of generated rows trustworthy and says `timelock: unresolved` means NOT MEASURED. Axis 5 stays "Not assessed".
Mon Sep  7 08:08:01 PM CST 2026: axis5 emit skipped for crvusd (source walk unavailable)
data/usg_contract.json: as_of=2026-09-06 layers=3 unresolved=3 walk_notes=96
MISSING: /home/danger/security_analyst/topology/assets/usdd.yaml — emit nothing rather than a stale copy
Mon Sep  7 08:08:01 PM CST 2026: axis5 emit skipped for usdd (source walk unavailable)
data/syrupusdc_contract.json: as_of=2026-09-06 layers=8 unresolved=3 walk_notes=8
data/syrupusdt_contract.json: as_of=2026-09-06 layers=6 unresolved=3 walk_notes=8
MISSING: /home/danger/security_analyst/topology/assets/apxusd.yaml — emit nothing rather than a stale copy
Mon Sep  7 08:08:01 PM CST 2026: axis5 emit skipped for apxusd (source walk unavailable)
REFUSED: apyusd.yaml is generator v1.7 output, not a hand-walk. Its own trust banner rates 36.5% of generated rows trustworthy and says `timelock: unresolved` means NOT MEASURED. Axis 5 stays "Not assessed".
Mon Sep  7 08:08:01 PM CST 2026: axis5 emit skipped for apyusd (source walk unavailable)
MISSING: /home/danger/security_analyst/topology/assets/strc.yaml — emit nothing rather than a stale copy
Mon Sep  7 08:08:01 PM CST 2026: axis5 emit skipped for strc (source walk unavailable)
MISSING: /home/danger/security_analyst/topology/assets/mstr.yaml — emit nothing rather than a stale copy
Mon Sep  7 08:08:01 PM CST 2026: axis5 emit skipped for mstr (source walk unavailable)
MISSING: /home/danger/security_analyst/topology/assets/bmnr.yaml — emit nothing rather than a stale copy
Mon Sep  7 08:08:01 PM CST 2026: axis5 emit skipped for bmnr (source walk unavailable)
REFUSED: usdat.yaml is generator v1.7 output, not a hand-walk. Its own trust banner rates 36.5% of generated rows trustworthy and says `timelock: unresolved` means NOT MEASURED. Axis 5 stays "Not assessed".
Mon Sep  7 08:08:01 PM CST 2026: axis5 emit skipped for usdat (source walk unavailable)
MISSING: /home/danger/security_analyst/topology/assets/susdat.yaml — emit nothing rather than a stale copy
Mon Sep  7 08:08:01 PM CST 2026: axis5 emit skipped for susdat (source walk unavailable)
data/usdai_contract.json: as_of=2026-08-26 layers=2 unresolved=3 walk_notes=37
MISSING: /home/danger/security_analyst/topology/assets/susdai.yaml — emit nothing rather than a stale copy
Mon Sep  7 08:08:02 PM CST 2026: axis5 emit skipped for susdai (source walk unavailable)
data/usdm_contract.json: as_of=2026-09-07 layers=10 unresolved=7 walk_notes=35
MISSING: /home/danger/security_analyst/topology/assets/usde.yaml — emit nothing rather than a stale copy
Mon Sep  7 08:08:02 PM CST 2026: axis5 emit skipped for usde (source walk unavailable)
REFUSED: susde.yaml is generator v2.1 output, not a hand-walk. Its own trust banner rates 36.5% of generated rows trustworthy and says `timelock: unresolved` means NOT MEASURED. Axis 5 stays "Not assessed".
Mon Sep  7 08:08:02 PM CST 2026: axis5 emit skipped for susde (source walk unavailable)
data/usds_contract.json: as_of=2026-08-23 layers=2 unresolved=0 walk_notes=21
data/susds_contract.json: as_of=2026-09-07 layers=5 unresolved=2 walk_notes=3
MISSING: /home/danger/security_analyst/topology/assets/thusd.yaml — emit nothing rather than a stale copy
Mon Sep  7 08:08:02 PM CST 2026: axis5 emit skipped for thusd (source walk unavailable)
MISSING: /home/danger/security_analyst/topology/assets/cusd.yaml — emit nothing rather than a stale copy
Mon Sep  7 08:08:02 PM CST 2026: axis5 emit skipped for cusd (source walk unavailable)
data/hastra_prime_contract.json: as_of=2026-07-31 layers=3 unresolved=0 walk_notes=51
data/yzusd_contract.json: as_of=2026-09-06 layers=1 unresolved=3 walk_notes=34
data/syzusd_contract.json: as_of=2026-08-30 layers=3 unresolved=4 walk_notes=31
data/reusd_re_contract.json: as_of=2026-08-30 layers=2 unresolved=3 walk_notes=58
data/reusde_re_contract.json: as_of=2026-09-06 layers=2 unresolved=3 walk_notes=38
From https://github.com/todayindefi/backing-monitor
 * branch                main       -> FETCH_HEAD
MISSING: /home/danger/security_analyst/topology/assets/ousd.yaml — emit nothing rather than a stale copy
Mon Sep  7 09:08:02 PM CST 2026: axis5 emit skipped for ousd (source walk unavailable)
REFUSED: crvusd.yaml is generator v2.1 output, not a hand-walk. Its own trust banner rates 36.5% of generated rows trustworthy and says `timelock: unresolved` means NOT MEASURED. Axis 5 stays "Not assessed".
Mon Sep  7 09:08:02 PM CST 2026: axis5 emit skipped for crvusd (source walk unavailable)
data/usg_contract.json: as_of=2026-09-06 layers=3 unresolved=3 walk_notes=96
MISSING: /home/danger/security_analyst/topology/assets/usdd.yaml — emit nothing rather than a stale copy
Mon Sep  7 09:08:02 PM CST 2026: axis5 emit skipped for usdd (source walk unavailable)
data/syrupusdc_contract.json: as_of=2026-09-06 layers=8 unresolved=3 walk_notes=8
data/syrupusdt_contract.json: as_of=2026-09-06 layers=6 unresolved=3 walk_notes=8
MISSING: /home/danger/security_analyst/topology/assets/apxusd.yaml — emit nothing rather than a stale copy
Mon Sep  7 09:08:02 PM CST 2026: axis5 emit skipped for apxusd (source walk unavailable)
REFUSED: apyusd.yaml is generator v1.7 output, not a hand-walk. Its own trust banner rates 36.5% of generated rows trustworthy and says `timelock: unresolved` means NOT MEASURED. Axis 5 stays "Not assessed".
Mon Sep  7 09:08:02 PM CST 2026: axis5 emit skipped for apyusd (source walk unavailable)
MISSING: /home/danger/security_analyst/topology/assets/strc.yaml — emit nothing rather than a stale copy
Mon Sep  7 09:08:02 PM CST 2026: axis5 emit skipped for strc (source walk unavailable)
MISSING: /home/danger/security_analyst/topology/assets/mstr.yaml — emit nothing rather than a stale copy
Mon Sep  7 09:08:02 PM CST 2026: axis5 emit skipped for mstr (source walk unavailable)
MISSING: /home/danger/security_analyst/topology/assets/bmnr.yaml — emit nothing rather than a stale copy
Mon Sep  7 09:08:02 PM CST 2026: axis5 emit skipped for bmnr (source walk unavailable)
REFUSED: usdat.yaml is generator v1.7 output, not a hand-walk. Its own trust banner rates 36.5% of generated rows trustworthy and says `timelock: unresolved` means NOT MEASURED. Axis 5 stays "Not assessed".
Mon Sep  7 09:08:02 PM CST 2026: axis5 emit skipped for usdat (source walk unavailable)
MISSING: /home/danger/security_analyst/topology/assets/susdat.yaml — emit nothing rather than a stale copy
Mon Sep  7 09:08:02 PM CST 2026: axis5 emit skipped for susdat (source walk unavailable)
data/usdai_contract.json: as_of=2026-08-26 layers=2 unresolved=3 walk_notes=37
MISSING: /home/danger/security_analyst/topology/assets/susdai.yaml — emit nothing rather than a stale copy
Mon Sep  7 09:08:02 PM CST 2026: axis5 emit skipped for susdai (source walk unavailable)
data/usdm_contract.json: as_of=2026-09-07 layers=10 unresolved=7 walk_notes=35
MISSING: /home/danger/security_analyst/topology/assets/usde.yaml — emit nothing rather than a stale copy
Mon Sep  7 09:08:02 PM CST 2026: axis5 emit skipped for usde (source walk unavailable)
REFUSED: susde.yaml is generator v2.1 output, not a hand-walk. Its own trust banner rates 36.5% of generated rows trustworthy and says `timelock: unresolved` means NOT MEASURED. Axis 5 stays "Not assessed".
Mon Sep  7 09:08:02 PM CST 2026: axis5 emit skipped for susde (source walk unavailable)
data/usds_contract.json: as_of=2026-08-23 layers=2 unresolved=0 walk_notes=21
data/susds_contract.json: as_of=2026-09-07 layers=5 unresolved=2 walk_notes=3
MISSING: /home/danger/security_analyst/topology/assets/thusd.yaml — emit nothing rather than a stale copy
Mon Sep  7 09:08:02 PM CST 2026: axis5 emit skipped for thusd (source walk unavailable)
MISSING: /home/danger/security_analyst/topology/assets/cusd.yaml — emit nothing rather than a stale copy
Mon Sep  7 09:08:02 PM CST 2026: axis5 emit skipped for cusd (source walk unavailable)
data/hastra_prime_contract.json: as_of=2026-07-31 layers=3 unresolved=0 walk_notes=51
data/yzusd_contract.json: as_of=2026-09-06 layers=1 unresolved=3 walk_notes=34
data/syzusd_contract.json: as_of=2026-08-30 layers=3 unresolved=4 walk_notes=31
data/reusd_re_contract.json: as_of=2026-08-30 layers=2 unresolved=3 walk_notes=58
data/reusde_re_contract.json: as_of=2026-09-06 layers=2 unresolved=3 walk_notes=38
From https://github.com/todayindefi/backing-monitor
 * branch                main       -> FETCH_HEAD
MISSING: /home/danger/security_analyst/topology/assets/ousd.yaml — emit nothing rather than a stale copy
Mon Sep  7 10:08:01 PM CST 2026: axis5 emit skipped for ousd (source walk unavailable)
REFUSED: crvusd.yaml is generator v2.1 output, not a hand-walk. Its own trust banner rates 36.5% of generated rows trustworthy and says `timelock: unresolved` means NOT MEASURED. Axis 5 stays "Not assessed".
Mon Sep  7 10:08:01 PM CST 2026: axis5 emit skipped for crvusd (source walk unavailable)
data/usg_contract.json: as_of=2026-09-06 layers=3 unresolved=3 walk_notes=96
MISSING: /home/danger/security_analyst/topology/assets/usdd.yaml — emit nothing rather than a stale copy
Mon Sep  7 10:08:01 PM CST 2026: axis5 emit skipped for usdd (source walk unavailable)
data/syrupusdc_contract.json: as_of=2026-09-06 layers=8 unresolved=3 walk_notes=8
data/syrupusdt_contract.json: as_of=2026-09-06 layers=6 unresolved=3 walk_notes=8
MISSING: /home/danger/security_analyst/topology/assets/apxusd.yaml — emit nothing rather than a stale copy
Mon Sep  7 10:08:01 PM CST 2026: axis5 emit skipped for apxusd (source walk unavailable)
REFUSED: apyusd.yaml is generator v1.7 output, not a hand-walk. Its own trust banner rates 36.5% of generated rows trustworthy and says `timelock: unresolved` means NOT MEASURED. Axis 5 stays "Not assessed".
Mon Sep  7 10:08:01 PM CST 2026: axis5 emit skipped for apyusd (source walk unavailable)
MISSING: /home/danger/security_analyst/topology/assets/strc.yaml — emit nothing rather than a stale copy
Mon Sep  7 10:08:01 PM CST 2026: axis5 emit skipped for strc (source walk unavailable)
MISSING: /home/danger/security_analyst/topology/assets/mstr.yaml — emit nothing rather than a stale copy
Mon Sep  7 10:08:01 PM CST 2026: axis5 emit skipped for mstr (source walk unavailable)
MISSING: /home/danger/security_analyst/topology/assets/bmnr.yaml — emit nothing rather than a stale copy
Mon Sep  7 10:08:01 PM CST 2026: axis5 emit skipped for bmnr (source walk unavailable)
REFUSED: usdat.yaml is generator v1.7 output, not a hand-walk. Its own trust banner rates 36.5% of generated rows trustworthy and says `timelock: unresolved` means NOT MEASURED. Axis 5 stays "Not assessed".
Mon Sep  7 10:08:01 PM CST 2026: axis5 emit skipped for usdat (source walk unavailable)
MISSING: /home/danger/security_analyst/topology/assets/susdat.yaml — emit nothing rather than a stale copy
Mon Sep  7 10:08:01 PM CST 2026: axis5 emit skipped for susdat (source walk unavailable)
data/usdai_contract.json: as_of=2026-08-26 layers=2 unresolved=3 walk_notes=37
MISSING: /home/danger/security_analyst/topology/assets/susdai.yaml — emit nothing rather than a stale copy
Mon Sep  7 10:08:01 PM CST 2026: axis5 emit skipped for susdai (source walk unavailable)
data/usdm_contract.json: as_of=2026-09-07 layers=10 unresolved=7 walk_notes=35
MISSING: /home/danger/security_analyst/topology/assets/usde.yaml — emit nothing rather than a stale copy
Mon Sep  7 10:08:01 PM CST 2026: axis5 emit skipped for usde (source walk unavailable)
REFUSED: susde.yaml is generator v2.1 output, not a hand-walk. Its own trust banner rates 36.5% of generated rows trustworthy and says `timelock: unresolved` means NOT MEASURED. Axis 5 stays "Not assessed".
Mon Sep  7 10:08:01 PM CST 2026: axis5 emit skipped for susde (source walk unavailable)
data/usds_contract.json: as_of=2026-08-23 layers=2 unresolved=0 walk_notes=21
data/susds_contract.json: as_of=2026-09-07 layers=5 unresolved=2 walk_notes=3
MISSING: /home/danger/security_analyst/topology/assets/thusd.yaml — emit nothing rather than a stale copy
Mon Sep  7 10:08:01 PM CST 2026: axis5 emit skipped for thusd (source walk unavailable)
MISSING: /home/danger/security_analyst/topology/assets/cusd.yaml — emit nothing rather than a stale copy
Mon Sep  7 10:08:01 PM CST 2026: axis5 emit skipped for cusd (source walk unavailable)
data/hastra_prime_contract.json: as_of=2026-07-31 layers=3 unresolved=0 walk_notes=51
data/yzusd_contract.json: as_of=2026-09-06 layers=1 unresolved=3 walk_notes=34
data/syzusd_contract.json: as_of=2026-08-30 layers=3 unresolved=4 walk_notes=31
data/reusd_re_contract.json: as_of=2026-08-30 layers=2 unresolved=3 walk_notes=58
data/reusde_re_contract.json: as_of=2026-09-06 layers=2 unresolved=3 walk_notes=38
From https://github.com/todayindefi/backing-monitor
 * branch                main       -> FETCH_HEAD
MISSING: /home/danger/security_analyst/topology/assets/ousd.yaml — emit nothing rather than a stale copy
Mon Sep  7 11:08:02 PM CST 2026: axis5 emit skipped for ousd (source walk unavailable)
REFUSED: crvusd.yaml is generator v2.1 output, not a hand-walk. Its own trust banner rates 36.5% of generated rows trustworthy and says `timelock: unresolved` means NOT MEASURED. Axis 5 stays "Not assessed".
Mon Sep  7 11:08:02 PM CST 2026: axis5 emit skipped for crvusd (source walk unavailable)
data/usg_contract.json: as_of=2026-09-06 layers=3 unresolved=3 walk_notes=96
MISSING: /home/danger/security_analyst/topology/assets/usdd.yaml — emit nothing rather than a stale copy
Mon Sep  7 11:08:02 PM CST 2026: axis5 emit skipped for usdd (source walk unavailable)
data/syrupusdc_contract.json: as_of=2026-09-06 layers=8 unresolved=3 walk_notes=8
data/syrupusdt_contract.json: as_of=2026-09-06 layers=6 unresolved=3 walk_notes=8
MISSING: /home/danger/security_analyst/topology/assets/apxusd.yaml — emit nothing rather than a stale copy
Mon Sep  7 11:08:02 PM CST 2026: axis5 emit skipped for apxusd (source walk unavailable)
REFUSED: apyusd.yaml is generator v1.7 output, not a hand-walk. Its own trust banner rates 36.5% of generated rows trustworthy and says `timelock: unresolved` means NOT MEASURED. Axis 5 stays "Not assessed".
Mon Sep  7 11:08:02 PM CST 2026: axis5 emit skipped for apyusd (source walk unavailable)
MISSING: /home/danger/security_analyst/topology/assets/strc.yaml — emit nothing rather than a stale copy
Mon Sep  7 11:08:02 PM CST 2026: axis5 emit skipped for strc (source walk unavailable)
MISSING: /home/danger/security_analyst/topology/assets/mstr.yaml — emit nothing rather than a stale copy
Mon Sep  7 11:08:02 PM CST 2026: axis5 emit skipped for mstr (source walk unavailable)
MISSING: /home/danger/security_analyst/topology/assets/bmnr.yaml — emit nothing rather than a stale copy
Mon Sep  7 11:08:02 PM CST 2026: axis5 emit skipped for bmnr (source walk unavailable)
REFUSED: usdat.yaml is generator v1.7 output, not a hand-walk. Its own trust banner rates 36.5% of generated rows trustworthy and says `timelock: unresolved` means NOT MEASURED. Axis 5 stays "Not assessed".
Mon Sep  7 11:08:02 PM CST 2026: axis5 emit skipped for usdat (source walk unavailable)
MISSING: /home/danger/security_analyst/topology/assets/susdat.yaml — emit nothing rather than a stale copy
Mon Sep  7 11:08:02 PM CST 2026: axis5 emit skipped for susdat (source walk unavailable)
data/usdai_contract.json: as_of=2026-08-26 layers=2 unresolved=3 walk_notes=37
MISSING: /home/danger/security_analyst/topology/assets/susdai.yaml — emit nothing rather than a stale copy
Mon Sep  7 11:08:02 PM CST 2026: axis5 emit skipped for susdai (source walk unavailable)
data/usdm_contract.json: as_of=2026-09-07 layers=10 unresolved=7 walk_notes=35
MISSING: /home/danger/security_analyst/topology/assets/usde.yaml — emit nothing rather than a stale copy
Mon Sep  7 11:08:02 PM CST 2026: axis5 emit skipped for usde (source walk unavailable)
REFUSED: susde.yaml is generator v2.1 output, not a hand-walk. Its own trust banner rates 36.5% of generated rows trustworthy and says `timelock: unresolved` means NOT MEASURED. Axis 5 stays "Not assessed".
Mon Sep  7 11:08:02 PM CST 2026: axis5 emit skipped for susde (source walk unavailable)
data/usds_contract.json: as_of=2026-08-23 layers=2 unresolved=0 walk_notes=21
data/susds_contract.json: as_of=2026-09-07 layers=5 unresolved=2 walk_notes=3
MISSING: /home/danger/security_analyst/topology/assets/thusd.yaml — emit nothing rather than a stale copy
Mon Sep  7 11:08:02 PM CST 2026: axis5 emit skipped for thusd (source walk unavailable)
MISSING: /home/danger/security_analyst/topology/assets/cusd.yaml — emit nothing rather than a stale copy
Mon Sep  7 11:08:02 PM CST 2026: axis5 emit skipped for cusd (source walk unavailable)
data/hastra_prime_contract.json: as_of=2026-07-31 layers=3 unresolved=0 walk_notes=51
data/yzusd_contract.json: as_of=2026-09-06 layers=1 unresolved=3 walk_notes=34
data/syzusd_contract.json: as_of=2026-08-30 layers=3 unresolved=4 walk_notes=31
data/reusd_re_contract.json: as_of=2026-08-30 layers=2 unresolved=3 walk_notes=58
data/reusde_re_contract.json: as_of=2026-09-06 layers=2 unresolved=3 walk_notes=38
From https://github.com/todayindefi/backing-monitor
 * branch                main       -> FETCH_HEAD
MISSING: /home/danger/security_analyst/topology/assets/ousd.yaml — emit nothing rather than a stale copy
Tue Sep  8 12:08:01 AM CST 2026: axis5 emit skipped for ousd (source walk unavailable)
REFUSED: crvusd.yaml is generator v2.1 output, not a hand-walk. Its own trust banner rates 36.5% of generated rows trustworthy and says `timelock: unresolved` means NOT MEASURED. Axis 5 stays "Not assessed".
Tue Sep  8 12:08:02 AM CST 2026: axis5 emit skipped for crvusd (source walk unavailable)
data/usg_contract.json: as_of=2026-09-06 layers=3 unresolved=3 walk_notes=96
MISSING: /home/danger/security_analyst/topology/assets/usdd.yaml — emit nothing rather than a stale copy
Tue Sep  8 12:08:02 AM CST 2026: axis5 emit skipped for usdd (source walk unavailable)
data/syrupusdc_contract.json: as_of=2026-09-06 layers=8 unresolved=3 walk_notes=8
data/syrupusdt_contract.json: as_of=2026-09-06 layers=6 unresolved=3 walk_notes=8
MISSING: /home/danger/security_analyst/topology/assets/apxusd.yaml — emit nothing rather than a stale copy
Tue Sep  8 12:08:02 AM CST 2026: axis5 emit skipped for apxusd (source walk unavailable)
REFUSED: apyusd.yaml is generator v1.7 output, not a hand-walk. Its own trust banner rates 36.5% of generated rows trustworthy and says `timelock: unresolved` means NOT MEASURED. Axis 5 stays "Not assessed".
Tue Sep  8 12:08:02 AM CST 2026: axis5 emit skipped for apyusd (source walk unavailable)
MISSING: /home/danger/security_analyst/topology/assets/strc.yaml — emit nothing rather than a stale copy
Tue Sep  8 12:08:02 AM CST 2026: axis5 emit skipped for strc (source walk unavailable)
MISSING: /home/danger/security_analyst/topology/assets/mstr.yaml — emit nothing rather than a stale copy
Tue Sep  8 12:08:02 AM CST 2026: axis5 emit skipped for mstr (source walk unavailable)
MISSING: /home/danger/security_analyst/topology/assets/bmnr.yaml — emit nothing rather than a stale copy
Tue Sep  8 12:08:02 AM CST 2026: axis5 emit skipped for bmnr (source walk unavailable)
REFUSED: usdat.yaml is generator v1.7 output, not a hand-walk. Its own trust banner rates 36.5% of generated rows trustworthy and says `timelock: unresolved` means NOT MEASURED. Axis 5 stays "Not assessed".
Tue Sep  8 12:08:02 AM CST 2026: axis5 emit skipped for usdat (source walk unavailable)
MISSING: /home/danger/security_analyst/topology/assets/susdat.yaml — emit nothing rather than a stale copy
Tue Sep  8 12:08:02 AM CST 2026: axis5 emit skipped for susdat (source walk unavailable)
data/usdai_contract.json: as_of=2026-08-26 layers=2 unresolved=3 walk_notes=37
MISSING: /home/danger/security_analyst/topology/assets/susdai.yaml — emit nothing rather than a stale copy
Tue Sep  8 12:08:02 AM CST 2026: axis5 emit skipped for susdai (source walk unavailable)
data/usdm_contract.json: as_of=2026-09-07 layers=10 unresolved=7 walk_notes=35
MISSING: /home/danger/security_analyst/topology/assets/usde.yaml — emit nothing rather than a stale copy
Tue Sep  8 12:08:02 AM CST 2026: axis5 emit skipped for usde (source walk unavailable)
REFUSED: susde.yaml is generator v2.1 output, not a hand-walk. Its own trust banner rates 36.5% of generated rows trustworthy and says `timelock: unresolved` means NOT MEASURED. Axis 5 stays "Not assessed".
Tue Sep  8 12:08:02 AM CST 2026: axis5 emit skipped for susde (source walk unavailable)
data/usds_contract.json: as_of=2026-08-23 layers=2 unresolved=0 walk_notes=21
data/susds_contract.json: as_of=2026-09-07 layers=5 unresolved=2 walk_notes=3
MISSING: /home/danger/security_analyst/topology/assets/thusd.yaml — emit nothing rather than a stale copy
Tue Sep  8 12:08:02 AM CST 2026: axis5 emit skipped for thusd (source walk unavailable)
MISSING: /home/danger/security_analyst/topology/assets/cusd.yaml — emit nothing rather than a stale copy
Tue Sep  8 12:08:02 AM CST 2026: axis5 emit skipped for cusd (source walk unavailable)
data/hastra_prime_contract.json: as_of=2026-07-31 layers=3 unresolved=0 walk_notes=51
data/yzusd_contract.json: as_of=2026-09-06 layers=1 unresolved=3 walk_notes=34
data/syzusd_contract.json: as_of=2026-08-30 layers=3 unresolved=4 walk_notes=31
data/reusd_re_contract.json: as_of=2026-08-30 layers=2 unresolved=3 walk_notes=58
data/reusde_re_contract.json: as_of=2026-09-06 layers=2 unresolved=3 walk_notes=38
From https://github.com/todayindefi/backing-monitor
 * branch                main       -> FETCH_HEAD
MISSING: /home/danger/security_analyst/topology/assets/ousd.yaml — emit nothing rather than a stale copy
Tue Sep  8 01:08:01 AM CST 2026: axis5 emit skipped for ousd (source walk unavailable)
REFUSED: crvusd.yaml is generator v2.1 output, not a hand-walk. Its own trust banner rates 36.5% of generated rows trustworthy and says `timelock: unresolved` means NOT MEASURED. Axis 5 stays "Not assessed".
Tue Sep  8 01:08:01 AM CST 2026: axis5 emit skipped for crvusd (source walk unavailable)
data/usg_contract.json: as_of=2026-09-06 layers=3 unresolved=3 walk_notes=96
MISSING: /home/danger/security_analyst/topology/assets/usdd.yaml — emit nothing rather than a stale copy
Tue Sep  8 01:08:01 AM CST 2026: axis5 emit skipped for usdd (source walk unavailable)
data/syrupusdc_contract.json: as_of=2026-09-06 layers=8 unresolved=3 walk_notes=8
data/syrupusdt_contract.json: as_of=2026-09-06 layers=6 unresolved=3 walk_notes=8
MISSING: /home/danger/security_analyst/topology/assets/apxusd.yaml — emit nothing rather than a stale copy
Tue Sep  8 01:08:01 AM CST 2026: axis5 emit skipped for apxusd (source walk unavailable)
REFUSED: apyusd.yaml is generator v1.7 output, not a hand-walk. Its own trust banner rates 36.5% of generated rows trustworthy and says `timelock: unresolved` means NOT MEASURED. Axis 5 stays "Not assessed".
Tue Sep  8 01:08:01 AM CST 2026: axis5 emit skipped for apyusd (source walk unavailable)
MISSING: /home/danger/security_analyst/topology/assets/strc.yaml — emit nothing rather than a stale copy
Tue Sep  8 01:08:01 AM CST 2026: axis5 emit skipped for strc (source walk unavailable)
MISSING: /home/danger/security_analyst/topology/assets/mstr.yaml — emit nothing rather than a stale copy
Tue Sep  8 01:08:01 AM CST 2026: axis5 emit skipped for mstr (source walk unavailable)
MISSING: /home/danger/security_analyst/topology/assets/bmnr.yaml — emit nothing rather than a stale copy
Tue Sep  8 01:08:01 AM CST 2026: axis5 emit skipped for bmnr (source walk unavailable)
REFUSED: usdat.yaml is generator v1.7 output, not a hand-walk. Its own trust banner rates 36.5% of generated rows trustworthy and says `timelock: unresolved` means NOT MEASURED. Axis 5 stays "Not assessed".
Tue Sep  8 01:08:01 AM CST 2026: axis5 emit skipped for usdat (source walk unavailable)
MISSING: /home/danger/security_analyst/topology/assets/susdat.yaml — emit nothing rather than a stale copy
Tue Sep  8 01:08:01 AM CST 2026: axis5 emit skipped for susdat (source walk unavailable)
data/usdai_contract.json: as_of=2026-08-26 layers=2 unresolved=3 walk_notes=37
MISSING: /home/danger/security_analyst/topology/assets/susdai.yaml — emit nothing rather than a stale copy
Tue Sep  8 01:08:01 AM CST 2026: axis5 emit skipped for susdai (source walk unavailable)
data/usdm_contract.json: as_of=2026-09-07 layers=10 unresolved=7 walk_notes=35
MISSING: /home/danger/security_analyst/topology/assets/usde.yaml — emit nothing rather than a stale copy
Tue Sep  8 01:08:01 AM CST 2026: axis5 emit skipped for usde (source walk unavailable)
REFUSED: susde.yaml is generator v2.1 output, not a hand-walk. Its own trust banner rates 36.5% of generated rows trustworthy and says `timelock: unresolved` means NOT MEASURED. Axis 5 stays "Not assessed".
Tue Sep  8 01:08:01 AM CST 2026: axis5 emit skipped for susde (source walk unavailable)
data/usds_contract.json: as_of=2026-08-23 layers=2 unresolved=0 walk_notes=21
data/susds_contract.json: as_of=2026-09-07 layers=5 unresolved=2 walk_notes=3
MISSING: /home/danger/security_analyst/topology/assets/thusd.yaml — emit nothing rather than a stale copy
Tue Sep  8 01:08:01 AM CST 2026: axis5 emit skipped for thusd (source walk unavailable)
MISSING: /home/danger/security_analyst/topology/assets/cusd.yaml — emit nothing rather than a stale copy
Tue Sep  8 01:08:01 AM CST 2026: axis5 emit skipped for cusd (source walk unavailable)
data/hastra_prime_contract.json: as_of=2026-07-31 layers=3 unresolved=0 walk_notes=51
data/yzusd_contract.json: as_of=2026-09-06 layers=1 unresolved=3 walk_notes=34
data/syzusd_contract.json: as_of=2026-08-30 layers=3 unresolved=4 walk_notes=31
data/reusd_re_contract.json: as_of=2026-08-30 layers=2 unresolved=3 walk_notes=58
data/reusde_re_contract.json: as_of=2026-09-06 layers=2 unresolved=3 walk_notes=38
From https://github.com/todayindefi/backing-monitor
 * branch                main       -> FETCH_HEAD
MISSING: /home/danger/security_analyst/topology/assets/ousd.yaml — emit nothing rather than a stale copy
Tue Sep  8 02:08:01 AM CST 2026: axis5 emit skipped for ousd (source walk unavailable)
REFUSED: crvusd.yaml is generator v2.1 output, not a hand-walk. Its own trust banner rates 36.5% of generated rows trustworthy and says `timelock: unresolved` means NOT MEASURED. Axis 5 stays "Not assessed".
Tue Sep  8 02:08:01 AM CST 2026: axis5 emit skipped for crvusd (source walk unavailable)
data/usg_contract.json: as_of=2026-09-06 layers=3 unresolved=3 walk_notes=96
MISSING: /home/danger/security_analyst/topology/assets/usdd.yaml — emit nothing rather than a stale copy
Tue Sep  8 02:08:01 AM CST 2026: axis5 emit skipped for usdd (source walk unavailable)
data/syrupusdc_contract.json: as_of=2026-09-06 layers=8 unresolved=3 walk_notes=8
data/syrupusdt_contract.json: as_of=2026-09-06 layers=6 unresolved=3 walk_notes=8
MISSING: /home/danger/security_analyst/topology/assets/apxusd.yaml — emit nothing rather than a stale copy
Tue Sep  8 02:08:01 AM CST 2026: axis5 emit skipped for apxusd (source walk unavailable)
REFUSED: apyusd.yaml is generator v1.7 output, not a hand-walk. Its own trust banner rates 36.5% of generated rows trustworthy and says `timelock: unresolved` means NOT MEASURED. Axis 5 stays "Not assessed".
Tue Sep  8 02:08:01 AM CST 2026: axis5 emit skipped for apyusd (source walk unavailable)
MISSING: /home/danger/security_analyst/topology/assets/strc.yaml — emit nothing rather than a stale copy
Tue Sep  8 02:08:01 AM CST 2026: axis5 emit skipped for strc (source walk unavailable)
MISSING: /home/danger/security_analyst/topology/assets/mstr.yaml — emit nothing rather than a stale copy
Tue Sep  8 02:08:01 AM CST 2026: axis5 emit skipped for mstr (source walk unavailable)
MISSING: /home/danger/security_analyst/topology/assets/bmnr.yaml — emit nothing rather than a stale copy
Tue Sep  8 02:08:02 AM CST 2026: axis5 emit skipped for bmnr (source walk unavailable)
REFUSED: usdat.yaml is generator v1.7 output, not a hand-walk. Its own trust banner rates 36.5% of generated rows trustworthy and says `timelock: unresolved` means NOT MEASURED. Axis 5 stays "Not assessed".
Tue Sep  8 02:08:02 AM CST 2026: axis5 emit skipped for usdat (source walk unavailable)
MISSING: /home/danger/security_analyst/topology/assets/susdat.yaml — emit nothing rather than a stale copy
Tue Sep  8 02:08:02 AM CST 2026: axis5 emit skipped for susdat (source walk unavailable)
data/usdai_contract.json: as_of=2026-08-26 layers=2 unresolved=3 walk_notes=37
MISSING: /home/danger/security_analyst/topology/assets/susdai.yaml — emit nothing rather than a stale copy
Tue Sep  8 02:08:02 AM CST 2026: axis5 emit skipped for susdai (source walk unavailable)
data/usdm_contract.json: as_of=2026-09-07 layers=10 unresolved=7 walk_notes=35
MISSING: /home/danger/security_analyst/topology/assets/usde.yaml — emit nothing rather than a stale copy
Tue Sep  8 02:08:02 AM CST 2026: axis5 emit skipped for usde (source walk unavailable)
REFUSED: susde.yaml is generator v2.1 output, not a hand-walk. Its own trust banner rates 36.5% of generated rows trustworthy and says `timelock: unresolved` means NOT MEASURED. Axis 5 stays "Not assessed".
Tue Sep  8 02:08:02 AM CST 2026: axis5 emit skipped for susde (source walk unavailable)
data/usds_contract.json: as_of=2026-08-23 layers=2 unresolved=0 walk_notes=21
data/susds_contract.json: as_of=2026-09-07 layers=5 unresolved=2 walk_notes=3
MISSING: /home/danger/security_analyst/topology/assets/thusd.yaml — emit nothing rather than a stale copy
Tue Sep  8 02:08:02 AM CST 2026: axis5 emit skipped for thusd (source walk unavailable)
MISSING: /home/danger/security_analyst/topology/assets/cusd.yaml — emit nothing rather than a stale copy
Tue Sep  8 02:08:02 AM CST 2026: axis5 emit skipped for cusd (source walk unavailable)
data/hastra_prime_contract.json: as_of=2026-07-31 layers=3 unresolved=0 walk_notes=51
data/yzusd_contract.json: as_of=2026-09-06 layers=1 unresolved=3 walk_notes=34
data/syzusd_contract.json: as_of=2026-08-30 layers=3 unresolved=4 walk_notes=31
data/reusd_re_contract.json: as_of=2026-08-30 layers=2 unresolved=3 walk_notes=58
data/reusde_re_contract.json: as_of=2026-09-06 layers=2 unresolved=3 walk_notes=38
From https://github.com/todayindefi/backing-monitor
 * branch                main       -> FETCH_HEAD
MISSING: /home/danger/security_analyst/topology/assets/ousd.yaml — emit nothing rather than a stale copy
Tue Sep  8 03:08:01 AM CST 2026: axis5 emit skipped for ousd (source walk unavailable)
REFUSED: crvusd.yaml is generator v2.1 output, not a hand-walk. Its own trust banner rates 36.5% of generated rows trustworthy and says `timelock: unresolved` means NOT MEASURED. Axis 5 stays "Not assessed".
Tue Sep  8 03:08:01 AM CST 2026: axis5 emit skipped for crvusd (source walk unavailable)
data/usg_contract.json: as_of=2026-09-06 layers=3 unresolved=3 walk_notes=96
MISSING: /home/danger/security_analyst/topology/assets/usdd.yaml — emit nothing rather than a stale copy
Tue Sep  8 03:08:01 AM CST 2026: axis5 emit skipped for usdd (source walk unavailable)
data/syrupusdc_contract.json: as_of=2026-09-06 layers=8 unresolved=3 walk_notes=8
data/syrupusdt_contract.json: as_of=2026-09-06 layers=6 unresolved=3 walk_notes=8
MISSING: /home/danger/security_analyst/topology/assets/apxusd.yaml — emit nothing rather than a stale copy
Tue Sep  8 03:08:01 AM CST 2026: axis5 emit skipped for apxusd (source walk unavailable)
REFUSED: apyusd.yaml is generator v1.7 output, not a hand-walk. Its own trust banner rates 36.5% of generated rows trustworthy and says `timelock: unresolved` means NOT MEASURED. Axis 5 stays "Not assessed".
Tue Sep  8 03:08:01 AM CST 2026: axis5 emit skipped for apyusd (source walk unavailable)
MISSING: /home/danger/security_analyst/topology/assets/strc.yaml — emit nothing rather than a stale copy
Tue Sep  8 03:08:01 AM CST 2026: axis5 emit skipped for strc (source walk unavailable)
MISSING: /home/danger/security_analyst/topology/assets/mstr.yaml — emit nothing rather than a stale copy
Tue Sep  8 03:08:01 AM CST 2026: axis5 emit skipped for mstr (source walk unavailable)
MISSING: /home/danger/security_analyst/topology/assets/bmnr.yaml — emit nothing rather than a stale copy
Tue Sep  8 03:08:01 AM CST 2026: axis5 emit skipped for bmnr (source walk unavailable)
REFUSED: usdat.yaml is generator v1.7 output, not a hand-walk. Its own trust banner rates 36.5% of generated rows trustworthy and says `timelock: unresolved` means NOT MEASURED. Axis 5 stays "Not assessed".
Tue Sep  8 03:08:01 AM CST 2026: axis5 emit skipped for usdat (source walk unavailable)
MISSING: /home/danger/security_analyst/topology/assets/susdat.yaml — emit nothing rather than a stale copy
Tue Sep  8 03:08:01 AM CST 2026: axis5 emit skipped for susdat (source walk unavailable)
data/usdai_contract.json: as_of=2026-08-26 layers=2 unresolved=3 walk_notes=37
MISSING: /home/danger/security_analyst/topology/assets/susdai.yaml — emit nothing rather than a stale copy
Tue Sep  8 03:08:01 AM CST 2026: axis5 emit skipped for susdai (source walk unavailable)
data/usdm_contract.json: as_of=2026-09-07 layers=10 unresolved=7 walk_notes=35
MISSING: /home/danger/security_analyst/topology/assets/usde.yaml — emit nothing rather than a stale copy
Tue Sep  8 03:08:01 AM CST 2026: axis5 emit skipped for usde (source walk unavailable)
REFUSED: susde.yaml is generator v2.1 output, not a hand-walk. Its own trust banner rates 36.5% of generated rows trustworthy and says `timelock: unresolved` means NOT MEASURED. Axis 5 stays "Not assessed".
Tue Sep  8 03:08:01 AM CST 2026: axis5 emit skipped for susde (source walk unavailable)
data/usds_contract.json: as_of=2026-08-23 layers=2 unresolved=0 walk_notes=21
data/susds_contract.json: as_of=2026-09-07 layers=5 unresolved=2 walk_notes=3
MISSING: /home/danger/security_analyst/topology/assets/thusd.yaml — emit nothing rather than a stale copy
Tue Sep  8 03:08:01 AM CST 2026: axis5 emit skipped for thusd (source walk unavailable)
MISSING: /home/danger/security_analyst/topology/assets/cusd.yaml — emit nothing rather than a stale copy
Tue Sep  8 03:08:01 AM CST 2026: axis5 emit skipped for cusd (source walk unavailable)
data/hastra_prime_contract.json: as_of=2026-07-31 layers=3 unresolved=0 walk_notes=51
data/yzusd_contract.json: as_of=2026-09-06 layers=1 unresolved=3 walk_notes=34
data/syzusd_contract.json: as_of=2026-08-30 layers=3 unresolved=4 walk_notes=31
data/reusd_re_contract.json: as_of=2026-08-30 layers=2 unresolved=3 walk_notes=58
data/reusde_re_contract.json: as_of=2026-09-06 layers=2 unresolved=3 walk_notes=38
From https://github.com/todayindefi/backing-monitor
 * branch                main       -> FETCH_HEAD
MISSING: /home/danger/security_analyst/topology/assets/ousd.yaml — emit nothing rather than a stale copy
Tue Sep  8 04:08:01 AM CST 2026: axis5 emit skipped for ousd (source walk unavailable)
REFUSED: crvusd.yaml is generator v2.1 output, not a hand-walk. Its own trust banner rates 36.5% of generated rows trustworthy and says `timelock: unresolved` means NOT MEASURED. Axis 5 stays "Not assessed".
Tue Sep  8 04:08:01 AM CST 2026: axis5 emit skipped for crvusd (source walk unavailable)
data/usg_contract.json: as_of=2026-09-06 layers=3 unresolved=3 walk_notes=96
MISSING: /home/danger/security_analyst/topology/assets/usdd.yaml — emit nothing rather than a stale copy
Tue Sep  8 04:08:01 AM CST 2026: axis5 emit skipped for usdd (source walk unavailable)
data/syrupusdc_contract.json: as_of=2026-09-06 layers=8 unresolved=3 walk_notes=8
data/syrupusdt_contract.json: as_of=2026-09-06 layers=6 unresolved=3 walk_notes=8
MISSING: /home/danger/security_analyst/topology/assets/apxusd.yaml — emit nothing rather than a stale copy
Tue Sep  8 04:08:01 AM CST 2026: axis5 emit skipped for apxusd (source walk unavailable)
REFUSED: apyusd.yaml is generator v1.7 output, not a hand-walk. Its own trust banner rates 36.5% of generated rows trustworthy and says `timelock: unresolved` means NOT MEASURED. Axis 5 stays "Not assessed".
Tue Sep  8 04:08:01 AM CST 2026: axis5 emit skipped for apyusd (source walk unavailable)
MISSING: /home/danger/security_analyst/topology/assets/strc.yaml — emit nothing rather than a stale copy
Tue Sep  8 04:08:01 AM CST 2026: axis5 emit skipped for strc (source walk unavailable)
MISSING: /home/danger/security_analyst/topology/assets/mstr.yaml — emit nothing rather than a stale copy
Tue Sep  8 04:08:01 AM CST 2026: axis5 emit skipped for mstr (source walk unavailable)
MISSING: /home/danger/security_analyst/topology/assets/bmnr.yaml — emit nothing rather than a stale copy
Tue Sep  8 04:08:01 AM CST 2026: axis5 emit skipped for bmnr (source walk unavailable)
REFUSED: usdat.yaml is generator v1.7 output, not a hand-walk. Its own trust banner rates 36.5% of generated rows trustworthy and says `timelock: unresolved` means NOT MEASURED. Axis 5 stays "Not assessed".
Tue Sep  8 04:08:02 AM CST 2026: axis5 emit skipped for usdat (source walk unavailable)
MISSING: /home/danger/security_analyst/topology/assets/susdat.yaml — emit nothing rather than a stale copy
Tue Sep  8 04:08:02 AM CST 2026: axis5 emit skipped for susdat (source walk unavailable)
data/usdai_contract.json: as_of=2026-08-26 layers=2 unresolved=3 walk_notes=37
MISSING: /home/danger/security_analyst/topology/assets/susdai.yaml — emit nothing rather than a stale copy
Tue Sep  8 04:08:02 AM CST 2026: axis5 emit skipped for susdai (source walk unavailable)
data/usdm_contract.json: as_of=2026-09-07 layers=10 unresolved=7 walk_notes=35
MISSING: /home/danger/security_analyst/topology/assets/usde.yaml — emit nothing rather than a stale copy
Tue Sep  8 04:08:02 AM CST 2026: axis5 emit skipped for usde (source walk unavailable)
REFUSED: susde.yaml is generator v2.1 output, not a hand-walk. Its own trust banner rates 36.5% of generated rows trustworthy and says `timelock: unresolved` means NOT MEASURED. Axis 5 stays "Not assessed".
Tue Sep  8 04:08:02 AM CST 2026: axis5 emit skipped for susde (source walk unavailable)
data/usds_contract.json: as_of=2026-08-23 layers=2 unresolved=0 walk_notes=21
data/susds_contract.json: as_of=2026-09-07 layers=5 unresolved=2 walk_notes=3
MISSING: /home/danger/security_analyst/topology/assets/thusd.yaml — emit nothing rather than a stale copy
Tue Sep  8 04:08:02 AM CST 2026: axis5 emit skipped for thusd (source walk unavailable)
MISSING: /home/danger/security_analyst/topology/assets/cusd.yaml — emit nothing rather than a stale copy
Tue Sep  8 04:08:02 AM CST 2026: axis5 emit skipped for cusd (source walk unavailable)
data/hastra_prime_contract.json: as_of=2026-07-31 layers=3 unresolved=0 walk_notes=51
data/yzusd_contract.json: as_of=2026-09-06 layers=1 unresolved=3 walk_notes=34
data/syzusd_contract.json: as_of=2026-08-30 layers=3 unresolved=4 walk_notes=31
data/reusd_re_contract.json: as_of=2026-08-30 layers=2 unresolved=3 walk_notes=58
data/reusde_re_contract.json: as_of=2026-09-06 layers=2 unresolved=3 walk_notes=38
From https://github.com/todayindefi/backing-monitor
 * branch                main       -> FETCH_HEAD
MISSING: /home/danger/security_analyst/topology/assets/ousd.yaml — emit nothing rather than a stale copy
Tue Sep  8 05:08:02 AM CST 2026: axis5 emit skipped for ousd (source walk unavailable)
REFUSED: crvusd.yaml is generator v2.1 output, not a hand-walk. Its own trust banner rates 36.5% of generated rows trustworthy and says `timelock: unresolved` means NOT MEASURED. Axis 5 stays "Not assessed".
Tue Sep  8 05:08:02 AM CST 2026: axis5 emit skipped for crvusd (source walk unavailable)
data/usg_contract.json: as_of=2026-09-06 layers=3 unresolved=3 walk_notes=96
MISSING: /home/danger/security_analyst/topology/assets/usdd.yaml — emit nothing rather than a stale copy
Tue Sep  8 05:08:02 AM CST 2026: axis5 emit skipped for usdd (source walk unavailable)
data/syrupusdc_contract.json: as_of=2026-09-06 layers=8 unresolved=3 walk_notes=8
data/syrupusdt_contract.json: as_of=2026-09-06 layers=6 unresolved=3 walk_notes=8
MISSING: /home/danger/security_analyst/topology/assets/apxusd.yaml — emit nothing rather than a stale copy
Tue Sep  8 05:08:02 AM CST 2026: axis5 emit skipped for apxusd (source walk unavailable)
REFUSED: apyusd.yaml is generator v1.7 output, not a hand-walk. Its own trust banner rates 36.5% of generated rows trustworthy and says `timelock: unresolved` means NOT MEASURED. Axis 5 stays "Not assessed".
Tue Sep  8 05:08:02 AM CST 2026: axis5 emit skipped for apyusd (source walk unavailable)
MISSING: /home/danger/security_analyst/topology/assets/strc.yaml — emit nothing rather than a stale copy
Tue Sep  8 05:08:02 AM CST 2026: axis5 emit skipped for strc (source walk unavailable)
MISSING: /home/danger/security_analyst/topology/assets/mstr.yaml — emit nothing rather than a stale copy
Tue Sep  8 05:08:02 AM CST 2026: axis5 emit skipped for mstr (source walk unavailable)
MISSING: /home/danger/security_analyst/topology/assets/bmnr.yaml — emit nothing rather than a stale copy
Tue Sep  8 05:08:02 AM CST 2026: axis5 emit skipped for bmnr (source walk unavailable)
REFUSED: usdat.yaml is generator v1.7 output, not a hand-walk. Its own trust banner rates 36.5% of generated rows trustworthy and says `timelock: unresolved` means NOT MEASURED. Axis 5 stays "Not assessed".
Tue Sep  8 05:08:02 AM CST 2026: axis5 emit skipped for usdat (source walk unavailable)
MISSING: /home/danger/security_analyst/topology/assets/susdat.yaml — emit nothing rather than a stale copy
Tue Sep  8 05:08:02 AM CST 2026: axis5 emit skipped for susdat (source walk unavailable)
data/usdai_contract.json: as_of=2026-08-26 layers=2 unresolved=3 walk_notes=37
MISSING: /home/danger/security_analyst/topology/assets/susdai.yaml — emit nothing rather than a stale copy
Tue Sep  8 05:08:02 AM CST 2026: axis5 emit skipped for susdai (source walk unavailable)
data/usdm_contract.json: as_of=2026-09-07 layers=10 unresolved=7 walk_notes=35
MISSING: /home/danger/security_analyst/topology/assets/usde.yaml — emit nothing rather than a stale copy
Tue Sep  8 05:08:02 AM CST 2026: axis5 emit skipped for usde (source walk unavailable)
REFUSED: susde.yaml is generator v2.1 output, not a hand-walk. Its own trust banner rates 36.5% of generated rows trustworthy and says `timelock: unresolved` means NOT MEASURED. Axis 5 stays "Not assessed".
Tue Sep  8 05:08:02 AM CST 2026: axis5 emit skipped for susde (source walk unavailable)
data/usds_contract.json: as_of=2026-08-23 layers=2 unresolved=0 walk_notes=21
data/susds_contract.json: as_of=2026-09-07 layers=5 unresolved=2 walk_notes=3
MISSING: /home/danger/security_analyst/topology/assets/thusd.yaml — emit nothing rather than a stale copy
Tue Sep  8 05:08:02 AM CST 2026: axis5 emit skipped for thusd (source walk unavailable)
MISSING: /home/danger/security_analyst/topology/assets/cusd.yaml — emit nothing rather than a stale copy
Tue Sep  8 05:08:02 AM CST 2026: axis5 emit skipped for cusd (source walk unavailable)
data/hastra_prime_contract.json: as_of=2026-07-31 layers=3 unresolved=0 walk_notes=51
data/yzusd_contract.json: as_of=2026-09-06 layers=1 unresolved=3 walk_notes=34
data/syzusd_contract.json: as_of=2026-08-30 layers=3 unresolved=4 walk_notes=31
data/reusd_re_contract.json: as_of=2026-08-30 layers=2 unresolved=3 walk_notes=58
data/reusde_re_contract.json: as_of=2026-09-06 layers=2 unresolved=3 walk_notes=38
From https://github.com/todayindefi/backing-monitor
 * branch                main       -> FETCH_HEAD
MISSING: /home/danger/security_analyst/topology/assets/ousd.yaml — emit nothing rather than a stale copy
Tue Sep  8 06:08:02 AM CST 2026: axis5 emit skipped for ousd (source walk unavailable)
REFUSED: crvusd.yaml is generator v2.1 output, not a hand-walk. Its own trust banner rates 36.5% of generated rows trustworthy and says `timelock: unresolved` means NOT MEASURED. Axis 5 stays "Not assessed".
Tue Sep  8 06:08:02 AM CST 2026: axis5 emit skipped for crvusd (source walk unavailable)
data/usg_contract.json: as_of=2026-09-06 layers=3 unresolved=3 walk_notes=96
MISSING: /home/danger/security_analyst/topology/assets/usdd.yaml — emit nothing rather than a stale copy
Tue Sep  8 06:08:02 AM CST 2026: axis5 emit skipped for usdd (source walk unavailable)
data/syrupusdc_contract.json: as_of=2026-09-06 layers=8 unresolved=3 walk_notes=8
data/syrupusdt_contract.json: as_of=2026-09-06 layers=6 unresolved=3 walk_notes=8
MISSING: /home/danger/security_analyst/topology/assets/apxusd.yaml — emit nothing rather than a stale copy
Tue Sep  8 06:08:02 AM CST 2026: axis5 emit skipped for apxusd (source walk unavailable)
REFUSED: apyusd.yaml is generator v1.7 output, not a hand-walk. Its own trust banner rates 36.5% of generated rows trustworthy and says `timelock: unresolved` means NOT MEASURED. Axis 5 stays "Not assessed".
Tue Sep  8 06:08:02 AM CST 2026: axis5 emit skipped for apyusd (source walk unavailable)
MISSING: /home/danger/security_analyst/topology/assets/strc.yaml — emit nothing rather than a stale copy
Tue Sep  8 06:08:02 AM CST 2026: axis5 emit skipped for strc (source walk unavailable)
MISSING: /home/danger/security_analyst/topology/assets/mstr.yaml — emit nothing rather than a stale copy
Tue Sep  8 06:08:02 AM CST 2026: axis5 emit skipped for mstr (source walk unavailable)
MISSING: /home/danger/security_analyst/topology/assets/bmnr.yaml — emit nothing rather than a stale copy
Tue Sep  8 06:08:02 AM CST 2026: axis5 emit skipped for bmnr (source walk unavailable)
REFUSED: usdat.yaml is generator v1.7 output, not a hand-walk. Its own trust banner rates 36.5% of generated rows trustworthy and says `timelock: unresolved` means NOT MEASURED. Axis 5 stays "Not assessed".
Tue Sep  8 06:08:02 AM CST 2026: axis5 emit skipped for usdat (source walk unavailable)
MISSING: /home/danger/security_analyst/topology/assets/susdat.yaml — emit nothing rather than a stale copy
Tue Sep  8 06:08:02 AM CST 2026: axis5 emit skipped for susdat (source walk unavailable)
data/usdai_contract.json: as_of=2026-08-26 layers=2 unresolved=3 walk_notes=37
MISSING: /home/danger/security_analyst/topology/assets/susdai.yaml — emit nothing rather than a stale copy
Tue Sep  8 06:08:02 AM CST 2026: axis5 emit skipped for susdai (source walk unavailable)
data/usdm_contract.json: as_of=2026-09-07 layers=10 unresolved=7 walk_notes=35
MISSING: /home/danger/security_analyst/topology/assets/usde.yaml — emit nothing rather than a stale copy
Tue Sep  8 06:08:02 AM CST 2026: axis5 emit skipped for usde (source walk unavailable)
REFUSED: susde.yaml is generator v2.1 output, not a hand-walk. Its own trust banner rates 36.5% of generated rows trustworthy and says `timelock: unresolved` means NOT MEASURED. Axis 5 stays "Not assessed".
Tue Sep  8 06:08:02 AM CST 2026: axis5 emit skipped for susde (source walk unavailable)
data/usds_contract.json: as_of=2026-08-23 layers=2 unresolved=0 walk_notes=21
data/susds_contract.json: as_of=2026-09-07 layers=5 unresolved=2 walk_notes=3
MISSING: /home/danger/security_analyst/topology/assets/thusd.yaml — emit nothing rather than a stale copy
Tue Sep  8 06:08:02 AM CST 2026: axis5 emit skipped for thusd (source walk unavailable)
MISSING: /home/danger/security_analyst/topology/assets/cusd.yaml — emit nothing rather than a stale copy
Tue Sep  8 06:08:02 AM CST 2026: axis5 emit skipped for cusd (source walk unavailable)
data/hastra_prime_contract.json: as_of=2026-07-31 layers=3 unresolved=0 walk_notes=51
data/yzusd_contract.json: as_of=2026-09-06 layers=1 unresolved=3 walk_notes=34
data/syzusd_contract.json: as_of=2026-08-30 layers=3 unresolved=4 walk_notes=31
data/reusd_re_contract.json: as_of=2026-08-30 layers=2 unresolved=3 walk_notes=58
data/reusde_re_contract.json: as_of=2026-09-06 layers=2 unresolved=3 walk_notes=38
From https://github.com/todayindefi/backing-monitor
 * branch                main       -> FETCH_HEAD
MISSING: /home/danger/security_analyst/topology/assets/ousd.yaml — emit nothing rather than a stale copy
Tue Sep  8 07:08:01 AM CST 2026: axis5 emit skipped for ousd (source walk unavailable)
REFUSED: crvusd.yaml is generator v2.1 output, not a hand-walk. Its own trust banner rates 36.5% of generated rows trustworthy and says `timelock: unresolved` means NOT MEASURED. Axis 5 stays "Not assessed".
Tue Sep  8 07:08:01 AM CST 2026: axis5 emit skipped for crvusd (source walk unavailable)
data/usg_contract.json: as_of=2026-09-06 layers=3 unresolved=3 walk_notes=96
MISSING: /home/danger/security_analyst/topology/assets/usdd.yaml — emit nothing rather than a stale copy
Tue Sep  8 07:08:01 AM CST 2026: axis5 emit skipped for usdd (source walk unavailable)
data/syrupusdc_contract.json: as_of=2026-09-06 layers=8 unresolved=3 walk_notes=8
data/syrupusdt_contract.json: as_of=2026-09-06 layers=6 unresolved=3 walk_notes=8
MISSING: /home/danger/security_analyst/topology/assets/apxusd.yaml — emit nothing rather than a stale copy
Tue Sep  8 07:08:01 AM CST 2026: axis5 emit skipped for apxusd (source walk unavailable)
REFUSED: apyusd.yaml is generator v1.7 output, not a hand-walk. Its own trust banner rates 36.5% of generated rows trustworthy and says `timelock: unresolved` means NOT MEASURED. Axis 5 stays "Not assessed".
Tue Sep  8 07:08:02 AM CST 2026: axis5 emit skipped for apyusd (source walk unavailable)
MISSING: /home/danger/security_analyst/topology/assets/strc.yaml — emit nothing rather than a stale copy
Tue Sep  8 07:08:02 AM CST 2026: axis5 emit skipped for strc (source walk unavailable)
MISSING: /home/danger/security_analyst/topology/assets/mstr.yaml — emit nothing rather than a stale copy
Tue Sep  8 07:08:02 AM CST 2026: axis5 emit skipped for mstr (source walk unavailable)
MISSING: /home/danger/security_analyst/topology/assets/bmnr.yaml — emit nothing rather than a stale copy
Tue Sep  8 07:08:02 AM CST 2026: axis5 emit skipped for bmnr (source walk unavailable)
REFUSED: usdat.yaml is generator v1.7 output, not a hand-walk. Its own trust banner rates 36.5% of generated rows trustworthy and says `timelock: unresolved` means NOT MEASURED. Axis 5 stays "Not assessed".
Tue Sep  8 07:08:02 AM CST 2026: axis5 emit skipped for usdat (source walk unavailable)
MISSING: /home/danger/security_analyst/topology/assets/susdat.yaml — emit nothing rather than a stale copy
Tue Sep  8 07:08:02 AM CST 2026: axis5 emit skipped for susdat (source walk unavailable)
data/usdai_contract.json: as_of=2026-08-26 layers=2 unresolved=3 walk_notes=37
MISSING: /home/danger/security_analyst/topology/assets/susdai.yaml — emit nothing rather than a stale copy
Tue Sep  8 07:08:02 AM CST 2026: axis5 emit skipped for susdai (source walk unavailable)
data/usdm_contract.json: as_of=2026-09-07 layers=10 unresolved=7 walk_notes=35
MISSING: /home/danger/security_analyst/topology/assets/usde.yaml — emit nothing rather than a stale copy
Tue Sep  8 07:08:02 AM CST 2026: axis5 emit skipped for usde (source walk unavailable)
REFUSED: susde.yaml is generator v2.1 output, not a hand-walk. Its own trust banner rates 36.5% of generated rows trustworthy and says `timelock: unresolved` means NOT MEASURED. Axis 5 stays "Not assessed".
Tue Sep  8 07:08:02 AM CST 2026: axis5 emit skipped for susde (source walk unavailable)
data/usds_contract.json: as_of=2026-08-23 layers=2 unresolved=0 walk_notes=21
data/susds_contract.json: as_of=2026-09-07 layers=5 unresolved=2 walk_notes=3
MISSING: /home/danger/security_analyst/topology/assets/thusd.yaml — emit nothing rather than a stale copy
Tue Sep  8 07:08:02 AM CST 2026: axis5 emit skipped for thusd (source walk unavailable)
MISSING: /home/danger/security_analyst/topology/assets/cusd.yaml — emit nothing rather than a stale copy
Tue Sep  8 07:08:02 AM CST 2026: axis5 emit skipped for cusd (source walk unavailable)
data/hastra_prime_contract.json: as_of=2026-07-31 layers=3 unresolved=0 walk_notes=51
data/yzusd_contract.json: as_of=2026-09-06 layers=1 unresolved=3 walk_notes=34
data/syzusd_contract.json: as_of=2026-08-30 layers=3 unresolved=4 walk_notes=31
data/reusd_re_contract.json: as_of=2026-08-30 layers=2 unresolved=3 walk_notes=58
data/reusde_re_contract.json: as_of=2026-09-06 layers=2 unresolved=3 walk_notes=38
From https://github.com/todayindefi/backing-monitor
 * branch                main       -> FETCH_HEAD
MISSING: /home/danger/security_analyst/topology/assets/ousd.yaml — emit nothing rather than a stale copy
Tue Sep  8 08:08:01 AM CST 2026: axis5 emit skipped for ousd (source walk unavailable)
REFUSED: crvusd.yaml is generator v2.1 output, not a hand-walk. Its own trust banner rates 36.5% of generated rows trustworthy and says `timelock: unresolved` means NOT MEASURED. Axis 5 stays "Not assessed".
Tue Sep  8 08:08:01 AM CST 2026: axis5 emit skipped for crvusd (source walk unavailable)
data/usg_contract.json: as_of=2026-09-06 layers=3 unresolved=3 walk_notes=96
MISSING: /home/danger/security_analyst/topology/assets/usdd.yaml — emit nothing rather than a stale copy
Tue Sep  8 08:08:01 AM CST 2026: axis5 emit skipped for usdd (source walk unavailable)
data/syrupusdc_contract.json: as_of=2026-09-06 layers=8 unresolved=3 walk_notes=8
data/syrupusdt_contract.json: as_of=2026-09-06 layers=6 unresolved=3 walk_notes=8
MISSING: /home/danger/security_analyst/topology/assets/apxusd.yaml — emit nothing rather than a stale copy
Tue Sep  8 08:08:01 AM CST 2026: axis5 emit skipped for apxusd (source walk unavailable)
REFUSED: apyusd.yaml is generator v1.7 output, not a hand-walk. Its own trust banner rates 36.5% of generated rows trustworthy and says `timelock: unresolved` means NOT MEASURED. Axis 5 stays "Not assessed".
Tue Sep  8 08:08:01 AM CST 2026: axis5 emit skipped for apyusd (source walk unavailable)
MISSING: /home/danger/security_analyst/topology/assets/strc.yaml — emit nothing rather than a stale copy
Tue Sep  8 08:08:01 AM CST 2026: axis5 emit skipped for strc (source walk unavailable)
MISSING: /home/danger/security_analyst/topology/assets/mstr.yaml — emit nothing rather than a stale copy
Tue Sep  8 08:08:01 AM CST 2026: axis5 emit skipped for mstr (source walk unavailable)
MISSING: /home/danger/security_analyst/topology/assets/bmnr.yaml — emit nothing rather than a stale copy
Tue Sep  8 08:08:01 AM CST 2026: axis5 emit skipped for bmnr (source walk unavailable)
REFUSED: usdat.yaml is generator v1.7 output, not a hand-walk. Its own trust banner rates 36.5% of generated rows trustworthy and says `timelock: unresolved` means NOT MEASURED. Axis 5 stays "Not assessed".
Tue Sep  8 08:08:01 AM CST 2026: axis5 emit skipped for usdat (source walk unavailable)
MISSING: /home/danger/security_analyst/topology/assets/susdat.yaml — emit nothing rather than a stale copy
Tue Sep  8 08:08:01 AM CST 2026: axis5 emit skipped for susdat (source walk unavailable)
data/usdai_contract.json: as_of=2026-08-26 layers=2 unresolved=3 walk_notes=37
MISSING: /home/danger/security_analyst/topology/assets/susdai.yaml — emit nothing rather than a stale copy
Tue Sep  8 08:08:01 AM CST 2026: axis5 emit skipped for susdai (source walk unavailable)
data/usdm_contract.json: as_of=2026-09-07 layers=10 unresolved=7 walk_notes=35
MISSING: /home/danger/security_analyst/topology/assets/usde.yaml — emit nothing rather than a stale copy
Tue Sep  8 08:08:01 AM CST 2026: axis5 emit skipped for usde (source walk unavailable)
REFUSED: susde.yaml is generator v2.1 output, not a hand-walk. Its own trust banner rates 36.5% of generated rows trustworthy and says `timelock: unresolved` means NOT MEASURED. Axis 5 stays "Not assessed".
Tue Sep  8 08:08:01 AM CST 2026: axis5 emit skipped for susde (source walk unavailable)
data/usds_contract.json: as_of=2026-08-23 layers=2 unresolved=0 walk_notes=21
data/susds_contract.json: as_of=2026-09-07 layers=5 unresolved=2 walk_notes=3
MISSING: /home/danger/security_analyst/topology/assets/thusd.yaml — emit nothing rather than a stale copy
Tue Sep  8 08:08:01 AM CST 2026: axis5 emit skipped for thusd (source walk unavailable)
MISSING: /home/danger/security_analyst/topology/assets/cusd.yaml — emit nothing rather than a stale copy
Tue Sep  8 08:08:01 AM CST 2026: axis5 emit skipped for cusd (source walk unavailable)
data/hastra_prime_contract.json: as_of=2026-07-31 layers=3 unresolved=0 walk_notes=51
data/yzusd_contract.json: as_of=2026-09-06 layers=1 unresolved=3 walk_notes=34
data/syzusd_contract.json: as_of=2026-08-30 layers=3 unresolved=4 walk_notes=31
data/reusd_re_contract.json: as_of=2026-08-30 layers=2 unresolved=3 walk_notes=58
data/reusde_re_contract.json: as_of=2026-09-06 layers=2 unresolved=3 walk_notes=38
From https://github.com/todayindefi/backing-monitor
 * branch                main       -> FETCH_HEAD
MISSING: /home/danger/security_analyst/topology/assets/ousd.yaml — emit nothing rather than a stale copy
Tue Sep  8 09:08:01 AM CST 2026: axis5 emit skipped for ousd (source walk unavailable)
REFUSED: crvusd.yaml is generator v2.1 output, not a hand-walk. Its own trust banner rates 36.5% of generated rows trustworthy and says `timelock: unresolved` means NOT MEASURED. Axis 5 stays "Not assessed".
Tue Sep  8 09:08:01 AM CST 2026: axis5 emit skipped for crvusd (source walk unavailable)
data/usg_contract.json: as_of=2026-09-06 layers=3 unresolved=3 walk_notes=96
MISSING: /home/danger/security_analyst/topology/assets/usdd.yaml — emit nothing rather than a stale copy
Tue Sep  8 09:08:01 AM CST 2026: axis5 emit skipped for usdd (source walk unavailable)
data/syrupusdc_contract.json: as_of=2026-09-06 layers=8 unresolved=3 walk_notes=8
data/syrupusdt_contract.json: as_of=2026-09-06 layers=6 unresolved=3 walk_notes=8
MISSING: /home/danger/security_analyst/topology/assets/apxusd.yaml — emit nothing rather than a stale copy
Tue Sep  8 09:08:01 AM CST 2026: axis5 emit skipped for apxusd (source walk unavailable)
REFUSED: apyusd.yaml is generator v1.7 output, not a hand-walk. Its own trust banner rates 36.5% of generated rows trustworthy and says `timelock: unresolved` means NOT MEASURED. Axis 5 stays "Not assessed".
Tue Sep  8 09:08:01 AM CST 2026: axis5 emit skipped for apyusd (source walk unavailable)
MISSING: /home/danger/security_analyst/topology/assets/strc.yaml — emit nothing rather than a stale copy
Tue Sep  8 09:08:01 AM CST 2026: axis5 emit skipped for strc (source walk unavailable)
MISSING: /home/danger/security_analyst/topology/assets/mstr.yaml — emit nothing rather than a stale copy
Tue Sep  8 09:08:01 AM CST 2026: axis5 emit skipped for mstr (source walk unavailable)
MISSING: /home/danger/security_analyst/topology/assets/bmnr.yaml — emit nothing rather than a stale copy
Tue Sep  8 09:08:02 AM CST 2026: axis5 emit skipped for bmnr (source walk unavailable)
REFUSED: usdat.yaml is generator v1.7 output, not a hand-walk. Its own trust banner rates 36.5% of generated rows trustworthy and says `timelock: unresolved` means NOT MEASURED. Axis 5 stays "Not assessed".
Tue Sep  8 09:08:02 AM CST 2026: axis5 emit skipped for usdat (source walk unavailable)
MISSING: /home/danger/security_analyst/topology/assets/susdat.yaml — emit nothing rather than a stale copy
Tue Sep  8 09:08:02 AM CST 2026: axis5 emit skipped for susdat (source walk unavailable)
data/usdai_contract.json: as_of=2026-08-26 layers=2 unresolved=3 walk_notes=37
MISSING: /home/danger/security_analyst/topology/assets/susdai.yaml — emit nothing rather than a stale copy
Tue Sep  8 09:08:02 AM CST 2026: axis5 emit skipped for susdai (source walk unavailable)
data/usdm_contract.json: as_of=2026-09-07 layers=10 unresolved=7 walk_notes=35
MISSING: /home/danger/security_analyst/topology/assets/usde.yaml — emit nothing rather than a stale copy
Tue Sep  8 09:08:02 AM CST 2026: axis5 emit skipped for usde (source walk unavailable)
REFUSED: susde.yaml is generator v2.1 output, not a hand-walk. Its own trust banner rates 36.5% of generated rows trustworthy and says `timelock: unresolved` means NOT MEASURED. Axis 5 stays "Not assessed".
Tue Sep  8 09:08:02 AM CST 2026: axis5 emit skipped for susde (source walk unavailable)
data/usds_contract.json: as_of=2026-08-23 layers=2 unresolved=0 walk_notes=21
data/susds_contract.json: as_of=2026-09-07 layers=5 unresolved=2 walk_notes=3
MISSING: /home/danger/security_analyst/topology/assets/thusd.yaml — emit nothing rather than a stale copy
Tue Sep  8 09:08:02 AM CST 2026: axis5 emit skipped for thusd (source walk unavailable)
MISSING: /home/danger/security_analyst/topology/assets/cusd.yaml — emit nothing rather than a stale copy
Tue Sep  8 09:08:02 AM CST 2026: axis5 emit skipped for cusd (source walk unavailable)
data/hastra_prime_contract.json: as_of=2026-07-31 layers=3 unresolved=0 walk_notes=51
data/yzusd_contract.json: as_of=2026-09-06 layers=1 unresolved=3 walk_notes=34
data/syzusd_contract.json: as_of=2026-08-30 layers=3 unresolved=4 walk_notes=31
data/reusd_re_contract.json: as_of=2026-08-30 layers=2 unresolved=3 walk_notes=58
data/reusde_re_contract.json: as_of=2026-09-06 layers=2 unresolved=3 walk_notes=38
From https://github.com/todayindefi/backing-monitor
 * branch                main       -> FETCH_HEAD
MISSING: /home/danger/security_analyst/topology/assets/ousd.yaml — emit nothing rather than a stale copy
Tue Sep  8 10:08:01 AM CST 2026: axis5 emit skipped for ousd (source walk unavailable)
REFUSED: crvusd.yaml is generator v2.1 output, not a hand-walk. Its own trust banner rates 36.5% of generated rows trustworthy and says `timelock: unresolved` means NOT MEASURED. Axis 5 stays "Not assessed".
Tue Sep  8 10:08:01 AM CST 2026: axis5 emit skipped for crvusd (source walk unavailable)
data/usg_contract.json: as_of=2026-09-06 layers=3 unresolved=3 walk_notes=96
MISSING: /home/danger/security_analyst/topology/assets/usdd.yaml — emit nothing rather than a stale copy
Tue Sep  8 10:08:01 AM CST 2026: axis5 emit skipped for usdd (source walk unavailable)
data/syrupusdc_contract.json: as_of=2026-09-06 layers=8 unresolved=3 walk_notes=8
data/syrupusdt_contract.json: as_of=2026-09-06 layers=6 unresolved=3 walk_notes=8
MISSING: /home/danger/security_analyst/topology/assets/apxusd.yaml — emit nothing rather than a stale copy
Tue Sep  8 10:08:01 AM CST 2026: axis5 emit skipped for apxusd (source walk unavailable)
REFUSED: apyusd.yaml is generator v1.7 output, not a hand-walk. Its own trust banner rates 36.5% of generated rows trustworthy and says `timelock: unresolved` means NOT MEASURED. Axis 5 stays "Not assessed".
Tue Sep  8 10:08:01 AM CST 2026: axis5 emit skipped for apyusd (source walk unavailable)
MISSING: /home/danger/security_analyst/topology/assets/strc.yaml — emit nothing rather than a stale copy
Tue Sep  8 10:08:01 AM CST 2026: axis5 emit skipped for strc (source walk unavailable)
MISSING: /home/danger/security_analyst/topology/assets/mstr.yaml — emit nothing rather than a stale copy
Tue Sep  8 10:08:01 AM CST 2026: axis5 emit skipped for mstr (source walk unavailable)
MISSING: /home/danger/security_analyst/topology/assets/bmnr.yaml — emit nothing rather than a stale copy
Tue Sep  8 10:08:01 AM CST 2026: axis5 emit skipped for bmnr (source walk unavailable)
REFUSED: usdat.yaml is generator v1.7 output, not a hand-walk. Its own trust banner rates 36.5% of generated rows trustworthy and says `timelock: unresolved` means NOT MEASURED. Axis 5 stays "Not assessed".
Tue Sep  8 10:08:01 AM CST 2026: axis5 emit skipped for usdat (source walk unavailable)
MISSING: /home/danger/security_analyst/topology/assets/susdat.yaml — emit nothing rather than a stale copy
Tue Sep  8 10:08:01 AM CST 2026: axis5 emit skipped for susdat (source walk unavailable)
data/usdai_contract.json: as_of=2026-08-26 layers=2 unresolved=3 walk_notes=37
MISSING: /home/danger/security_analyst/topology/assets/susdai.yaml — emit nothing rather than a stale copy
Tue Sep  8 10:08:01 AM CST 2026: axis5 emit skipped for susdai (source walk unavailable)
data/usdm_contract.json: as_of=2026-09-07 layers=10 unresolved=7 walk_notes=35
MISSING: /home/danger/security_analyst/topology/assets/usde.yaml — emit nothing rather than a stale copy
Tue Sep  8 10:08:01 AM CST 2026: axis5 emit skipped for usde (source walk unavailable)
REFUSED: susde.yaml is generator v2.1 output, not a hand-walk. Its own trust banner rates 36.5% of generated rows trustworthy and says `timelock: unresolved` means NOT MEASURED. Axis 5 stays "Not assessed".
Tue Sep  8 10:08:01 AM CST 2026: axis5 emit skipped for susde (source walk unavailable)
data/usds_contract.json: as_of=2026-08-23 layers=2 unresolved=0 walk_notes=21
data/susds_contract.json: as_of=2026-09-07 layers=5 unresolved=2 walk_notes=3
MISSING: /home/danger/security_analyst/topology/assets/thusd.yaml — emit nothing rather than a stale copy
Tue Sep  8 10:08:01 AM CST 2026: axis5 emit skipped for thusd (source walk unavailable)
MISSING: /home/danger/security_analyst/topology/assets/cusd.yaml — emit nothing rather than a stale copy
Tue Sep  8 10:08:02 AM CST 2026: axis5 emit skipped for cusd (source walk unavailable)
data/hastra_prime_contract.json: as_of=2026-07-31 layers=3 unresolved=0 walk_notes=51
data/yzusd_contract.json: as_of=2026-09-06 layers=1 unresolved=3 walk_notes=34
data/syzusd_contract.json: as_of=2026-08-30 layers=3 unresolved=4 walk_notes=31
data/reusd_re_contract.json: as_of=2026-08-30 layers=2 unresolved=3 walk_notes=58
data/reusde_re_contract.json: as_of=2026-09-06 layers=2 unresolved=3 walk_notes=38
From https://github.com/todayindefi/backing-monitor
 * branch                main       -> FETCH_HEAD
MISSING: /home/danger/security_analyst/topology/assets/ousd.yaml — emit nothing rather than a stale copy
Tue Sep  8 11:08:01 AM CST 2026: axis5 emit skipped for ousd (source walk unavailable)
REFUSED: crvusd.yaml is generator v2.1 output, not a hand-walk. Its own trust banner rates 36.5% of generated rows trustworthy and says `timelock: unresolved` means NOT MEASURED. Axis 5 stays "Not assessed".
Tue Sep  8 11:08:01 AM CST 2026: axis5 emit skipped for crvusd (source walk unavailable)
data/usg_contract.json: as_of=2026-09-06 layers=3 unresolved=3 walk_notes=96
MISSING: /home/danger/security_analyst/topology/assets/usdd.yaml — emit nothing rather than a stale copy
Tue Sep  8 11:08:01 AM CST 2026: axis5 emit skipped for usdd (source walk unavailable)
data/syrupusdc_contract.json: as_of=2026-09-06 layers=8 unresolved=3 walk_notes=8
data/syrupusdt_contract.json: as_of=2026-09-06 layers=6 unresolved=3 walk_notes=8
MISSING: /home/danger/security_analyst/topology/assets/apxusd.yaml — emit nothing rather than a stale copy
Tue Sep  8 11:08:01 AM CST 2026: axis5 emit skipped for apxusd (source walk unavailable)
REFUSED: apyusd.yaml is generator v1.7 output, not a hand-walk. Its own trust banner rates 36.5% of generated rows trustworthy and says `timelock: unresolved` means NOT MEASURED. Axis 5 stays "Not assessed".
Tue Sep  8 11:08:01 AM CST 2026: axis5 emit skipped for apyusd (source walk unavailable)
MISSING: /home/danger/security_analyst/topology/assets/strc.yaml — emit nothing rather than a stale copy
Tue Sep  8 11:08:01 AM CST 2026: axis5 emit skipped for strc (source walk unavailable)
MISSING: /home/danger/security_analyst/topology/assets/mstr.yaml — emit nothing rather than a stale copy
Tue Sep  8 11:08:01 AM CST 2026: axis5 emit skipped for mstr (source walk unavailable)
MISSING: /home/danger/security_analyst/topology/assets/bmnr.yaml — emit nothing rather than a stale copy
Tue Sep  8 11:08:01 AM CST 2026: axis5 emit skipped for bmnr (source walk unavailable)
REFUSED: usdat.yaml is generator v1.7 output, not a hand-walk. Its own trust banner rates 36.5% of generated rows trustworthy and says `timelock: unresolved` means NOT MEASURED. Axis 5 stays "Not assessed".
Tue Sep  8 11:08:01 AM CST 2026: axis5 emit skipped for usdat (source walk unavailable)
MISSING: /home/danger/security_analyst/topology/assets/susdat.yaml — emit nothing rather than a stale copy
Tue Sep  8 11:08:01 AM CST 2026: axis5 emit skipped for susdat (source walk unavailable)
data/usdai_contract.json: as_of=2026-08-26 layers=2 unresolved=3 walk_notes=37
MISSING: /home/danger/security_analyst/topology/assets/susdai.yaml — emit nothing rather than a stale copy
Tue Sep  8 11:08:01 AM CST 2026: axis5 emit skipped for susdai (source walk unavailable)
data/usdm_contract.json: as_of=2026-09-07 layers=10 unresolved=7 walk_notes=35
MISSING: /home/danger/security_analyst/topology/assets/usde.yaml — emit nothing rather than a stale copy
Tue Sep  8 11:08:01 AM CST 2026: axis5 emit skipped for usde (source walk unavailable)
REFUSED: susde.yaml is generator v2.1 output, not a hand-walk. Its own trust banner rates 36.5% of generated rows trustworthy and says `timelock: unresolved` means NOT MEASURED. Axis 5 stays "Not assessed".
Tue Sep  8 11:08:01 AM CST 2026: axis5 emit skipped for susde (source walk unavailable)
data/usds_contract.json: as_of=2026-08-23 layers=2 unresolved=0 walk_notes=21
data/susds_contract.json: as_of=2026-09-07 layers=5 unresolved=2 walk_notes=3
MISSING: /home/danger/security_analyst/topology/assets/thusd.yaml — emit nothing rather than a stale copy
Tue Sep  8 11:08:01 AM CST 2026: axis5 emit skipped for thusd (source walk unavailable)
MISSING: /home/danger/security_analyst/topology/assets/cusd.yaml — emit nothing rather than a stale copy
Tue Sep  8 11:08:01 AM CST 2026: axis5 emit skipped for cusd (source walk unavailable)
data/hastra_prime_contract.json: as_of=2026-07-31 layers=3 unresolved=0 walk_notes=51
data/yzusd_contract.json: as_of=2026-09-06 layers=1 unresolved=3 walk_notes=34
data/syzusd_contract.json: as_of=2026-08-30 layers=3 unresolved=4 walk_notes=31
data/reusd_re_contract.json: as_of=2026-08-30 layers=2 unresolved=3 walk_notes=58
data/reusde_re_contract.json: as_of=2026-09-06 layers=2 unresolved=3 walk_notes=38
From https://github.com/todayindefi/backing-monitor
 * branch                main       -> FETCH_HEAD
MISSING: /home/danger/security_analyst/topology/assets/ousd.yaml — emit nothing rather than a stale copy
Tue Sep  8 12:08:01 PM CST 2026: axis5 emit skipped for ousd (source walk unavailable)
REFUSED: crvusd.yaml is generator v2.1 output, not a hand-walk. Its own trust banner rates 36.5% of generated rows trustworthy and says `timelock: unresolved` means NOT MEASURED. Axis 5 stays "Not assessed".
Tue Sep  8 12:08:01 PM CST 2026: axis5 emit skipped for crvusd (source walk unavailable)
data/usg_contract.json: as_of=2026-09-06 layers=3 unresolved=3 walk_notes=96
MISSING: /home/danger/security_analyst/topology/assets/usdd.yaml — emit nothing rather than a stale copy
Tue Sep  8 12:08:01 PM CST 2026: axis5 emit skipped for usdd (source walk unavailable)
data/syrupusdc_contract.json: as_of=2026-09-06 layers=8 unresolved=3 walk_notes=8
data/syrupusdt_contract.json: as_of=2026-09-06 layers=6 unresolved=3 walk_notes=8
MISSING: /home/danger/security_analyst/topology/assets/apxusd.yaml — emit nothing rather than a stale copy
Tue Sep  8 12:08:01 PM CST 2026: axis5 emit skipped for apxusd (source walk unavailable)
REFUSED: apyusd.yaml is generator v1.7 output, not a hand-walk. Its own trust banner rates 36.5% of generated rows trustworthy and says `timelock: unresolved` means NOT MEASURED. Axis 5 stays "Not assessed".
Tue Sep  8 12:08:02 PM CST 2026: axis5 emit skipped for apyusd (source walk unavailable)
MISSING: /home/danger/security_analyst/topology/assets/strc.yaml — emit nothing rather than a stale copy
Tue Sep  8 12:08:02 PM CST 2026: axis5 emit skipped for strc (source walk unavailable)
MISSING: /home/danger/security_analyst/topology/assets/mstr.yaml — emit nothing rather than a stale copy
Tue Sep  8 12:08:02 PM CST 2026: axis5 emit skipped for mstr (source walk unavailable)
MISSING: /home/danger/security_analyst/topology/assets/bmnr.yaml — emit nothing rather than a stale copy
Tue Sep  8 12:08:02 PM CST 2026: axis5 emit skipped for bmnr (source walk unavailable)
REFUSED: usdat.yaml is generator v1.7 output, not a hand-walk. Its own trust banner rates 36.5% of generated rows trustworthy and says `timelock: unresolved` means NOT MEASURED. Axis 5 stays "Not assessed".
Tue Sep  8 12:08:02 PM CST 2026: axis5 emit skipped for usdat (source walk unavailable)
MISSING: /home/danger/security_analyst/topology/assets/susdat.yaml — emit nothing rather than a stale copy
Tue Sep  8 12:08:02 PM CST 2026: axis5 emit skipped for susdat (source walk unavailable)
data/usdai_contract.json: as_of=2026-08-26 layers=2 unresolved=3 walk_notes=37
MISSING: /home/danger/security_analyst/topology/assets/susdai.yaml — emit nothing rather than a stale copy
Tue Sep  8 12:08:02 PM CST 2026: axis5 emit skipped for susdai (source walk unavailable)
data/usdm_contract.json: as_of=2026-09-07 layers=10 unresolved=7 walk_notes=35
MISSING: /home/danger/security_analyst/topology/assets/usde.yaml — emit nothing rather than a stale copy
Tue Sep  8 12:08:02 PM CST 2026: axis5 emit skipped for usde (source walk unavailable)
REFUSED: susde.yaml is generator v2.1 output, not a hand-walk. Its own trust banner rates 36.5% of generated rows trustworthy and says `timelock: unresolved` means NOT MEASURED. Axis 5 stays "Not assessed".
Tue Sep  8 12:08:02 PM CST 2026: axis5 emit skipped for susde (source walk unavailable)
data/usds_contract.json: as_of=2026-08-23 layers=2 unresolved=0 walk_notes=21
data/susds_contract.json: as_of=2026-09-07 layers=5 unresolved=2 walk_notes=3
MISSING: /home/danger/security_analyst/topology/assets/thusd.yaml — emit nothing rather than a stale copy
Tue Sep  8 12:08:02 PM CST 2026: axis5 emit skipped for thusd (source walk unavailable)
MISSING: /home/danger/security_analyst/topology/assets/cusd.yaml — emit nothing rather than a stale copy
Tue Sep  8 12:08:02 PM CST 2026: axis5 emit skipped for cusd (source walk unavailable)
data/hastra_prime_contract.json: as_of=2026-07-31 layers=3 unresolved=0 walk_notes=51
data/yzusd_contract.json: as_of=2026-09-06 layers=1 unresolved=3 walk_notes=34
data/syzusd_contract.json: as_of=2026-08-30 layers=3 unresolved=4 walk_notes=31
data/reusd_re_contract.json: as_of=2026-08-30 layers=2 unresolved=3 walk_notes=58
data/reusde_re_contract.json: as_of=2026-09-06 layers=2 unresolved=3 walk_notes=38
From https://github.com/todayindefi/backing-monitor
 * branch                main       -> FETCH_HEAD
MISSING: /home/danger/security_analyst/topology/assets/ousd.yaml — emit nothing rather than a stale copy
Tue Sep  8 01:08:01 PM CST 2026: axis5 emit skipped for ousd (source walk unavailable)
REFUSED: crvusd.yaml is generator v2.1 output, not a hand-walk. Its own trust banner rates 36.5% of generated rows trustworthy and says `timelock: unresolved` means NOT MEASURED. Axis 5 stays "Not assessed".
Tue Sep  8 01:08:01 PM CST 2026: axis5 emit skipped for crvusd (source walk unavailable)
data/usg_contract.json: as_of=2026-09-06 layers=3 unresolved=3 walk_notes=96
MISSING: /home/danger/security_analyst/topology/assets/usdd.yaml — emit nothing rather than a stale copy
Tue Sep  8 01:08:01 PM CST 2026: axis5 emit skipped for usdd (source walk unavailable)
data/syrupusdc_contract.json: as_of=2026-09-06 layers=8 unresolved=3 walk_notes=8
data/syrupusdt_contract.json: as_of=2026-09-06 layers=6 unresolved=3 walk_notes=8
MISSING: /home/danger/security_analyst/topology/assets/apxusd.yaml — emit nothing rather than a stale copy
Tue Sep  8 01:08:02 PM CST 2026: axis5 emit skipped for apxusd (source walk unavailable)
REFUSED: apyusd.yaml is generator v1.7 output, not a hand-walk. Its own trust banner rates 36.5% of generated rows trustworthy and says `timelock: unresolved` means NOT MEASURED. Axis 5 stays "Not assessed".
Tue Sep  8 01:08:02 PM CST 2026: axis5 emit skipped for apyusd (source walk unavailable)
MISSING: /home/danger/security_analyst/topology/assets/strc.yaml — emit nothing rather than a stale copy
Tue Sep  8 01:08:02 PM CST 2026: axis5 emit skipped for strc (source walk unavailable)
MISSING: /home/danger/security_analyst/topology/assets/mstr.yaml — emit nothing rather than a stale copy
Tue Sep  8 01:08:02 PM CST 2026: axis5 emit skipped for mstr (source walk unavailable)
MISSING: /home/danger/security_analyst/topology/assets/bmnr.yaml — emit nothing rather than a stale copy
Tue Sep  8 01:08:02 PM CST 2026: axis5 emit skipped for bmnr (source walk unavailable)
REFUSED: usdat.yaml is generator v1.7 output, not a hand-walk. Its own trust banner rates 36.5% of generated rows trustworthy and says `timelock: unresolved` means NOT MEASURED. Axis 5 stays "Not assessed".
Tue Sep  8 01:08:02 PM CST 2026: axis5 emit skipped for usdat (source walk unavailable)
MISSING: /home/danger/security_analyst/topology/assets/susdat.yaml — emit nothing rather than a stale copy
Tue Sep  8 01:08:02 PM CST 2026: axis5 emit skipped for susdat (source walk unavailable)
data/usdai_contract.json: as_of=2026-08-26 layers=2 unresolved=3 walk_notes=37
MISSING: /home/danger/security_analyst/topology/assets/susdai.yaml — emit nothing rather than a stale copy
Tue Sep  8 01:08:02 PM CST 2026: axis5 emit skipped for susdai (source walk unavailable)
data/usdm_contract.json: as_of=2026-09-07 layers=10 unresolved=7 walk_notes=35
MISSING: /home/danger/security_analyst/topology/assets/usde.yaml — emit nothing rather than a stale copy
Tue Sep  8 01:08:02 PM CST 2026: axis5 emit skipped for usde (source walk unavailable)
REFUSED: susde.yaml is generator v2.1 output, not a hand-walk. Its own trust banner rates 36.5% of generated rows trustworthy and says `timelock: unresolved` means NOT MEASURED. Axis 5 stays "Not assessed".
Tue Sep  8 01:08:02 PM CST 2026: axis5 emit skipped for susde (source walk unavailable)
data/usds_contract.json: as_of=2026-08-23 layers=2 unresolved=0 walk_notes=21
data/susds_contract.json: as_of=2026-09-07 layers=5 unresolved=2 walk_notes=3
MISSING: /home/danger/security_analyst/topology/assets/thusd.yaml — emit nothing rather than a stale copy
Tue Sep  8 01:08:02 PM CST 2026: axis5 emit skipped for thusd (source walk unavailable)
MISSING: /home/danger/security_analyst/topology/assets/cusd.yaml — emit nothing rather than a stale copy
Tue Sep  8 01:08:02 PM CST 2026: axis5 emit skipped for cusd (source walk unavailable)
data/hastra_prime_contract.json: as_of=2026-07-31 layers=3 unresolved=0 walk_notes=51
data/yzusd_contract.json: as_of=2026-09-06 layers=1 unresolved=3 walk_notes=34
data/syzusd_contract.json: as_of=2026-08-30 layers=3 unresolved=4 walk_notes=31
data/reusd_re_contract.json: as_of=2026-08-30 layers=2 unresolved=3 walk_notes=58
data/reusde_re_contract.json: as_of=2026-09-06 layers=2 unresolved=3 walk_notes=38
From https://github.com/todayindefi/backing-monitor
 * branch                main       -> FETCH_HEAD
MISSING: /home/danger/security_analyst/topology/assets/ousd.yaml — emit nothing rather than a stale copy
Tue Sep  8 02:08:01 PM CST 2026: axis5 emit skipped for ousd (source walk unavailable)
REFUSED: crvusd.yaml is generator v2.1 output, not a hand-walk. Its own trust banner rates 36.5% of generated rows trustworthy and says `timelock: unresolved` means NOT MEASURED. Axis 5 stays "Not assessed".
Tue Sep  8 02:08:01 PM CST 2026: axis5 emit skipped for crvusd (source walk unavailable)
data/usg_contract.json: as_of=2026-09-06 layers=3 unresolved=3 walk_notes=96
MISSING: /home/danger/security_analyst/topology/assets/usdd.yaml — emit nothing rather than a stale copy
Tue Sep  8 02:08:01 PM CST 2026: axis5 emit skipped for usdd (source walk unavailable)
data/syrupusdc_contract.json: as_of=2026-09-06 layers=8 unresolved=3 walk_notes=8
data/syrupusdt_contract.json: as_of=2026-09-06 layers=6 unresolved=3 walk_notes=8
MISSING: /home/danger/security_analyst/topology/assets/apxusd.yaml — emit nothing rather than a stale copy
Tue Sep  8 02:08:01 PM CST 2026: axis5 emit skipped for apxusd (source walk unavailable)
REFUSED: apyusd.yaml is generator v1.7 output, not a hand-walk. Its own trust banner rates 36.5% of generated rows trustworthy and says `timelock: unresolved` means NOT MEASURED. Axis 5 stays "Not assessed".
Tue Sep  8 02:08:01 PM CST 2026: axis5 emit skipped for apyusd (source walk unavailable)
MISSING: /home/danger/security_analyst/topology/assets/strc.yaml — emit nothing rather than a stale copy
Tue Sep  8 02:08:01 PM CST 2026: axis5 emit skipped for strc (source walk unavailable)
MISSING: /home/danger/security_analyst/topology/assets/mstr.yaml — emit nothing rather than a stale copy
Tue Sep  8 02:08:01 PM CST 2026: axis5 emit skipped for mstr (source walk unavailable)
MISSING: /home/danger/security_analyst/topology/assets/bmnr.yaml — emit nothing rather than a stale copy
Tue Sep  8 02:08:01 PM CST 2026: axis5 emit skipped for bmnr (source walk unavailable)
REFUSED: usdat.yaml is generator v1.7 output, not a hand-walk. Its own trust banner rates 36.5% of generated rows trustworthy and says `timelock: unresolved` means NOT MEASURED. Axis 5 stays "Not assessed".
Tue Sep  8 02:08:01 PM CST 2026: axis5 emit skipped for usdat (source walk unavailable)
MISSING: /home/danger/security_analyst/topology/assets/susdat.yaml — emit nothing rather than a stale copy
Tue Sep  8 02:08:01 PM CST 2026: axis5 emit skipped for susdat (source walk unavailable)
data/usdai_contract.json: as_of=2026-08-26 layers=2 unresolved=3 walk_notes=37
MISSING: /home/danger/security_analyst/topology/assets/susdai.yaml — emit nothing rather than a stale copy
Tue Sep  8 02:08:01 PM CST 2026: axis5 emit skipped for susdai (source walk unavailable)
data/usdm_contract.json: as_of=2026-09-07 layers=10 unresolved=7 walk_notes=35
MISSING: /home/danger/security_analyst/topology/assets/usde.yaml — emit nothing rather than a stale copy
Tue Sep  8 02:08:01 PM CST 2026: axis5 emit skipped for usde (source walk unavailable)
REFUSED: susde.yaml is generator v2.1 output, not a hand-walk. Its own trust banner rates 36.5% of generated rows trustworthy and says `timelock: unresolved` means NOT MEASURED. Axis 5 stays "Not assessed".
Tue Sep  8 02:08:02 PM CST 2026: axis5 emit skipped for susde (source walk unavailable)
data/usds_contract.json: as_of=2026-08-23 layers=2 unresolved=0 walk_notes=21
data/susds_contract.json: as_of=2026-09-07 layers=5 unresolved=2 walk_notes=3
MISSING: /home/danger/security_analyst/topology/assets/thusd.yaml — emit nothing rather than a stale copy
Tue Sep  8 02:08:02 PM CST 2026: axis5 emit skipped for thusd (source walk unavailable)
MISSING: /home/danger/security_analyst/topology/assets/cusd.yaml — emit nothing rather than a stale copy
Tue Sep  8 02:08:02 PM CST 2026: axis5 emit skipped for cusd (source walk unavailable)
data/hastra_prime_contract.json: as_of=2026-07-31 layers=3 unresolved=0 walk_notes=51
data/yzusd_contract.json: as_of=2026-09-06 layers=1 unresolved=3 walk_notes=34
data/syzusd_contract.json: as_of=2026-08-30 layers=3 unresolved=4 walk_notes=31
data/reusd_re_contract.json: as_of=2026-08-30 layers=2 unresolved=3 walk_notes=58
data/reusde_re_contract.json: as_of=2026-09-06 layers=2 unresolved=3 walk_notes=38
From https://github.com/todayindefi/backing-monitor
 * branch                main       -> FETCH_HEAD
MISSING: /home/danger/security_analyst/topology/assets/ousd.yaml — emit nothing rather than a stale copy
Tue Sep  8 03:08:01 PM CST 2026: axis5 emit skipped for ousd (source walk unavailable)
REFUSED: crvusd.yaml is generator v2.1 output, not a hand-walk. Its own trust banner rates 36.5% of generated rows trustworthy and says `timelock: unresolved` means NOT MEASURED. Axis 5 stays "Not assessed".
Tue Sep  8 03:08:01 PM CST 2026: axis5 emit skipped for crvusd (source walk unavailable)
data/usg_contract.json: as_of=2026-09-06 layers=3 unresolved=3 walk_notes=96
MISSING: /home/danger/security_analyst/topology/assets/usdd.yaml — emit nothing rather than a stale copy
Tue Sep  8 03:08:01 PM CST 2026: axis5 emit skipped for usdd (source walk unavailable)
data/syrupusdc_contract.json: as_of=2026-09-06 layers=8 unresolved=3 walk_notes=8
data/syrupusdt_contract.json: as_of=2026-09-06 layers=6 unresolved=3 walk_notes=8
MISSING: /home/danger/security_analyst/topology/assets/apxusd.yaml — emit nothing rather than a stale copy
Tue Sep  8 03:08:01 PM CST 2026: axis5 emit skipped for apxusd (source walk unavailable)
REFUSED: apyusd.yaml is generator v1.7 output, not a hand-walk. Its own trust banner rates 36.5% of generated rows trustworthy and says `timelock: unresolved` means NOT MEASURED. Axis 5 stays "Not assessed".
Tue Sep  8 03:08:01 PM CST 2026: axis5 emit skipped for apyusd (source walk unavailable)
MISSING: /home/danger/security_analyst/topology/assets/strc.yaml — emit nothing rather than a stale copy
Tue Sep  8 03:08:01 PM CST 2026: axis5 emit skipped for strc (source walk unavailable)
MISSING: /home/danger/security_analyst/topology/assets/mstr.yaml — emit nothing rather than a stale copy
Tue Sep  8 03:08:01 PM CST 2026: axis5 emit skipped for mstr (source walk unavailable)
MISSING: /home/danger/security_analyst/topology/assets/bmnr.yaml — emit nothing rather than a stale copy
Tue Sep  8 03:08:01 PM CST 2026: axis5 emit skipped for bmnr (source walk unavailable)
REFUSED: usdat.yaml is generator v1.7 output, not a hand-walk. Its own trust banner rates 36.5% of generated rows trustworthy and says `timelock: unresolved` means NOT MEASURED. Axis 5 stays "Not assessed".
Tue Sep  8 03:08:02 PM CST 2026: axis5 emit skipped for usdat (source walk unavailable)
MISSING: /home/danger/security_analyst/topology/assets/susdat.yaml — emit nothing rather than a stale copy
Tue Sep  8 03:08:02 PM CST 2026: axis5 emit skipped for susdat (source walk unavailable)
data/usdai_contract.json: as_of=2026-08-26 layers=2 unresolved=3 walk_notes=37
MISSING: /home/danger/security_analyst/topology/assets/susdai.yaml — emit nothing rather than a stale copy
Tue Sep  8 03:08:02 PM CST 2026: axis5 emit skipped for susdai (source walk unavailable)
data/usdm_contract.json: as_of=2026-09-07 layers=10 unresolved=7 walk_notes=35
MISSING: /home/danger/security_analyst/topology/assets/usde.yaml — emit nothing rather than a stale copy
Tue Sep  8 03:08:02 PM CST 2026: axis5 emit skipped for usde (source walk unavailable)
REFUSED: susde.yaml is generator v2.1 output, not a hand-walk. Its own trust banner rates 36.5% of generated rows trustworthy and says `timelock: unresolved` means NOT MEASURED. Axis 5 stays "Not assessed".
Tue Sep  8 03:08:02 PM CST 2026: axis5 emit skipped for susde (source walk unavailable)
data/usds_contract.json: as_of=2026-08-23 layers=2 unresolved=0 walk_notes=21
data/susds_contract.json: as_of=2026-09-07 layers=5 unresolved=2 walk_notes=3
MISSING: /home/danger/security_analyst/topology/assets/thusd.yaml — emit nothing rather than a stale copy
Tue Sep  8 03:08:02 PM CST 2026: axis5 emit skipped for thusd (source walk unavailable)
MISSING: /home/danger/security_analyst/topology/assets/cusd.yaml — emit nothing rather than a stale copy
Tue Sep  8 03:08:02 PM CST 2026: axis5 emit skipped for cusd (source walk unavailable)
data/hastra_prime_contract.json: as_of=2026-07-31 layers=3 unresolved=0 walk_notes=51
data/yzusd_contract.json: as_of=2026-09-06 layers=1 unresolved=3 walk_notes=34
data/syzusd_contract.json: as_of=2026-08-30 layers=3 unresolved=4 walk_notes=31
data/reusd_re_contract.json: as_of=2026-08-30 layers=2 unresolved=3 walk_notes=58
data/reusde_re_contract.json: as_of=2026-09-06 layers=2 unresolved=3 walk_notes=38
From https://github.com/todayindefi/backing-monitor
 * branch                main       -> FETCH_HEAD
MISSING: /home/danger/security_analyst/topology/assets/ousd.yaml — emit nothing rather than a stale copy
Tue Sep  8 04:08:01 PM CST 2026: axis5 emit skipped for ousd (source walk unavailable)
REFUSED: crvusd.yaml is generator v2.1 output, not a hand-walk. Its own trust banner rates 36.5% of generated rows trustworthy and says `timelock: unresolved` means NOT MEASURED. Axis 5 stays "Not assessed".
Tue Sep  8 04:08:01 PM CST 2026: axis5 emit skipped for crvusd (source walk unavailable)
data/usg_contract.json: as_of=2026-09-06 layers=3 unresolved=3 walk_notes=96
MISSING: /home/danger/security_analyst/topology/assets/usdd.yaml — emit nothing rather than a stale copy
Tue Sep  8 04:08:01 PM CST 2026: axis5 emit skipped for usdd (source walk unavailable)
data/syrupusdc_contract.json: as_of=2026-09-06 layers=8 unresolved=3 walk_notes=8
data/syrupusdt_contract.json: as_of=2026-09-06 layers=6 unresolved=3 walk_notes=8
MISSING: /home/danger/security_analyst/topology/assets/apxusd.yaml — emit nothing rather than a stale copy
Tue Sep  8 04:08:01 PM CST 2026: axis5 emit skipped for apxusd (source walk unavailable)
REFUSED: apyusd.yaml is generator v1.7 output, not a hand-walk. Its own trust banner rates 36.5% of generated rows trustworthy and says `timelock: unresolved` means NOT MEASURED. Axis 5 stays "Not assessed".
Tue Sep  8 04:08:01 PM CST 2026: axis5 emit skipped for apyusd (source walk unavailable)
MISSING: /home/danger/security_analyst/topology/assets/strc.yaml — emit nothing rather than a stale copy
Tue Sep  8 04:08:01 PM CST 2026: axis5 emit skipped for strc (source walk unavailable)
MISSING: /home/danger/security_analyst/topology/assets/mstr.yaml — emit nothing rather than a stale copy
Tue Sep  8 04:08:01 PM CST 2026: axis5 emit skipped for mstr (source walk unavailable)
MISSING: /home/danger/security_analyst/topology/assets/bmnr.yaml — emit nothing rather than a stale copy
Tue Sep  8 04:08:01 PM CST 2026: axis5 emit skipped for bmnr (source walk unavailable)
REFUSED: usdat.yaml is generator v1.7 output, not a hand-walk. Its own trust banner rates 36.5% of generated rows trustworthy and says `timelock: unresolved` means NOT MEASURED. Axis 5 stays "Not assessed".
Tue Sep  8 04:08:01 PM CST 2026: axis5 emit skipped for usdat (source walk unavailable)
MISSING: /home/danger/security_analyst/topology/assets/susdat.yaml — emit nothing rather than a stale copy
Tue Sep  8 04:08:01 PM CST 2026: axis5 emit skipped for susdat (source walk unavailable)
data/usdai_contract.json: as_of=2026-08-26 layers=2 unresolved=3 walk_notes=37
MISSING: /home/danger/security_analyst/topology/assets/susdai.yaml — emit nothing rather than a stale copy
Tue Sep  8 04:08:01 PM CST 2026: axis5 emit skipped for susdai (source walk unavailable)
data/usdm_contract.json: as_of=2026-09-07 layers=10 unresolved=7 walk_notes=35
MISSING: /home/danger/security_analyst/topology/assets/usde.yaml — emit nothing rather than a stale copy
Tue Sep  8 04:08:01 PM CST 2026: axis5 emit skipped for usde (source walk unavailable)
REFUSED: susde.yaml is generator v2.1 output, not a hand-walk. Its own trust banner rates 36.5% of generated rows trustworthy and says `timelock: unresolved` means NOT MEASURED. Axis 5 stays "Not assessed".
Tue Sep  8 04:08:01 PM CST 2026: axis5 emit skipped for susde (source walk unavailable)
data/usds_contract.json: as_of=2026-08-23 layers=2 unresolved=0 walk_notes=21
data/susds_contract.json: as_of=2026-09-07 layers=5 unresolved=2 walk_notes=3
MISSING: /home/danger/security_analyst/topology/assets/thusd.yaml — emit nothing rather than a stale copy
Tue Sep  8 04:08:01 PM CST 2026: axis5 emit skipped for thusd (source walk unavailable)
MISSING: /home/danger/security_analyst/topology/assets/cusd.yaml — emit nothing rather than a stale copy
Tue Sep  8 04:08:01 PM CST 2026: axis5 emit skipped for cusd (source walk unavailable)
data/hastra_prime_contract.json: as_of=2026-07-31 layers=3 unresolved=0 walk_notes=51
data/yzusd_contract.json: as_of=2026-09-06 layers=1 unresolved=3 walk_notes=34
data/syzusd_contract.json: as_of=2026-08-30 layers=3 unresolved=4 walk_notes=31
data/reusd_re_contract.json: as_of=2026-08-30 layers=2 unresolved=3 walk_notes=58
data/reusde_re_contract.json: as_of=2026-09-06 layers=2 unresolved=3 walk_notes=38
From https://github.com/todayindefi/backing-monitor
 * branch                main       -> FETCH_HEAD
MISSING: /home/danger/security_analyst/topology/assets/ousd.yaml — emit nothing rather than a stale copy
Tue Sep  8 05:08:01 PM CST 2026: axis5 emit skipped for ousd (source walk unavailable)
REFUSED: crvusd.yaml is generator v2.1 output, not a hand-walk. Its own trust banner rates 36.5% of generated rows trustworthy and says `timelock: unresolved` means NOT MEASURED. Axis 5 stays "Not assessed".
Tue Sep  8 05:08:01 PM CST 2026: axis5 emit skipped for crvusd (source walk unavailable)
data/usg_contract.json: as_of=2026-09-06 layers=3 unresolved=3 walk_notes=96
MISSING: /home/danger/security_analyst/topology/assets/usdd.yaml — emit nothing rather than a stale copy
Tue Sep  8 05:08:01 PM CST 2026: axis5 emit skipped for usdd (source walk unavailable)
data/syrupusdc_contract.json: as_of=2026-09-06 layers=8 unresolved=3 walk_notes=8
data/syrupusdt_contract.json: as_of=2026-09-06 layers=6 unresolved=3 walk_notes=8
MISSING: /home/danger/security_analyst/topology/assets/apxusd.yaml — emit nothing rather than a stale copy
Tue Sep  8 05:08:01 PM CST 2026: axis5 emit skipped for apxusd (source walk unavailable)
REFUSED: apyusd.yaml is generator v1.7 output, not a hand-walk. Its own trust banner rates 36.5% of generated rows trustworthy and says `timelock: unresolved` means NOT MEASURED. Axis 5 stays "Not assessed".
Tue Sep  8 05:08:01 PM CST 2026: axis5 emit skipped for apyusd (source walk unavailable)
MISSING: /home/danger/security_analyst/topology/assets/strc.yaml — emit nothing rather than a stale copy
Tue Sep  8 05:08:01 PM CST 2026: axis5 emit skipped for strc (source walk unavailable)
MISSING: /home/danger/security_analyst/topology/assets/mstr.yaml — emit nothing rather than a stale copy
Tue Sep  8 05:08:01 PM CST 2026: axis5 emit skipped for mstr (source walk unavailable)
MISSING: /home/danger/security_analyst/topology/assets/bmnr.yaml — emit nothing rather than a stale copy
Tue Sep  8 05:08:01 PM CST 2026: axis5 emit skipped for bmnr (source walk unavailable)
REFUSED: usdat.yaml is generator v1.7 output, not a hand-walk. Its own trust banner rates 36.5% of generated rows trustworthy and says `timelock: unresolved` means NOT MEASURED. Axis 5 stays "Not assessed".
Tue Sep  8 05:08:02 PM CST 2026: axis5 emit skipped for usdat (source walk unavailable)
MISSING: /home/danger/security_analyst/topology/assets/susdat.yaml — emit nothing rather than a stale copy
Tue Sep  8 05:08:02 PM CST 2026: axis5 emit skipped for susdat (source walk unavailable)
data/usdai_contract.json: as_of=2026-08-26 layers=2 unresolved=3 walk_notes=37
MISSING: /home/danger/security_analyst/topology/assets/susdai.yaml — emit nothing rather than a stale copy
Tue Sep  8 05:08:02 PM CST 2026: axis5 emit skipped for susdai (source walk unavailable)
data/usdm_contract.json: as_of=2026-09-07 layers=10 unresolved=7 walk_notes=35
MISSING: /home/danger/security_analyst/topology/assets/usde.yaml — emit nothing rather than a stale copy
Tue Sep  8 05:08:02 PM CST 2026: axis5 emit skipped for usde (source walk unavailable)
REFUSED: susde.yaml is generator v2.1 output, not a hand-walk. Its own trust banner rates 36.5% of generated rows trustworthy and says `timelock: unresolved` means NOT MEASURED. Axis 5 stays "Not assessed".
Tue Sep  8 05:08:02 PM CST 2026: axis5 emit skipped for susde (source walk unavailable)
data/usds_contract.json: as_of=2026-08-23 layers=2 unresolved=0 walk_notes=21
data/susds_contract.json: as_of=2026-09-07 layers=5 unresolved=2 walk_notes=3
MISSING: /home/danger/security_analyst/topology/assets/thusd.yaml — emit nothing rather than a stale copy
Tue Sep  8 05:08:02 PM CST 2026: axis5 emit skipped for thusd (source walk unavailable)
MISSING: /home/danger/security_analyst/topology/assets/cusd.yaml — emit nothing rather than a stale copy
Tue Sep  8 05:08:02 PM CST 2026: axis5 emit skipped for cusd (source walk unavailable)
data/hastra_prime_contract.json: as_of=2026-07-31 layers=3 unresolved=0 walk_notes=51
data/yzusd_contract.json: as_of=2026-09-06 layers=1 unresolved=3 walk_notes=34
data/syzusd_contract.json: as_of=2026-08-30 layers=3 unresolved=4 walk_notes=31
data/reusd_re_contract.json: as_of=2026-08-30 layers=2 unresolved=3 walk_notes=58
data/reusde_re_contract.json: as_of=2026-09-06 layers=2 unresolved=3 walk_notes=38
From https://github.com/todayindefi/backing-monitor
 * branch                main       -> FETCH_HEAD
MISSING: /home/danger/security_analyst/topology/assets/ousd.yaml — emit nothing rather than a stale copy
Tue Sep  8 06:08:01 PM CST 2026: axis5 emit skipped for ousd (source walk unavailable)
REFUSED: crvusd.yaml is generator v2.1 output, not a hand-walk. Its own trust banner rates 36.5% of generated rows trustworthy and says `timelock: unresolved` means NOT MEASURED. Axis 5 stays "Not assessed".
Tue Sep  8 06:08:01 PM CST 2026: axis5 emit skipped for crvusd (source walk unavailable)
data/usg_contract.json: as_of=2026-09-06 layers=3 unresolved=3 walk_notes=96
MISSING: /home/danger/security_analyst/topology/assets/usdd.yaml — emit nothing rather than a stale copy
Tue Sep  8 06:08:01 PM CST 2026: axis5 emit skipped for usdd (source walk unavailable)
data/syrupusdc_contract.json: as_of=2026-09-06 layers=8 unresolved=3 walk_notes=8
data/syrupusdt_contract.json: as_of=2026-09-06 layers=6 unresolved=3 walk_notes=8
MISSING: /home/danger/security_analyst/topology/assets/apxusd.yaml — emit nothing rather than a stale copy
Tue Sep  8 06:08:01 PM CST 2026: axis5 emit skipped for apxusd (source walk unavailable)
REFUSED: apyusd.yaml is generator v1.7 output, not a hand-walk. Its own trust banner rates 36.5% of generated rows trustworthy and says `timelock: unresolved` means NOT MEASURED. Axis 5 stays "Not assessed".
Tue Sep  8 06:08:01 PM CST 2026: axis5 emit skipped for apyusd (source walk unavailable)
MISSING: /home/danger/security_analyst/topology/assets/strc.yaml — emit nothing rather than a stale copy
Tue Sep  8 06:08:01 PM CST 2026: axis5 emit skipped for strc (source walk unavailable)
MISSING: /home/danger/security_analyst/topology/assets/mstr.yaml — emit nothing rather than a stale copy
Tue Sep  8 06:08:01 PM CST 2026: axis5 emit skipped for mstr (source walk unavailable)
MISSING: /home/danger/security_analyst/topology/assets/bmnr.yaml — emit nothing rather than a stale copy
Tue Sep  8 06:08:01 PM CST 2026: axis5 emit skipped for bmnr (source walk unavailable)
REFUSED: usdat.yaml is generator v1.7 output, not a hand-walk. Its own trust banner rates 36.5% of generated rows trustworthy and says `timelock: unresolved` means NOT MEASURED. Axis 5 stays "Not assessed".
Tue Sep  8 06:08:01 PM CST 2026: axis5 emit skipped for usdat (source walk unavailable)
MISSING: /home/danger/security_analyst/topology/assets/susdat.yaml — emit nothing rather than a stale copy
Tue Sep  8 06:08:01 PM CST 2026: axis5 emit skipped for susdat (source walk unavailable)
data/usdai_contract.json: as_of=2026-08-26 layers=2 unresolved=3 walk_notes=37
MISSING: /home/danger/security_analyst/topology/assets/susdai.yaml — emit nothing rather than a stale copy
Tue Sep  8 06:08:01 PM CST 2026: axis5 emit skipped for susdai (source walk unavailable)
data/usdm_contract.json: as_of=2026-09-07 layers=10 unresolved=7 walk_notes=35
MISSING: /home/danger/security_analyst/topology/assets/usde.yaml — emit nothing rather than a stale copy
Tue Sep  8 06:08:01 PM CST 2026: axis5 emit skipped for usde (source walk unavailable)
REFUSED: susde.yaml is generator v2.1 output, not a hand-walk. Its own trust banner rates 36.5% of generated rows trustworthy and says `timelock: unresolved` means NOT MEASURED. Axis 5 stays "Not assessed".
Tue Sep  8 06:08:01 PM CST 2026: axis5 emit skipped for susde (source walk unavailable)
data/usds_contract.json: as_of=2026-08-23 layers=2 unresolved=0 walk_notes=21
data/susds_contract.json: as_of=2026-09-07 layers=5 unresolved=2 walk_notes=3
MISSING: /home/danger/security_analyst/topology/assets/thusd.yaml — emit nothing rather than a stale copy
Tue Sep  8 06:08:01 PM CST 2026: axis5 emit skipped for thusd (source walk unavailable)
MISSING: /home/danger/security_analyst/topology/assets/cusd.yaml — emit nothing rather than a stale copy
Tue Sep  8 06:08:01 PM CST 2026: axis5 emit skipped for cusd (source walk unavailable)
data/hastra_prime_contract.json: as_of=2026-07-31 layers=3 unresolved=0 walk_notes=51
data/yzusd_contract.json: as_of=2026-09-06 layers=1 unresolved=3 walk_notes=34
data/syzusd_contract.json: as_of=2026-08-30 layers=3 unresolved=4 walk_notes=31
data/reusd_re_contract.json: as_of=2026-08-30 layers=2 unresolved=3 walk_notes=58
data/reusde_re_contract.json: as_of=2026-09-06 layers=2 unresolved=3 walk_notes=38
From https://github.com/todayindefi/backing-monitor
 * branch                main       -> FETCH_HEAD
MISSING: /home/danger/security_analyst/topology/assets/ousd.yaml — emit nothing rather than a stale copy
Tue Sep  8 07:08:01 PM CST 2026: axis5 emit skipped for ousd (source walk unavailable)
REFUSED: crvusd.yaml is generator v2.1 output, not a hand-walk. Its own trust banner rates 36.5% of generated rows trustworthy and says `timelock: unresolved` means NOT MEASURED. Axis 5 stays "Not assessed".
Tue Sep  8 07:08:01 PM CST 2026: axis5 emit skipped for crvusd (source walk unavailable)
data/usg_contract.json: as_of=2026-09-06 layers=3 unresolved=3 walk_notes=96
MISSING: /home/danger/security_analyst/topology/assets/usdd.yaml — emit nothing rather than a stale copy
Tue Sep  8 07:08:01 PM CST 2026: axis5 emit skipped for usdd (source walk unavailable)
data/syrupusdc_contract.json: as_of=2026-09-06 layers=8 unresolved=3 walk_notes=8
data/syrupusdt_contract.json: as_of=2026-09-06 layers=6 unresolved=3 walk_notes=8
MISSING: /home/danger/security_analyst/topology/assets/apxusd.yaml — emit nothing rather than a stale copy
Tue Sep  8 07:08:01 PM CST 2026: axis5 emit skipped for apxusd (source walk unavailable)
REFUSED: apyusd.yaml is generator v1.7 output, not a hand-walk. Its own trust banner rates 36.5% of generated rows trustworthy and says `timelock: unresolved` means NOT MEASURED. Axis 5 stays "Not assessed".
Tue Sep  8 07:08:01 PM CST 2026: axis5 emit skipped for apyusd (source walk unavailable)
MISSING: /home/danger/security_analyst/topology/assets/strc.yaml — emit nothing rather than a stale copy
Tue Sep  8 07:08:01 PM CST 2026: axis5 emit skipped for strc (source walk unavailable)
MISSING: /home/danger/security_analyst/topology/assets/mstr.yaml — emit nothing rather than a stale copy
Tue Sep  8 07:08:01 PM CST 2026: axis5 emit skipped for mstr (source walk unavailable)
MISSING: /home/danger/security_analyst/topology/assets/bmnr.yaml — emit nothing rather than a stale copy
Tue Sep  8 07:08:01 PM CST 2026: axis5 emit skipped for bmnr (source walk unavailable)
REFUSED: usdat.yaml is generator v1.7 output, not a hand-walk. Its own trust banner rates 36.5% of generated rows trustworthy and says `timelock: unresolved` means NOT MEASURED. Axis 5 stays "Not assessed".
Tue Sep  8 07:08:01 PM CST 2026: axis5 emit skipped for usdat (source walk unavailable)
MISSING: /home/danger/security_analyst/topology/assets/susdat.yaml — emit nothing rather than a stale copy
Tue Sep  8 07:08:01 PM CST 2026: axis5 emit skipped for susdat (source walk unavailable)
data/usdai_contract.json: as_of=2026-08-26 layers=2 unresolved=3 walk_notes=37
MISSING: /home/danger/security_analyst/topology/assets/susdai.yaml — emit nothing rather than a stale copy
Tue Sep  8 07:08:01 PM CST 2026: axis5 emit skipped for susdai (source walk unavailable)
data/usdm_contract.json: as_of=2026-09-07 layers=10 unresolved=7 walk_notes=35
MISSING: /home/danger/security_analyst/topology/assets/usde.yaml — emit nothing rather than a stale copy
Tue Sep  8 07:08:01 PM CST 2026: axis5 emit skipped for usde (source walk unavailable)
REFUSED: susde.yaml is generator v2.1 output, not a hand-walk. Its own trust banner rates 36.5% of generated rows trustworthy and says `timelock: unresolved` means NOT MEASURED. Axis 5 stays "Not assessed".
Tue Sep  8 07:08:01 PM CST 2026: axis5 emit skipped for susde (source walk unavailable)
data/usds_contract.json: as_of=2026-08-23 layers=2 unresolved=0 walk_notes=21
data/susds_contract.json: as_of=2026-09-07 layers=5 unresolved=2 walk_notes=3
MISSING: /home/danger/security_analyst/topology/assets/thusd.yaml — emit nothing rather than a stale copy
Tue Sep  8 07:08:01 PM CST 2026: axis5 emit skipped for thusd (source walk unavailable)
MISSING: /home/danger/security_analyst/topology/assets/cusd.yaml — emit nothing rather than a stale copy
Tue Sep  8 07:08:01 PM CST 2026: axis5 emit skipped for cusd (source walk unavailable)
data/hastra_prime_contract.json: as_of=2026-07-31 layers=3 unresolved=0 walk_notes=51
data/yzusd_contract.json: as_of=2026-09-06 layers=1 unresolved=3 walk_notes=34
data/syzusd_contract.json: as_of=2026-08-30 layers=3 unresolved=4 walk_notes=31
data/reusd_re_contract.json: as_of=2026-08-30 layers=2 unresolved=3 walk_notes=58
data/reusde_re_contract.json: as_of=2026-09-06 layers=2 unresolved=3 walk_notes=38
From https://github.com/todayindefi/backing-monitor
 * branch                main       -> FETCH_HEAD
MISSING: /home/danger/security_analyst/topology/assets/ousd.yaml — emit nothing rather than a stale copy
Tue Sep  8 08:08:01 PM CST 2026: axis5 emit skipped for ousd (source walk unavailable)
REFUSED: crvusd.yaml is generator v2.1 output, not a hand-walk. Its own trust banner rates 36.5% of generated rows trustworthy and says `timelock: unresolved` means NOT MEASURED. Axis 5 stays "Not assessed".
Tue Sep  8 08:08:02 PM CST 2026: axis5 emit skipped for crvusd (source walk unavailable)
data/usg_contract.json: as_of=2026-09-06 layers=3 unresolved=3 walk_notes=96
MISSING: /home/danger/security_analyst/topology/assets/usdd.yaml — emit nothing rather than a stale copy
Tue Sep  8 08:08:02 PM CST 2026: axis5 emit skipped for usdd (source walk unavailable)
data/syrupusdc_contract.json: as_of=2026-09-06 layers=8 unresolved=3 walk_notes=8
data/syrupusdt_contract.json: as_of=2026-09-06 layers=6 unresolved=3 walk_notes=8
MISSING: /home/danger/security_analyst/topology/assets/apxusd.yaml — emit nothing rather than a stale copy
Tue Sep  8 08:08:02 PM CST 2026: axis5 emit skipped for apxusd (source walk unavailable)
REFUSED: apyusd.yaml is generator v1.7 output, not a hand-walk. Its own trust banner rates 36.5% of generated rows trustworthy and says `timelock: unresolved` means NOT MEASURED. Axis 5 stays "Not assessed".
Tue Sep  8 08:08:02 PM CST 2026: axis5 emit skipped for apyusd (source walk unavailable)
MISSING: /home/danger/security_analyst/topology/assets/strc.yaml — emit nothing rather than a stale copy
Tue Sep  8 08:08:02 PM CST 2026: axis5 emit skipped for strc (source walk unavailable)
MISSING: /home/danger/security_analyst/topology/assets/mstr.yaml — emit nothing rather than a stale copy
Tue Sep  8 08:08:02 PM CST 2026: axis5 emit skipped for mstr (source walk unavailable)
MISSING: /home/danger/security_analyst/topology/assets/bmnr.yaml — emit nothing rather than a stale copy
Tue Sep  8 08:08:02 PM CST 2026: axis5 emit skipped for bmnr (source walk unavailable)
REFUSED: usdat.yaml is generator v1.7 output, not a hand-walk. Its own trust banner rates 36.5% of generated rows trustworthy and says `timelock: unresolved` means NOT MEASURED. Axis 5 stays "Not assessed".
Tue Sep  8 08:08:02 PM CST 2026: axis5 emit skipped for usdat (source walk unavailable)
MISSING: /home/danger/security_analyst/topology/assets/susdat.yaml — emit nothing rather than a stale copy
Tue Sep  8 08:08:02 PM CST 2026: axis5 emit skipped for susdat (source walk unavailable)
data/usdai_contract.json: as_of=2026-08-26 layers=2 unresolved=3 walk_notes=37
MISSING: /home/danger/security_analyst/topology/assets/susdai.yaml — emit nothing rather than a stale copy
Tue Sep  8 08:08:02 PM CST 2026: axis5 emit skipped for susdai (source walk unavailable)
data/usdm_contract.json: as_of=2026-09-07 layers=10 unresolved=7 walk_notes=35
MISSING: /home/danger/security_analyst/topology/assets/usde.yaml — emit nothing rather than a stale copy
Tue Sep  8 08:08:02 PM CST 2026: axis5 emit skipped for usde (source walk unavailable)
REFUSED: susde.yaml is generator v2.1 output, not a hand-walk. Its own trust banner rates 36.5% of generated rows trustworthy and says `timelock: unresolved` means NOT MEASURED. Axis 5 stays "Not assessed".
Tue Sep  8 08:08:02 PM CST 2026: axis5 emit skipped for susde (source walk unavailable)
data/usds_contract.json: as_of=2026-08-23 layers=2 unresolved=0 walk_notes=21
data/susds_contract.json: as_of=2026-09-07 layers=5 unresolved=2 walk_notes=3
MISSING: /home/danger/security_analyst/topology/assets/thusd.yaml — emit nothing rather than a stale copy
Tue Sep  8 08:08:02 PM CST 2026: axis5 emit skipped for thusd (source walk unavailable)
MISSING: /home/danger/security_analyst/topology/assets/cusd.yaml — emit nothing rather than a stale copy
Tue Sep  8 08:08:02 PM CST 2026: axis5 emit skipped for cusd (source walk unavailable)
data/hastra_prime_contract.json: as_of=2026-07-31 layers=3 unresolved=0 walk_notes=51
data/yzusd_contract.json: as_of=2026-09-06 layers=1 unresolved=3 walk_notes=34
data/syzusd_contract.json: as_of=2026-08-30 layers=3 unresolved=4 walk_notes=31
data/reusd_re_contract.json: as_of=2026-08-30 layers=2 unresolved=3 walk_notes=58
data/reusde_re_contract.json: as_of=2026-09-06 layers=2 unresolved=3 walk_notes=38
From https://github.com/todayindefi/backing-monitor
 * branch                main       -> FETCH_HEAD
MISSING: /home/danger/security_analyst/topology/assets/ousd.yaml — emit nothing rather than a stale copy
Tue Sep  8 09:08:01 PM CST 2026: axis5 emit skipped for ousd (source walk unavailable)
REFUSED: crvusd.yaml is generator v2.1 output, not a hand-walk. Its own trust banner rates 36.5% of generated rows trustworthy and says `timelock: unresolved` means NOT MEASURED. Axis 5 stays "Not assessed".
Tue Sep  8 09:08:01 PM CST 2026: axis5 emit skipped for crvusd (source walk unavailable)
data/usg_contract.json: as_of=2026-09-06 layers=3 unresolved=3 walk_notes=96
MISSING: /home/danger/security_analyst/topology/assets/usdd.yaml — emit nothing rather than a stale copy
Tue Sep  8 09:08:01 PM CST 2026: axis5 emit skipped for usdd (source walk unavailable)
data/syrupusdc_contract.json: as_of=2026-09-06 layers=8 unresolved=3 walk_notes=8
data/syrupusdt_contract.json: as_of=2026-09-06 layers=6 unresolved=3 walk_notes=8
MISSING: /home/danger/security_analyst/topology/assets/apxusd.yaml — emit nothing rather than a stale copy
Tue Sep  8 09:08:02 PM CST 2026: axis5 emit skipped for apxusd (source walk unavailable)
REFUSED: apyusd.yaml is generator v1.7 output, not a hand-walk. Its own trust banner rates 36.5% of generated rows trustworthy and says `timelock: unresolved` means NOT MEASURED. Axis 5 stays "Not assessed".
Tue Sep  8 09:08:02 PM CST 2026: axis5 emit skipped for apyusd (source walk unavailable)
MISSING: /home/danger/security_analyst/topology/assets/strc.yaml — emit nothing rather than a stale copy
Tue Sep  8 09:08:02 PM CST 2026: axis5 emit skipped for strc (source walk unavailable)
MISSING: /home/danger/security_analyst/topology/assets/mstr.yaml — emit nothing rather than a stale copy
Tue Sep  8 09:08:02 PM CST 2026: axis5 emit skipped for mstr (source walk unavailable)
MISSING: /home/danger/security_analyst/topology/assets/bmnr.yaml — emit nothing rather than a stale copy
Tue Sep  8 09:08:02 PM CST 2026: axis5 emit skipped for bmnr (source walk unavailable)
REFUSED: usdat.yaml is generator v1.7 output, not a hand-walk. Its own trust banner rates 36.5% of generated rows trustworthy and says `timelock: unresolved` means NOT MEASURED. Axis 5 stays "Not assessed".
Tue Sep  8 09:08:02 PM CST 2026: axis5 emit skipped for usdat (source walk unavailable)
MISSING: /home/danger/security_analyst/topology/assets/susdat.yaml — emit nothing rather than a stale copy
Tue Sep  8 09:08:02 PM CST 2026: axis5 emit skipped for susdat (source walk unavailable)
data/usdai_contract.json: as_of=2026-08-26 layers=2 unresolved=3 walk_notes=37
MISSING: /home/danger/security_analyst/topology/assets/susdai.yaml — emit nothing rather than a stale copy
Tue Sep  8 09:08:02 PM CST 2026: axis5 emit skipped for susdai (source walk unavailable)
data/usdm_contract.json: as_of=2026-09-07 layers=10 unresolved=7 walk_notes=35
MISSING: /home/danger/security_analyst/topology/assets/usde.yaml — emit nothing rather than a stale copy
Tue Sep  8 09:08:02 PM CST 2026: axis5 emit skipped for usde (source walk unavailable)
REFUSED: susde.yaml is generator v2.1 output, not a hand-walk. Its own trust banner rates 36.5% of generated rows trustworthy and says `timelock: unresolved` means NOT MEASURED. Axis 5 stays "Not assessed".
Tue Sep  8 09:08:02 PM CST 2026: axis5 emit skipped for susde (source walk unavailable)
data/usds_contract.json: as_of=2026-08-23 layers=2 unresolved=0 walk_notes=21
data/susds_contract.json: as_of=2026-09-07 layers=5 unresolved=2 walk_notes=3
MISSING: /home/danger/security_analyst/topology/assets/thusd.yaml — emit nothing rather than a stale copy
Tue Sep  8 09:08:02 PM CST 2026: axis5 emit skipped for thusd (source walk unavailable)
MISSING: /home/danger/security_analyst/topology/assets/cusd.yaml — emit nothing rather than a stale copy
Tue Sep  8 09:08:02 PM CST 2026: axis5 emit skipped for cusd (source walk unavailable)
data/hastra_prime_contract.json: as_of=2026-07-31 layers=3 unresolved=0 walk_notes=51
data/yzusd_contract.json: as_of=2026-09-06 layers=1 unresolved=3 walk_notes=34
data/syzusd_contract.json: as_of=2026-08-30 layers=3 unresolved=4 walk_notes=31
data/reusd_re_contract.json: as_of=2026-08-30 layers=2 unresolved=3 walk_notes=58
data/reusde_re_contract.json: as_of=2026-09-06 layers=2 unresolved=3 walk_notes=38
From https://github.com/todayindefi/backing-monitor
 * branch                main       -> FETCH_HEAD
MISSING: /home/danger/security_analyst/topology/assets/ousd.yaml — emit nothing rather than a stale copy
Tue Sep  8 10:08:01 PM CST 2026: axis5 emit skipped for ousd (source walk unavailable)
REFUSED: crvusd.yaml is generator v2.1 output, not a hand-walk. Its own trust banner rates 36.5% of generated rows trustworthy and says `timelock: unresolved` means NOT MEASURED. Axis 5 stays "Not assessed".
Tue Sep  8 10:08:01 PM CST 2026: axis5 emit skipped for crvusd (source walk unavailable)
data/usg_contract.json: as_of=2026-09-06 layers=3 unresolved=3 walk_notes=96
MISSING: /home/danger/security_analyst/topology/assets/usdd.yaml — emit nothing rather than a stale copy
Tue Sep  8 10:08:01 PM CST 2026: axis5 emit skipped for usdd (source walk unavailable)
data/syrupusdc_contract.json: as_of=2026-09-06 layers=8 unresolved=3 walk_notes=8
data/syrupusdt_contract.json: as_of=2026-09-06 layers=6 unresolved=3 walk_notes=8
MISSING: /home/danger/security_analyst/topology/assets/apxusd.yaml — emit nothing rather than a stale copy
Tue Sep  8 10:08:01 PM CST 2026: axis5 emit skipped for apxusd (source walk unavailable)
REFUSED: apyusd.yaml is generator v1.7 output, not a hand-walk. Its own trust banner rates 36.5% of generated rows trustworthy and says `timelock: unresolved` means NOT MEASURED. Axis 5 stays "Not assessed".
Tue Sep  8 10:08:01 PM CST 2026: axis5 emit skipped for apyusd (source walk unavailable)
MISSING: /home/danger/security_analyst/topology/assets/strc.yaml — emit nothing rather than a stale copy
Tue Sep  8 10:08:01 PM CST 2026: axis5 emit skipped for strc (source walk unavailable)
MISSING: /home/danger/security_analyst/topology/assets/mstr.yaml — emit nothing rather than a stale copy
Tue Sep  8 10:08:01 PM CST 2026: axis5 emit skipped for mstr (source walk unavailable)
MISSING: /home/danger/security_analyst/topology/assets/bmnr.yaml — emit nothing rather than a stale copy
Tue Sep  8 10:08:01 PM CST 2026: axis5 emit skipped for bmnr (source walk unavailable)
REFUSED: usdat.yaml is generator v1.7 output, not a hand-walk. Its own trust banner rates 36.5% of generated rows trustworthy and says `timelock: unresolved` means NOT MEASURED. Axis 5 stays "Not assessed".
Tue Sep  8 10:08:01 PM CST 2026: axis5 emit skipped for usdat (source walk unavailable)
MISSING: /home/danger/security_analyst/topology/assets/susdat.yaml — emit nothing rather than a stale copy
Tue Sep  8 10:08:01 PM CST 2026: axis5 emit skipped for susdat (source walk unavailable)
data/usdai_contract.json: as_of=2026-08-26 layers=2 unresolved=3 walk_notes=37
MISSING: /home/danger/security_analyst/topology/assets/susdai.yaml — emit nothing rather than a stale copy
Tue Sep  8 10:08:01 PM CST 2026: axis5 emit skipped for susdai (source walk unavailable)
data/usdm_contract.json: as_of=2026-09-07 layers=10 unresolved=7 walk_notes=35
MISSING: /home/danger/security_analyst/topology/assets/usde.yaml — emit nothing rather than a stale copy
Tue Sep  8 10:08:01 PM CST 2026: axis5 emit skipped for usde (source walk unavailable)
REFUSED: susde.yaml is generator v2.1 output, not a hand-walk. Its own trust banner rates 36.5% of generated rows trustworthy and says `timelock: unresolved` means NOT MEASURED. Axis 5 stays "Not assessed".
Tue Sep  8 10:08:02 PM CST 2026: axis5 emit skipped for susde (source walk unavailable)
data/usds_contract.json: as_of=2026-08-23 layers=2 unresolved=0 walk_notes=21
data/susds_contract.json: as_of=2026-09-07 layers=5 unresolved=2 walk_notes=3
MISSING: /home/danger/security_analyst/topology/assets/thusd.yaml — emit nothing rather than a stale copy
Tue Sep  8 10:08:02 PM CST 2026: axis5 emit skipped for thusd (source walk unavailable)
MISSING: /home/danger/security_analyst/topology/assets/cusd.yaml — emit nothing rather than a stale copy
Tue Sep  8 10:08:02 PM CST 2026: axis5 emit skipped for cusd (source walk unavailable)
data/hastra_prime_contract.json: as_of=2026-07-31 layers=3 unresolved=0 walk_notes=51
data/yzusd_contract.json: as_of=2026-09-06 layers=1 unresolved=3 walk_notes=34
data/syzusd_contract.json: as_of=2026-08-30 layers=3 unresolved=4 walk_notes=31
data/reusd_re_contract.json: as_of=2026-08-30 layers=2 unresolved=3 walk_notes=58
data/reusde_re_contract.json: as_of=2026-09-06 layers=2 unresolved=3 walk_notes=38
From https://github.com/todayindefi/backing-monitor
 * branch                main       -> FETCH_HEAD
MISSING: /home/danger/security_analyst/topology/assets/ousd.yaml — emit nothing rather than a stale copy
Tue Sep  8 11:08:02 PM CST 2026: axis5 emit skipped for ousd (source walk unavailable)
REFUSED: crvusd.yaml is generator v2.1 output, not a hand-walk. Its own trust banner rates 36.5% of generated rows trustworthy and says `timelock: unresolved` means NOT MEASURED. Axis 5 stays "Not assessed".
Tue Sep  8 11:08:02 PM CST 2026: axis5 emit skipped for crvusd (source walk unavailable)
data/usg_contract.json: as_of=2026-09-06 layers=3 unresolved=3 walk_notes=96
MISSING: /home/danger/security_analyst/topology/assets/usdd.yaml — emit nothing rather than a stale copy
Tue Sep  8 11:08:02 PM CST 2026: axis5 emit skipped for usdd (source walk unavailable)
data/syrupusdc_contract.json: as_of=2026-09-06 layers=8 unresolved=3 walk_notes=8
data/syrupusdt_contract.json: as_of=2026-09-06 layers=6 unresolved=3 walk_notes=8
MISSING: /home/danger/security_analyst/topology/assets/apxusd.yaml — emit nothing rather than a stale copy
Tue Sep  8 11:08:02 PM CST 2026: axis5 emit skipped for apxusd (source walk unavailable)
REFUSED: apyusd.yaml is generator v1.7 output, not a hand-walk. Its own trust banner rates 36.5% of generated rows trustworthy and says `timelock: unresolved` means NOT MEASURED. Axis 5 stays "Not assessed".
Tue Sep  8 11:08:02 PM CST 2026: axis5 emit skipped for apyusd (source walk unavailable)
MISSING: /home/danger/security_analyst/topology/assets/strc.yaml — emit nothing rather than a stale copy
Tue Sep  8 11:08:02 PM CST 2026: axis5 emit skipped for strc (source walk unavailable)
MISSING: /home/danger/security_analyst/topology/assets/mstr.yaml — emit nothing rather than a stale copy
Tue Sep  8 11:08:02 PM CST 2026: axis5 emit skipped for mstr (source walk unavailable)
MISSING: /home/danger/security_analyst/topology/assets/bmnr.yaml — emit nothing rather than a stale copy
Tue Sep  8 11:08:02 PM CST 2026: axis5 emit skipped for bmnr (source walk unavailable)
REFUSED: usdat.yaml is generator v1.7 output, not a hand-walk. Its own trust banner rates 36.5% of generated rows trustworthy and says `timelock: unresolved` means NOT MEASURED. Axis 5 stays "Not assessed".
Tue Sep  8 11:08:02 PM CST 2026: axis5 emit skipped for usdat (source walk unavailable)
MISSING: /home/danger/security_analyst/topology/assets/susdat.yaml — emit nothing rather than a stale copy
Tue Sep  8 11:08:02 PM CST 2026: axis5 emit skipped for susdat (source walk unavailable)
data/usdai_contract.json: as_of=2026-08-26 layers=2 unresolved=3 walk_notes=37
MISSING: /home/danger/security_analyst/topology/assets/susdai.yaml — emit nothing rather than a stale copy
Tue Sep  8 11:08:02 PM CST 2026: axis5 emit skipped for susdai (source walk unavailable)
data/usdm_contract.json: as_of=2026-09-07 layers=10 unresolved=7 walk_notes=35
MISSING: /home/danger/security_analyst/topology/assets/usde.yaml — emit nothing rather than a stale copy
Tue Sep  8 11:08:02 PM CST 2026: axis5 emit skipped for usde (source walk unavailable)
REFUSED: susde.yaml is generator v2.1 output, not a hand-walk. Its own trust banner rates 36.5% of generated rows trustworthy and says `timelock: unresolved` means NOT MEASURED. Axis 5 stays "Not assessed".
Tue Sep  8 11:08:02 PM CST 2026: axis5 emit skipped for susde (source walk unavailable)
data/usds_contract.json: as_of=2026-08-23 layers=2 unresolved=0 walk_notes=21
data/susds_contract.json: as_of=2026-09-07 layers=5 unresolved=2 walk_notes=3
MISSING: /home/danger/security_analyst/topology/assets/thusd.yaml — emit nothing rather than a stale copy
Tue Sep  8 11:08:02 PM CST 2026: axis5 emit skipped for thusd (source walk unavailable)
MISSING: /home/danger/security_analyst/topology/assets/cusd.yaml — emit nothing rather than a stale copy
Tue Sep  8 11:08:02 PM CST 2026: axis5 emit skipped for cusd (source walk unavailable)
data/hastra_prime_contract.json: as_of=2026-07-31 layers=3 unresolved=0 walk_notes=51
data/yzusd_contract.json: as_of=2026-09-06 layers=1 unresolved=3 walk_notes=34
data/syzusd_contract.json: as_of=2026-08-30 layers=3 unresolved=4 walk_notes=31
data/reusd_re_contract.json: as_of=2026-08-30 layers=2 unresolved=3 walk_notes=58
data/reusde_re_contract.json: as_of=2026-09-06 layers=2 unresolved=3 walk_notes=38
From https://github.com/todayindefi/backing-monitor
 * branch                main       -> FETCH_HEAD
MISSING: /home/danger/security_analyst/topology/assets/ousd.yaml — emit nothing rather than a stale copy
Wed Sep  9 12:08:01 AM CST 2026: axis5 emit skipped for ousd (source walk unavailable)
REFUSED: crvusd.yaml is generator v2.1 output, not a hand-walk. Its own trust banner rates 36.5% of generated rows trustworthy and says `timelock: unresolved` means NOT MEASURED. Axis 5 stays "Not assessed".
Wed Sep  9 12:08:01 AM CST 2026: axis5 emit skipped for crvusd (source walk unavailable)
data/usg_contract.json: as_of=2026-09-06 layers=3 unresolved=3 walk_notes=96
MISSING: /home/danger/security_analyst/topology/assets/usdd.yaml — emit nothing rather than a stale copy
Wed Sep  9 12:08:01 AM CST 2026: axis5 emit skipped for usdd (source walk unavailable)
data/syrupusdc_contract.json: as_of=2026-09-06 layers=8 unresolved=3 walk_notes=8
data/syrupusdt_contract.json: as_of=2026-09-06 layers=6 unresolved=3 walk_notes=8
MISSING: /home/danger/security_analyst/topology/assets/apxusd.yaml — emit nothing rather than a stale copy
Wed Sep  9 12:08:01 AM CST 2026: axis5 emit skipped for apxusd (source walk unavailable)
REFUSED: apyusd.yaml is generator v1.7 output, not a hand-walk. Its own trust banner rates 36.5% of generated rows trustworthy and says `timelock: unresolved` means NOT MEASURED. Axis 5 stays "Not assessed".
Wed Sep  9 12:08:01 AM CST 2026: axis5 emit skipped for apyusd (source walk unavailable)
MISSING: /home/danger/security_analyst/topology/assets/strc.yaml — emit nothing rather than a stale copy
Wed Sep  9 12:08:01 AM CST 2026: axis5 emit skipped for strc (source walk unavailable)
MISSING: /home/danger/security_analyst/topology/assets/mstr.yaml — emit nothing rather than a stale copy
Wed Sep  9 12:08:01 AM CST 2026: axis5 emit skipped for mstr (source walk unavailable)
MISSING: /home/danger/security_analyst/topology/assets/bmnr.yaml — emit nothing rather than a stale copy
Wed Sep  9 12:08:01 AM CST 2026: axis5 emit skipped for bmnr (source walk unavailable)
REFUSED: usdat.yaml is generator v1.7 output, not a hand-walk. Its own trust banner rates 36.5% of generated rows trustworthy and says `timelock: unresolved` means NOT MEASURED. Axis 5 stays "Not assessed".
Wed Sep  9 12:08:01 AM CST 2026: axis5 emit skipped for usdat (source walk unavailable)
MISSING: /home/danger/security_analyst/topology/assets/susdat.yaml — emit nothing rather than a stale copy
Wed Sep  9 12:08:01 AM CST 2026: axis5 emit skipped for susdat (source walk unavailable)
data/usdai_contract.json: as_of=2026-08-26 layers=2 unresolved=3 walk_notes=37
MISSING: /home/danger/security_analyst/topology/assets/susdai.yaml — emit nothing rather than a stale copy
Wed Sep  9 12:08:01 AM CST 2026: axis5 emit skipped for susdai (source walk unavailable)
data/usdm_contract.json: as_of=2026-09-07 layers=10 unresolved=7 walk_notes=35
MISSING: /home/danger/security_analyst/topology/assets/usde.yaml — emit nothing rather than a stale copy
Wed Sep  9 12:08:02 AM CST 2026: axis5 emit skipped for usde (source walk unavailable)
REFUSED: susde.yaml is generator v2.1 output, not a hand-walk. Its own trust banner rates 36.5% of generated rows trustworthy and says `timelock: unresolved` means NOT MEASURED. Axis 5 stays "Not assessed".
Wed Sep  9 12:08:02 AM CST 2026: axis5 emit skipped for susde (source walk unavailable)
data/usds_contract.json: as_of=2026-08-23 layers=2 unresolved=0 walk_notes=21
data/susds_contract.json: as_of=2026-09-07 layers=5 unresolved=2 walk_notes=3
MISSING: /home/danger/security_analyst/topology/assets/thusd.yaml — emit nothing rather than a stale copy
Wed Sep  9 12:08:02 AM CST 2026: axis5 emit skipped for thusd (source walk unavailable)
MISSING: /home/danger/security_analyst/topology/assets/cusd.yaml — emit nothing rather than a stale copy
Wed Sep  9 12:08:02 AM CST 2026: axis5 emit skipped for cusd (source walk unavailable)
data/hastra_prime_contract.json: as_of=2026-07-31 layers=3 unresolved=0 walk_notes=51
data/yzusd_contract.json: as_of=2026-09-06 layers=1 unresolved=3 walk_notes=34
data/syzusd_contract.json: as_of=2026-08-30 layers=3 unresolved=4 walk_notes=31
data/reusd_re_contract.json: as_of=2026-08-30 layers=2 unresolved=3 walk_notes=58
data/reusde_re_contract.json: as_of=2026-09-06 layers=2 unresolved=3 walk_notes=38
From https://github.com/todayindefi/backing-monitor
 * branch                main       -> FETCH_HEAD
MISSING: /home/danger/security_analyst/topology/assets/ousd.yaml — emit nothing rather than a stale copy
Wed Sep  9 01:08:01 AM CST 2026: axis5 emit skipped for ousd (source walk unavailable)
REFUSED: crvusd.yaml is generator v2.1 output, not a hand-walk. Its own trust banner rates 36.5% of generated rows trustworthy and says `timelock: unresolved` means NOT MEASURED. Axis 5 stays "Not assessed".
Wed Sep  9 01:08:01 AM CST 2026: axis5 emit skipped for crvusd (source walk unavailable)
data/usg_contract.json: as_of=2026-09-06 layers=3 unresolved=3 walk_notes=96
MISSING: /home/danger/security_analyst/topology/assets/usdd.yaml — emit nothing rather than a stale copy
Wed Sep  9 01:08:01 AM CST 2026: axis5 emit skipped for usdd (source walk unavailable)
data/syrupusdc_contract.json: as_of=2026-09-06 layers=8 unresolved=3 walk_notes=8
data/syrupusdt_contract.json: as_of=2026-09-06 layers=6 unresolved=3 walk_notes=8
MISSING: /home/danger/security_analyst/topology/assets/apxusd.yaml — emit nothing rather than a stale copy
Wed Sep  9 01:08:02 AM CST 2026: axis5 emit skipped for apxusd (source walk unavailable)
REFUSED: apyusd.yaml is generator v1.7 output, not a hand-walk. Its own trust banner rates 36.5% of generated rows trustworthy and says `timelock: unresolved` means NOT MEASURED. Axis 5 stays "Not assessed".
Wed Sep  9 01:08:02 AM CST 2026: axis5 emit skipped for apyusd (source walk unavailable)
MISSING: /home/danger/security_analyst/topology/assets/strc.yaml — emit nothing rather than a stale copy
Wed Sep  9 01:08:02 AM CST 2026: axis5 emit skipped for strc (source walk unavailable)
MISSING: /home/danger/security_analyst/topology/assets/mstr.yaml — emit nothing rather than a stale copy
Wed Sep  9 01:08:02 AM CST 2026: axis5 emit skipped for mstr (source walk unavailable)
MISSING: /home/danger/security_analyst/topology/assets/bmnr.yaml — emit nothing rather than a stale copy
Wed Sep  9 01:08:02 AM CST 2026: axis5 emit skipped for bmnr (source walk unavailable)
REFUSED: usdat.yaml is generator v1.7 output, not a hand-walk. Its own trust banner rates 36.5% of generated rows trustworthy and says `timelock: unresolved` means NOT MEASURED. Axis 5 stays "Not assessed".
Wed Sep  9 01:08:02 AM CST 2026: axis5 emit skipped for usdat (source walk unavailable)
MISSING: /home/danger/security_analyst/topology/assets/susdat.yaml — emit nothing rather than a stale copy
Wed Sep  9 01:08:02 AM CST 2026: axis5 emit skipped for susdat (source walk unavailable)
data/usdai_contract.json: as_of=2026-08-26 layers=2 unresolved=3 walk_notes=37
MISSING: /home/danger/security_analyst/topology/assets/susdai.yaml — emit nothing rather than a stale copy
Wed Sep  9 01:08:02 AM CST 2026: axis5 emit skipped for susdai (source walk unavailable)
data/usdm_contract.json: as_of=2026-09-07 layers=10 unresolved=7 walk_notes=35
MISSING: /home/danger/security_analyst/topology/assets/usde.yaml — emit nothing rather than a stale copy
Wed Sep  9 01:08:02 AM CST 2026: axis5 emit skipped for usde (source walk unavailable)
REFUSED: susde.yaml is generator v2.1 output, not a hand-walk. Its own trust banner rates 36.5% of generated rows trustworthy and says `timelock: unresolved` means NOT MEASURED. Axis 5 stays "Not assessed".
Wed Sep  9 01:08:02 AM CST 2026: axis5 emit skipped for susde (source walk unavailable)
data/usds_contract.json: as_of=2026-08-23 layers=2 unresolved=0 walk_notes=21
data/susds_contract.json: as_of=2026-09-07 layers=5 unresolved=2 walk_notes=3
MISSING: /home/danger/security_analyst/topology/assets/thusd.yaml — emit nothing rather than a stale copy
Wed Sep  9 01:08:02 AM CST 2026: axis5 emit skipped for thusd (source walk unavailable)
MISSING: /home/danger/security_analyst/topology/assets/cusd.yaml — emit nothing rather than a stale copy
Wed Sep  9 01:08:02 AM CST 2026: axis5 emit skipped for cusd (source walk unavailable)
data/hastra_prime_contract.json: as_of=2026-07-31 layers=3 unresolved=0 walk_notes=51
data/yzusd_contract.json: as_of=2026-09-06 layers=1 unresolved=3 walk_notes=34
data/syzusd_contract.json: as_of=2026-08-30 layers=3 unresolved=4 walk_notes=31
data/reusd_re_contract.json: as_of=2026-08-30 layers=2 unresolved=3 walk_notes=58
data/reusde_re_contract.json: as_of=2026-09-06 layers=2 unresolved=3 walk_notes=38
From https://github.com/todayindefi/backing-monitor
 * branch                main       -> FETCH_HEAD
MISSING: /home/danger/security_analyst/topology/assets/ousd.yaml — emit nothing rather than a stale copy
Wed Sep  9 02:08:01 AM CST 2026: axis5 emit skipped for ousd (source walk unavailable)
REFUSED: crvusd.yaml is generator v2.1 output, not a hand-walk. Its own trust banner rates 36.5% of generated rows trustworthy and says `timelock: unresolved` means NOT MEASURED. Axis 5 stays "Not assessed".
Wed Sep  9 02:08:01 AM CST 2026: axis5 emit skipped for crvusd (source walk unavailable)
data/usg_contract.json: as_of=2026-09-06 layers=3 unresolved=3 walk_notes=96
MISSING: /home/danger/security_analyst/topology/assets/usdd.yaml — emit nothing rather than a stale copy
Wed Sep  9 02:08:01 AM CST 2026: axis5 emit skipped for usdd (source walk unavailable)
data/syrupusdc_contract.json: as_of=2026-09-06 layers=8 unresolved=3 walk_notes=8
data/syrupusdt_contract.json: as_of=2026-09-06 layers=6 unresolved=3 walk_notes=8
MISSING: /home/danger/security_analyst/topology/assets/apxusd.yaml — emit nothing rather than a stale copy
Wed Sep  9 02:08:01 AM CST 2026: axis5 emit skipped for apxusd (source walk unavailable)
REFUSED: apyusd.yaml is generator v1.7 output, not a hand-walk. Its own trust banner rates 36.5% of generated rows trustworthy and says `timelock: unresolved` means NOT MEASURED. Axis 5 stays "Not assessed".
Wed Sep  9 02:08:01 AM CST 2026: axis5 emit skipped for apyusd (source walk unavailable)
MISSING: /home/danger/security_analyst/topology/assets/strc.yaml — emit nothing rather than a stale copy
Wed Sep  9 02:08:01 AM CST 2026: axis5 emit skipped for strc (source walk unavailable)
MISSING: /home/danger/security_analyst/topology/assets/mstr.yaml — emit nothing rather than a stale copy
Wed Sep  9 02:08:01 AM CST 2026: axis5 emit skipped for mstr (source walk unavailable)
MISSING: /home/danger/security_analyst/topology/assets/bmnr.yaml — emit nothing rather than a stale copy
Wed Sep  9 02:08:01 AM CST 2026: axis5 emit skipped for bmnr (source walk unavailable)
REFUSED: usdat.yaml is generator v1.7 output, not a hand-walk. Its own trust banner rates 36.5% of generated rows trustworthy and says `timelock: unresolved` means NOT MEASURED. Axis 5 stays "Not assessed".
Wed Sep  9 02:08:01 AM CST 2026: axis5 emit skipped for usdat (source walk unavailable)
MISSING: /home/danger/security_analyst/topology/assets/susdat.yaml — emit nothing rather than a stale copy
Wed Sep  9 02:08:01 AM CST 2026: axis5 emit skipped for susdat (source walk unavailable)
data/usdai_contract.json: as_of=2026-08-26 layers=2 unresolved=3 walk_notes=37
MISSING: /home/danger/security_analyst/topology/assets/susdai.yaml — emit nothing rather than a stale copy
Wed Sep  9 02:08:01 AM CST 2026: axis5 emit skipped for susdai (source walk unavailable)
data/usdm_contract.json: as_of=2026-09-07 layers=10 unresolved=7 walk_notes=35
MISSING: /home/danger/security_analyst/topology/assets/usde.yaml — emit nothing rather than a stale copy
Wed Sep  9 02:08:01 AM CST 2026: axis5 emit skipped for usde (source walk unavailable)
REFUSED: susde.yaml is generator v2.1 output, not a hand-walk. Its own trust banner rates 36.5% of generated rows trustworthy and says `timelock: unresolved` means NOT MEASURED. Axis 5 stays "Not assessed".
Wed Sep  9 02:08:01 AM CST 2026: axis5 emit skipped for susde (source walk unavailable)
data/usds_contract.json: as_of=2026-08-23 layers=2 unresolved=0 walk_notes=21
data/susds_contract.json: as_of=2026-09-07 layers=5 unresolved=2 walk_notes=3
MISSING: /home/danger/security_analyst/topology/assets/thusd.yaml — emit nothing rather than a stale copy
Wed Sep  9 02:08:01 AM CST 2026: axis5 emit skipped for thusd (source walk unavailable)
MISSING: /home/danger/security_analyst/topology/assets/cusd.yaml — emit nothing rather than a stale copy
Wed Sep  9 02:08:01 AM CST 2026: axis5 emit skipped for cusd (source walk unavailable)
data/hastra_prime_contract.json: as_of=2026-07-31 layers=3 unresolved=0 walk_notes=51
data/yzusd_contract.json: as_of=2026-09-06 layers=1 unresolved=3 walk_notes=34
data/syzusd_contract.json: as_of=2026-08-30 layers=3 unresolved=4 walk_notes=31
data/reusd_re_contract.json: as_of=2026-08-30 layers=2 unresolved=3 walk_notes=58
data/reusde_re_contract.json: as_of=2026-09-06 layers=2 unresolved=3 walk_notes=38
From https://github.com/todayindefi/backing-monitor
 * branch                main       -> FETCH_HEAD
MISSING: /home/danger/security_analyst/topology/assets/ousd.yaml — emit nothing rather than a stale copy
Wed Sep  9 03:08:02 AM CST 2026: axis5 emit skipped for ousd (source walk unavailable)
REFUSED: crvusd.yaml is generator v2.1 output, not a hand-walk. Its own trust banner rates 36.5% of generated rows trustworthy and says `timelock: unresolved` means NOT MEASURED. Axis 5 stays "Not assessed".
Wed Sep  9 03:08:02 AM CST 2026: axis5 emit skipped for crvusd (source walk unavailable)
data/usg_contract.json: as_of=2026-09-06 layers=3 unresolved=3 walk_notes=96
MISSING: /home/danger/security_analyst/topology/assets/usdd.yaml — emit nothing rather than a stale copy
Wed Sep  9 03:08:02 AM CST 2026: axis5 emit skipped for usdd (source walk unavailable)
data/syrupusdc_contract.json: as_of=2026-09-06 layers=8 unresolved=3 walk_notes=8
data/syrupusdt_contract.json: as_of=2026-09-06 layers=6 unresolved=3 walk_notes=8
MISSING: /home/danger/security_analyst/topology/assets/apxusd.yaml — emit nothing rather than a stale copy
Wed Sep  9 03:08:02 AM CST 2026: axis5 emit skipped for apxusd (source walk unavailable)
REFUSED: apyusd.yaml is generator v1.7 output, not a hand-walk. Its own trust banner rates 36.5% of generated rows trustworthy and says `timelock: unresolved` means NOT MEASURED. Axis 5 stays "Not assessed".
Wed Sep  9 03:08:02 AM CST 2026: axis5 emit skipped for apyusd (source walk unavailable)
MISSING: /home/danger/security_analyst/topology/assets/strc.yaml — emit nothing rather than a stale copy
Wed Sep  9 03:08:02 AM CST 2026: axis5 emit skipped for strc (source walk unavailable)
MISSING: /home/danger/security_analyst/topology/assets/mstr.yaml — emit nothing rather than a stale copy
Wed Sep  9 03:08:02 AM CST 2026: axis5 emit skipped for mstr (source walk unavailable)
MISSING: /home/danger/security_analyst/topology/assets/bmnr.yaml — emit nothing rather than a stale copy
Wed Sep  9 03:08:02 AM CST 2026: axis5 emit skipped for bmnr (source walk unavailable)
REFUSED: usdat.yaml is generator v1.7 output, not a hand-walk. Its own trust banner rates 36.5% of generated rows trustworthy and says `timelock: unresolved` means NOT MEASURED. Axis 5 stays "Not assessed".
Wed Sep  9 03:08:02 AM CST 2026: axis5 emit skipped for usdat (source walk unavailable)
MISSING: /home/danger/security_analyst/topology/assets/susdat.yaml — emit nothing rather than a stale copy
Wed Sep  9 03:08:02 AM CST 2026: axis5 emit skipped for susdat (source walk unavailable)
data/usdai_contract.json: as_of=2026-08-26 layers=2 unresolved=3 walk_notes=37
MISSING: /home/danger/security_analyst/topology/assets/susdai.yaml — emit nothing rather than a stale copy
Wed Sep  9 03:08:02 AM CST 2026: axis5 emit skipped for susdai (source walk unavailable)
data/usdm_contract.json: as_of=2026-09-07 layers=10 unresolved=7 walk_notes=35
MISSING: /home/danger/security_analyst/topology/assets/usde.yaml — emit nothing rather than a stale copy
Wed Sep  9 03:08:02 AM CST 2026: axis5 emit skipped for usde (source walk unavailable)
REFUSED: susde.yaml is generator v2.1 output, not a hand-walk. Its own trust banner rates 36.5% of generated rows trustworthy and says `timelock: unresolved` means NOT MEASURED. Axis 5 stays "Not assessed".
Wed Sep  9 03:08:02 AM CST 2026: axis5 emit skipped for susde (source walk unavailable)
data/usds_contract.json: as_of=2026-08-23 layers=2 unresolved=0 walk_notes=21
data/susds_contract.json: as_of=2026-09-07 layers=5 unresolved=2 walk_notes=3
MISSING: /home/danger/security_analyst/topology/assets/thusd.yaml — emit nothing rather than a stale copy
Wed Sep  9 03:08:02 AM CST 2026: axis5 emit skipped for thusd (source walk unavailable)
MISSING: /home/danger/security_analyst/topology/assets/cusd.yaml — emit nothing rather than a stale copy
Wed Sep  9 03:08:03 AM CST 2026: axis5 emit skipped for cusd (source walk unavailable)
data/hastra_prime_contract.json: as_of=2026-07-31 layers=3 unresolved=0 walk_notes=51
data/yzusd_contract.json: as_of=2026-09-06 layers=1 unresolved=3 walk_notes=34
data/syzusd_contract.json: as_of=2026-08-30 layers=3 unresolved=4 walk_notes=31
data/reusd_re_contract.json: as_of=2026-08-30 layers=2 unresolved=3 walk_notes=58
data/reusde_re_contract.json: as_of=2026-09-06 layers=2 unresolved=3 walk_notes=38
From https://github.com/todayindefi/backing-monitor
 * branch                main       -> FETCH_HEAD
MISSING: /home/danger/security_analyst/topology/assets/ousd.yaml — emit nothing rather than a stale copy
Wed Sep  9 04:08:02 AM CST 2026: axis5 emit skipped for ousd (source walk unavailable)
REFUSED: crvusd.yaml is generator v2.1 output, not a hand-walk. Its own trust banner rates 36.5% of generated rows trustworthy and says `timelock: unresolved` means NOT MEASURED. Axis 5 stays "Not assessed".
Wed Sep  9 04:08:02 AM CST 2026: axis5 emit skipped for crvusd (source walk unavailable)
data/usg_contract.json: as_of=2026-09-06 layers=3 unresolved=3 walk_notes=96
MISSING: /home/danger/security_analyst/topology/assets/usdd.yaml — emit nothing rather than a stale copy
Wed Sep  9 04:08:02 AM CST 2026: axis5 emit skipped for usdd (source walk unavailable)
data/syrupusdc_contract.json: as_of=2026-09-06 layers=8 unresolved=3 walk_notes=8
data/syrupusdt_contract.json: as_of=2026-09-06 layers=6 unresolved=3 walk_notes=8
MISSING: /home/danger/security_analyst/topology/assets/apxusd.yaml — emit nothing rather than a stale copy
Wed Sep  9 04:08:02 AM CST 2026: axis5 emit skipped for apxusd (source walk unavailable)
REFUSED: apyusd.yaml is generator v1.7 output, not a hand-walk. Its own trust banner rates 36.5% of generated rows trustworthy and says `timelock: unresolved` means NOT MEASURED. Axis 5 stays "Not assessed".
Wed Sep  9 04:08:02 AM CST 2026: axis5 emit skipped for apyusd (source walk unavailable)
MISSING: /home/danger/security_analyst/topology/assets/strc.yaml — emit nothing rather than a stale copy
Wed Sep  9 04:08:02 AM CST 2026: axis5 emit skipped for strc (source walk unavailable)
MISSING: /home/danger/security_analyst/topology/assets/mstr.yaml — emit nothing rather than a stale copy
Wed Sep  9 04:08:02 AM CST 2026: axis5 emit skipped for mstr (source walk unavailable)
MISSING: /home/danger/security_analyst/topology/assets/bmnr.yaml — emit nothing rather than a stale copy
Wed Sep  9 04:08:02 AM CST 2026: axis5 emit skipped for bmnr (source walk unavailable)
REFUSED: usdat.yaml is generator v1.7 output, not a hand-walk. Its own trust banner rates 36.5% of generated rows trustworthy and says `timelock: unresolved` means NOT MEASURED. Axis 5 stays "Not assessed".
Wed Sep  9 04:08:02 AM CST 2026: axis5 emit skipped for usdat (source walk unavailable)
MISSING: /home/danger/security_analyst/topology/assets/susdat.yaml — emit nothing rather than a stale copy
Wed Sep  9 04:08:02 AM CST 2026: axis5 emit skipped for susdat (source walk unavailable)
data/usdai_contract.json: as_of=2026-08-26 layers=2 unresolved=3 walk_notes=37
MISSING: /home/danger/security_analyst/topology/assets/susdai.yaml — emit nothing rather than a stale copy
Wed Sep  9 04:08:02 AM CST 2026: axis5 emit skipped for susdai (source walk unavailable)
data/usdm_contract.json: as_of=2026-09-07 layers=10 unresolved=7 walk_notes=35
MISSING: /home/danger/security_analyst/topology/assets/usde.yaml — emit nothing rather than a stale copy
Wed Sep  9 04:08:02 AM CST 2026: axis5 emit skipped for usde (source walk unavailable)
REFUSED: susde.yaml is generator v2.1 output, not a hand-walk. Its own trust banner rates 36.5% of generated rows trustworthy and says `timelock: unresolved` means NOT MEASURED. Axis 5 stays "Not assessed".
Wed Sep  9 04:08:02 AM CST 2026: axis5 emit skipped for susde (source walk unavailable)
data/usds_contract.json: as_of=2026-08-23 layers=2 unresolved=0 walk_notes=21
data/susds_contract.json: as_of=2026-09-07 layers=5 unresolved=2 walk_notes=3
MISSING: /home/danger/security_analyst/topology/assets/thusd.yaml — emit nothing rather than a stale copy
Wed Sep  9 04:08:02 AM CST 2026: axis5 emit skipped for thusd (source walk unavailable)
MISSING: /home/danger/security_analyst/topology/assets/cusd.yaml — emit nothing rather than a stale copy
Wed Sep  9 04:08:02 AM CST 2026: axis5 emit skipped for cusd (source walk unavailable)
data/hastra_prime_contract.json: as_of=2026-07-31 layers=3 unresolved=0 walk_notes=51
data/yzusd_contract.json: as_of=2026-09-06 layers=1 unresolved=3 walk_notes=34
data/syzusd_contract.json: as_of=2026-08-30 layers=3 unresolved=4 walk_notes=31
data/reusd_re_contract.json: as_of=2026-08-30 layers=2 unresolved=3 walk_notes=58
data/reusde_re_contract.json: as_of=2026-09-06 layers=2 unresolved=3 walk_notes=38
From https://github.com/todayindefi/backing-monitor
 * branch                main       -> FETCH_HEAD
MISSING: /home/danger/security_analyst/topology/assets/ousd.yaml — emit nothing rather than a stale copy
Wed Sep  9 05:08:01 AM CST 2026: axis5 emit skipped for ousd (source walk unavailable)
REFUSED: crvusd.yaml is generator v2.1 output, not a hand-walk. Its own trust banner rates 36.5% of generated rows trustworthy and says `timelock: unresolved` means NOT MEASURED. Axis 5 stays "Not assessed".
Wed Sep  9 05:08:01 AM CST 2026: axis5 emit skipped for crvusd (source walk unavailable)
data/usg_contract.json: as_of=2026-09-06 layers=3 unresolved=3 walk_notes=96
MISSING: /home/danger/security_analyst/topology/assets/usdd.yaml — emit nothing rather than a stale copy
Wed Sep  9 05:08:01 AM CST 2026: axis5 emit skipped for usdd (source walk unavailable)
data/syrupusdc_contract.json: as_of=2026-09-06 layers=8 unresolved=3 walk_notes=8
data/syrupusdt_contract.json: as_of=2026-09-06 layers=6 unresolved=3 walk_notes=8
MISSING: /home/danger/security_analyst/topology/assets/apxusd.yaml — emit nothing rather than a stale copy
Wed Sep  9 05:08:01 AM CST 2026: axis5 emit skipped for apxusd (source walk unavailable)
REFUSED: apyusd.yaml is generator v1.7 output, not a hand-walk. Its own trust banner rates 36.5% of generated rows trustworthy and says `timelock: unresolved` means NOT MEASURED. Axis 5 stays "Not assessed".
Wed Sep  9 05:08:01 AM CST 2026: axis5 emit skipped for apyusd (source walk unavailable)
MISSING: /home/danger/security_analyst/topology/assets/strc.yaml — emit nothing rather than a stale copy
Wed Sep  9 05:08:02 AM CST 2026: axis5 emit skipped for strc (source walk unavailable)
MISSING: /home/danger/security_analyst/topology/assets/mstr.yaml — emit nothing rather than a stale copy
Wed Sep  9 05:08:02 AM CST 2026: axis5 emit skipped for mstr (source walk unavailable)
MISSING: /home/danger/security_analyst/topology/assets/bmnr.yaml — emit nothing rather than a stale copy
Wed Sep  9 05:08:02 AM CST 2026: axis5 emit skipped for bmnr (source walk unavailable)
REFUSED: usdat.yaml is generator v1.7 output, not a hand-walk. Its own trust banner rates 36.5% of generated rows trustworthy and says `timelock: unresolved` means NOT MEASURED. Axis 5 stays "Not assessed".
Wed Sep  9 05:08:02 AM CST 2026: axis5 emit skipped for usdat (source walk unavailable)
MISSING: /home/danger/security_analyst/topology/assets/susdat.yaml — emit nothing rather than a stale copy
Wed Sep  9 05:08:02 AM CST 2026: axis5 emit skipped for susdat (source walk unavailable)
data/usdai_contract.json: as_of=2026-08-26 layers=2 unresolved=3 walk_notes=37
MISSING: /home/danger/security_analyst/topology/assets/susdai.yaml — emit nothing rather than a stale copy
Wed Sep  9 05:08:02 AM CST 2026: axis5 emit skipped for susdai (source walk unavailable)
data/usdm_contract.json: as_of=2026-09-07 layers=10 unresolved=7 walk_notes=35
MISSING: /home/danger/security_analyst/topology/assets/usde.yaml — emit nothing rather than a stale copy
Wed Sep  9 05:08:02 AM CST 2026: axis5 emit skipped for usde (source walk unavailable)
REFUSED: susde.yaml is generator v2.1 output, not a hand-walk. Its own trust banner rates 36.5% of generated rows trustworthy and says `timelock: unresolved` means NOT MEASURED. Axis 5 stays "Not assessed".
Wed Sep  9 05:08:02 AM CST 2026: axis5 emit skipped for susde (source walk unavailable)
data/usds_contract.json: as_of=2026-08-23 layers=2 unresolved=0 walk_notes=21
data/susds_contract.json: as_of=2026-09-07 layers=5 unresolved=2 walk_notes=3
MISSING: /home/danger/security_analyst/topology/assets/thusd.yaml — emit nothing rather than a stale copy
Wed Sep  9 05:08:02 AM CST 2026: axis5 emit skipped for thusd (source walk unavailable)
MISSING: /home/danger/security_analyst/topology/assets/cusd.yaml — emit nothing rather than a stale copy
Wed Sep  9 05:08:02 AM CST 2026: axis5 emit skipped for cusd (source walk unavailable)
data/hastra_prime_contract.json: as_of=2026-07-31 layers=3 unresolved=0 walk_notes=51
data/yzusd_contract.json: as_of=2026-09-06 layers=1 unresolved=3 walk_notes=34
data/syzusd_contract.json: as_of=2026-08-30 layers=3 unresolved=4 walk_notes=31
data/reusd_re_contract.json: as_of=2026-08-30 layers=2 unresolved=3 walk_notes=58
data/reusde_re_contract.json: as_of=2026-09-06 layers=2 unresolved=3 walk_notes=38
From https://github.com/todayindefi/backing-monitor
 * branch                main       -> FETCH_HEAD
MISSING: /home/danger/security_analyst/topology/assets/ousd.yaml — emit nothing rather than a stale copy
Wed Sep  9 06:08:01 AM CST 2026: axis5 emit skipped for ousd (source walk unavailable)
REFUSED: crvusd.yaml is generator v2.1 output, not a hand-walk. Its own trust banner rates 36.5% of generated rows trustworthy and says `timelock: unresolved` means NOT MEASURED. Axis 5 stays "Not assessed".
Wed Sep  9 06:08:01 AM CST 2026: axis5 emit skipped for crvusd (source walk unavailable)
data/usg_contract.json: as_of=2026-09-06 layers=3 unresolved=3 walk_notes=96
MISSING: /home/danger/security_analyst/topology/assets/usdd.yaml — emit nothing rather than a stale copy
Wed Sep  9 06:08:01 AM CST 2026: axis5 emit skipped for usdd (source walk unavailable)
data/syrupusdc_contract.json: as_of=2026-09-06 layers=8 unresolved=3 walk_notes=8
data/syrupusdt_contract.json: as_of=2026-09-06 layers=6 unresolved=3 walk_notes=8
MISSING: /home/danger/security_analyst/topology/assets/apxusd.yaml — emit nothing rather than a stale copy
Wed Sep  9 06:08:01 AM CST 2026: axis5 emit skipped for apxusd (source walk unavailable)
REFUSED: apyusd.yaml is generator v1.7 output, not a hand-walk. Its own trust banner rates 36.5% of generated rows trustworthy and says `timelock: unresolved` means NOT MEASURED. Axis 5 stays "Not assessed".
Wed Sep  9 06:08:01 AM CST 2026: axis5 emit skipped for apyusd (source walk unavailable)
MISSING: /home/danger/security_analyst/topology/assets/strc.yaml — emit nothing rather than a stale copy
Wed Sep  9 06:08:01 AM CST 2026: axis5 emit skipped for strc (source walk unavailable)
MISSING: /home/danger/security_analyst/topology/assets/mstr.yaml — emit nothing rather than a stale copy
Wed Sep  9 06:08:01 AM CST 2026: axis5 emit skipped for mstr (source walk unavailable)
MISSING: /home/danger/security_analyst/topology/assets/bmnr.yaml — emit nothing rather than a stale copy
Wed Sep  9 06:08:01 AM CST 2026: axis5 emit skipped for bmnr (source walk unavailable)
REFUSED: usdat.yaml is generator v1.7 output, not a hand-walk. Its own trust banner rates 36.5% of generated rows trustworthy and says `timelock: unresolved` means NOT MEASURED. Axis 5 stays "Not assessed".
Wed Sep  9 06:08:01 AM CST 2026: axis5 emit skipped for usdat (source walk unavailable)
MISSING: /home/danger/security_analyst/topology/assets/susdat.yaml — emit nothing rather than a stale copy
Wed Sep  9 06:08:01 AM CST 2026: axis5 emit skipped for susdat (source walk unavailable)
data/usdai_contract.json: as_of=2026-08-26 layers=2 unresolved=3 walk_notes=37
MISSING: /home/danger/security_analyst/topology/assets/susdai.yaml — emit nothing rather than a stale copy
Wed Sep  9 06:08:01 AM CST 2026: axis5 emit skipped for susdai (source walk unavailable)
data/usdm_contract.json: as_of=2026-09-07 layers=10 unresolved=7 walk_notes=35
MISSING: /home/danger/security_analyst/topology/assets/usde.yaml — emit nothing rather than a stale copy
Wed Sep  9 06:08:02 AM CST 2026: axis5 emit skipped for usde (source walk unavailable)
REFUSED: susde.yaml is generator v2.1 output, not a hand-walk. Its own trust banner rates 36.5% of generated rows trustworthy and says `timelock: unresolved` means NOT MEASURED. Axis 5 stays "Not assessed".
Wed Sep  9 06:08:02 AM CST 2026: axis5 emit skipped for susde (source walk unavailable)
data/usds_contract.json: as_of=2026-08-23 layers=2 unresolved=0 walk_notes=21
data/susds_contract.json: as_of=2026-09-07 layers=5 unresolved=2 walk_notes=3
MISSING: /home/danger/security_analyst/topology/assets/thusd.yaml — emit nothing rather than a stale copy
Wed Sep  9 06:08:02 AM CST 2026: axis5 emit skipped for thusd (source walk unavailable)
MISSING: /home/danger/security_analyst/topology/assets/cusd.yaml — emit nothing rather than a stale copy
Wed Sep  9 06:08:02 AM CST 2026: axis5 emit skipped for cusd (source walk unavailable)
data/hastra_prime_contract.json: as_of=2026-07-31 layers=3 unresolved=0 walk_notes=51
data/yzusd_contract.json: as_of=2026-09-06 layers=1 unresolved=3 walk_notes=34
data/syzusd_contract.json: as_of=2026-08-30 layers=3 unresolved=4 walk_notes=31
data/reusd_re_contract.json: as_of=2026-08-30 layers=2 unresolved=3 walk_notes=58
data/reusde_re_contract.json: as_of=2026-09-06 layers=2 unresolved=3 walk_notes=38
From https://github.com/todayindefi/backing-monitor
 * branch                main       -> FETCH_HEAD
MISSING: /home/danger/security_analyst/topology/assets/ousd.yaml — emit nothing rather than a stale copy
Wed Sep  9 07:08:01 AM CST 2026: axis5 emit skipped for ousd (source walk unavailable)
REFUSED: crvusd.yaml is generator v2.1 output, not a hand-walk. Its own trust banner rates 36.5% of generated rows trustworthy and says `timelock: unresolved` means NOT MEASURED. Axis 5 stays "Not assessed".
Wed Sep  9 07:08:01 AM CST 2026: axis5 emit skipped for crvusd (source walk unavailable)
data/usg_contract.json: as_of=2026-09-06 layers=3 unresolved=3 walk_notes=96
MISSING: /home/danger/security_analyst/topology/assets/usdd.yaml — emit nothing rather than a stale copy
Wed Sep  9 07:08:01 AM CST 2026: axis5 emit skipped for usdd (source walk unavailable)
data/syrupusdc_contract.json: as_of=2026-09-06 layers=8 unresolved=3 walk_notes=8
data/syrupusdt_contract.json: as_of=2026-09-06 layers=6 unresolved=3 walk_notes=8
MISSING: /home/danger/security_analyst/topology/assets/apxusd.yaml — emit nothing rather than a stale copy
Wed Sep  9 07:08:01 AM CST 2026: axis5 emit skipped for apxusd (source walk unavailable)
REFUSED: apyusd.yaml is generator v1.7 output, not a hand-walk. Its own trust banner rates 36.5% of generated rows trustworthy and says `timelock: unresolved` means NOT MEASURED. Axis 5 stays "Not assessed".
Wed Sep  9 07:08:01 AM CST 2026: axis5 emit skipped for apyusd (source walk unavailable)
MISSING: /home/danger/security_analyst/topology/assets/strc.yaml — emit nothing rather than a stale copy
Wed Sep  9 07:08:01 AM CST 2026: axis5 emit skipped for strc (source walk unavailable)
MISSING: /home/danger/security_analyst/topology/assets/mstr.yaml — emit nothing rather than a stale copy
Wed Sep  9 07:08:01 AM CST 2026: axis5 emit skipped for mstr (source walk unavailable)
MISSING: /home/danger/security_analyst/topology/assets/bmnr.yaml — emit nothing rather than a stale copy
Wed Sep  9 07:08:01 AM CST 2026: axis5 emit skipped for bmnr (source walk unavailable)
REFUSED: usdat.yaml is generator v1.7 output, not a hand-walk. Its own trust banner rates 36.5% of generated rows trustworthy and says `timelock: unresolved` means NOT MEASURED. Axis 5 stays "Not assessed".
Wed Sep  9 07:08:01 AM CST 2026: axis5 emit skipped for usdat (source walk unavailable)
MISSING: /home/danger/security_analyst/topology/assets/susdat.yaml — emit nothing rather than a stale copy
Wed Sep  9 07:08:01 AM CST 2026: axis5 emit skipped for susdat (source walk unavailable)
data/usdai_contract.json: as_of=2026-08-26 layers=2 unresolved=3 walk_notes=37
MISSING: /home/danger/security_analyst/topology/assets/susdai.yaml — emit nothing rather than a stale copy
Wed Sep  9 07:08:02 AM CST 2026: axis5 emit skipped for susdai (source walk unavailable)
data/usdm_contract.json: as_of=2026-09-07 layers=10 unresolved=7 walk_notes=35
MISSING: /home/danger/security_analyst/topology/assets/usde.yaml — emit nothing rather than a stale copy
Wed Sep  9 07:08:02 AM CST 2026: axis5 emit skipped for usde (source walk unavailable)
REFUSED: susde.yaml is generator v2.1 output, not a hand-walk. Its own trust banner rates 36.5% of generated rows trustworthy and says `timelock: unresolved` means NOT MEASURED. Axis 5 stays "Not assessed".
Wed Sep  9 07:08:02 AM CST 2026: axis5 emit skipped for susde (source walk unavailable)
data/usds_contract.json: as_of=2026-08-23 layers=2 unresolved=0 walk_notes=21
data/susds_contract.json: as_of=2026-09-07 layers=5 unresolved=2 walk_notes=3
MISSING: /home/danger/security_analyst/topology/assets/thusd.yaml — emit nothing rather than a stale copy
Wed Sep  9 07:08:02 AM CST 2026: axis5 emit skipped for thusd (source walk unavailable)
MISSING: /home/danger/security_analyst/topology/assets/cusd.yaml — emit nothing rather than a stale copy
Wed Sep  9 07:08:02 AM CST 2026: axis5 emit skipped for cusd (source walk unavailable)
data/hastra_prime_contract.json: as_of=2026-07-31 layers=3 unresolved=0 walk_notes=51
data/yzusd_contract.json: as_of=2026-09-06 layers=1 unresolved=3 walk_notes=34
data/syzusd_contract.json: as_of=2026-08-30 layers=3 unresolved=4 walk_notes=31
data/reusd_re_contract.json: as_of=2026-08-30 layers=2 unresolved=3 walk_notes=58
data/reusde_re_contract.json: as_of=2026-09-06 layers=2 unresolved=3 walk_notes=38
From https://github.com/todayindefi/backing-monitor
 * branch                main       -> FETCH_HEAD
MISSING: /home/danger/security_analyst/topology/assets/ousd.yaml — emit nothing rather than a stale copy
Wed Sep  9 08:08:01 AM CST 2026: axis5 emit skipped for ousd (source walk unavailable)
REFUSED: crvusd.yaml is generator v2.1 output, not a hand-walk. Its own trust banner rates 36.5% of generated rows trustworthy and says `timelock: unresolved` means NOT MEASURED. Axis 5 stays "Not assessed".
Wed Sep  9 08:08:01 AM CST 2026: axis5 emit skipped for crvusd (source walk unavailable)
data/usg_contract.json: as_of=2026-09-06 layers=3 unresolved=3 walk_notes=96
MISSING: /home/danger/security_analyst/topology/assets/usdd.yaml — emit nothing rather than a stale copy
Wed Sep  9 08:08:01 AM CST 2026: axis5 emit skipped for usdd (source walk unavailable)
data/syrupusdc_contract.json: as_of=2026-09-06 layers=8 unresolved=3 walk_notes=8
data/syrupusdt_contract.json: as_of=2026-09-06 layers=6 unresolved=3 walk_notes=8
MISSING: /home/danger/security_analyst/topology/assets/apxusd.yaml — emit nothing rather than a stale copy
Wed Sep  9 08:08:02 AM CST 2026: axis5 emit skipped for apxusd (source walk unavailable)
REFUSED: apyusd.yaml is generator v1.7 output, not a hand-walk. Its own trust banner rates 36.5% of generated rows trustworthy and says `timelock: unresolved` means NOT MEASURED. Axis 5 stays "Not assessed".
Wed Sep  9 08:08:02 AM CST 2026: axis5 emit skipped for apyusd (source walk unavailable)
MISSING: /home/danger/security_analyst/topology/assets/strc.yaml — emit nothing rather than a stale copy
Wed Sep  9 08:08:02 AM CST 2026: axis5 emit skipped for strc (source walk unavailable)
MISSING: /home/danger/security_analyst/topology/assets/mstr.yaml — emit nothing rather than a stale copy
Wed Sep  9 08:08:02 AM CST 2026: axis5 emit skipped for mstr (source walk unavailable)
MISSING: /home/danger/security_analyst/topology/assets/bmnr.yaml — emit nothing rather than a stale copy
Wed Sep  9 08:08:02 AM CST 2026: axis5 emit skipped for bmnr (source walk unavailable)
REFUSED: usdat.yaml is generator v1.7 output, not a hand-walk. Its own trust banner rates 36.5% of generated rows trustworthy and says `timelock: unresolved` means NOT MEASURED. Axis 5 stays "Not assessed".
Wed Sep  9 08:08:02 AM CST 2026: axis5 emit skipped for usdat (source walk unavailable)
MISSING: /home/danger/security_analyst/topology/assets/susdat.yaml — emit nothing rather than a stale copy
Wed Sep  9 08:08:02 AM CST 2026: axis5 emit skipped for susdat (source walk unavailable)
data/usdai_contract.json: as_of=2026-08-26 layers=2 unresolved=3 walk_notes=37
MISSING: /home/danger/security_analyst/topology/assets/susdai.yaml — emit nothing rather than a stale copy
Wed Sep  9 08:08:02 AM CST 2026: axis5 emit skipped for susdai (source walk unavailable)
data/usdm_contract.json: as_of=2026-09-07 layers=10 unresolved=7 walk_notes=35
MISSING: /home/danger/security_analyst/topology/assets/usde.yaml — emit nothing rather than a stale copy
Wed Sep  9 08:08:02 AM CST 2026: axis5 emit skipped for usde (source walk unavailable)
REFUSED: susde.yaml is generator v2.1 output, not a hand-walk. Its own trust banner rates 36.5% of generated rows trustworthy and says `timelock: unresolved` means NOT MEASURED. Axis 5 stays "Not assessed".
Wed Sep  9 08:08:02 AM CST 2026: axis5 emit skipped for susde (source walk unavailable)
data/usds_contract.json: as_of=2026-08-23 layers=2 unresolved=0 walk_notes=21
data/susds_contract.json: as_of=2026-09-07 layers=5 unresolved=2 walk_notes=3
MISSING: /home/danger/security_analyst/topology/assets/thusd.yaml — emit nothing rather than a stale copy
Wed Sep  9 08:08:02 AM CST 2026: axis5 emit skipped for thusd (source walk unavailable)
MISSING: /home/danger/security_analyst/topology/assets/cusd.yaml — emit nothing rather than a stale copy
Wed Sep  9 08:08:02 AM CST 2026: axis5 emit skipped for cusd (source walk unavailable)
data/hastra_prime_contract.json: as_of=2026-07-31 layers=3 unresolved=0 walk_notes=51
data/yzusd_contract.json: as_of=2026-09-06 layers=1 unresolved=3 walk_notes=34
data/syzusd_contract.json: as_of=2026-08-30 layers=3 unresolved=4 walk_notes=31
data/reusd_re_contract.json: as_of=2026-08-30 layers=2 unresolved=3 walk_notes=58
data/reusde_re_contract.json: as_of=2026-09-06 layers=2 unresolved=3 walk_notes=38
From https://github.com/todayindefi/backing-monitor
 * branch                main       -> FETCH_HEAD
MISSING: /home/danger/security_analyst/topology/assets/ousd.yaml — emit nothing rather than a stale copy
Wed Sep  9 09:08:01 AM CST 2026: axis5 emit skipped for ousd (source walk unavailable)
REFUSED: crvusd.yaml is generator v2.1 output, not a hand-walk. Its own trust banner rates 36.5% of generated rows trustworthy and says `timelock: unresolved` means NOT MEASURED. Axis 5 stays "Not assessed".
Wed Sep  9 09:08:01 AM CST 2026: axis5 emit skipped for crvusd (source walk unavailable)
data/usg_contract.json: as_of=2026-09-06 layers=3 unresolved=3 walk_notes=96
MISSING: /home/danger/security_analyst/topology/assets/usdd.yaml — emit nothing rather than a stale copy
Wed Sep  9 09:08:01 AM CST 2026: axis5 emit skipped for usdd (source walk unavailable)
data/syrupusdc_contract.json: as_of=2026-09-06 layers=8 unresolved=3 walk_notes=8
data/syrupusdt_contract.json: as_of=2026-09-06 layers=6 unresolved=3 walk_notes=8
MISSING: /home/danger/security_analyst/topology/assets/apxusd.yaml — emit nothing rather than a stale copy
Wed Sep  9 09:08:01 AM CST 2026: axis5 emit skipped for apxusd (source walk unavailable)
REFUSED: apyusd.yaml is generator v1.7 output, not a hand-walk. Its own trust banner rates 36.5% of generated rows trustworthy and says `timelock: unresolved` means NOT MEASURED. Axis 5 stays "Not assessed".
Wed Sep  9 09:08:01 AM CST 2026: axis5 emit skipped for apyusd (source walk unavailable)
MISSING: /home/danger/security_analyst/topology/assets/strc.yaml — emit nothing rather than a stale copy
Wed Sep  9 09:08:01 AM CST 2026: axis5 emit skipped for strc (source walk unavailable)
MISSING: /home/danger/security_analyst/topology/assets/mstr.yaml — emit nothing rather than a stale copy
Wed Sep  9 09:08:01 AM CST 2026: axis5 emit skipped for mstr (source walk unavailable)
MISSING: /home/danger/security_analyst/topology/assets/bmnr.yaml — emit nothing rather than a stale copy
Wed Sep  9 09:08:02 AM CST 2026: axis5 emit skipped for bmnr (source walk unavailable)
REFUSED: usdat.yaml is generator v1.7 output, not a hand-walk. Its own trust banner rates 36.5% of generated rows trustworthy and says `timelock: unresolved` means NOT MEASURED. Axis 5 stays "Not assessed".
Wed Sep  9 09:08:02 AM CST 2026: axis5 emit skipped for usdat (source walk unavailable)
MISSING: /home/danger/security_analyst/topology/assets/susdat.yaml — emit nothing rather than a stale copy
Wed Sep  9 09:08:02 AM CST 2026: axis5 emit skipped for susdat (source walk unavailable)
data/usdai_contract.json: as_of=2026-08-26 layers=2 unresolved=3 walk_notes=37
MISSING: /home/danger/security_analyst/topology/assets/susdai.yaml — emit nothing rather than a stale copy
Wed Sep  9 09:08:02 AM CST 2026: axis5 emit skipped for susdai (source walk unavailable)
data/usdm_contract.json: as_of=2026-09-07 layers=10 unresolved=7 walk_notes=35
MISSING: /home/danger/security_analyst/topology/assets/usde.yaml — emit nothing rather than a stale copy
Wed Sep  9 09:08:02 AM CST 2026: axis5 emit skipped for usde (source walk unavailable)
REFUSED: susde.yaml is generator v2.1 output, not a hand-walk. Its own trust banner rates 36.5% of generated rows trustworthy and says `timelock: unresolved` means NOT MEASURED. Axis 5 stays "Not assessed".
Wed Sep  9 09:08:02 AM CST 2026: axis5 emit skipped for susde (source walk unavailable)
data/usds_contract.json: as_of=2026-08-23 layers=2 unresolved=0 walk_notes=21
data/susds_contract.json: as_of=2026-09-07 layers=5 unresolved=2 walk_notes=3
MISSING: /home/danger/security_analyst/topology/assets/thusd.yaml — emit nothing rather than a stale copy
Wed Sep  9 09:08:02 AM CST 2026: axis5 emit skipped for thusd (source walk unavailable)
MISSING: /home/danger/security_analyst/topology/assets/cusd.yaml — emit nothing rather than a stale copy
Wed Sep  9 09:08:02 AM CST 2026: axis5 emit skipped for cusd (source walk unavailable)
data/hastra_prime_contract.json: as_of=2026-07-31 layers=3 unresolved=0 walk_notes=51
data/yzusd_contract.json: as_of=2026-09-06 layers=1 unresolved=3 walk_notes=34
data/syzusd_contract.json: as_of=2026-08-30 layers=3 unresolved=4 walk_notes=31
data/reusd_re_contract.json: as_of=2026-08-30 layers=2 unresolved=3 walk_notes=58
data/reusde_re_contract.json: as_of=2026-09-06 layers=2 unresolved=3 walk_notes=38
From https://github.com/todayindefi/backing-monitor
 * branch                main       -> FETCH_HEAD
MISSING: /home/danger/security_analyst/topology/assets/ousd.yaml — emit nothing rather than a stale copy
Wed Sep  9 10:08:02 AM CST 2026: axis5 emit skipped for ousd (source walk unavailable)
REFUSED: crvusd.yaml is generator v2.1 output, not a hand-walk. Its own trust banner rates 36.5% of generated rows trustworthy and says `timelock: unresolved` means NOT MEASURED. Axis 5 stays "Not assessed".
Wed Sep  9 10:08:02 AM CST 2026: axis5 emit skipped for crvusd (source walk unavailable)
data/usg_contract.json: as_of=2026-09-06 layers=3 unresolved=3 walk_notes=96
MISSING: /home/danger/security_analyst/topology/assets/usdd.yaml — emit nothing rather than a stale copy
Wed Sep  9 10:08:03 AM CST 2026: axis5 emit skipped for usdd (source walk unavailable)
data/syrupusdc_contract.json: as_of=2026-09-06 layers=8 unresolved=3 walk_notes=8
data/syrupusdt_contract.json: as_of=2026-09-06 layers=6 unresolved=3 walk_notes=8
MISSING: /home/danger/security_analyst/topology/assets/apxusd.yaml — emit nothing rather than a stale copy
Wed Sep  9 10:08:03 AM CST 2026: axis5 emit skipped for apxusd (source walk unavailable)
REFUSED: apyusd.yaml is generator v1.7 output, not a hand-walk. Its own trust banner rates 36.5% of generated rows trustworthy and says `timelock: unresolved` means NOT MEASURED. Axis 5 stays "Not assessed".
Wed Sep  9 10:08:03 AM CST 2026: axis5 emit skipped for apyusd (source walk unavailable)
MISSING: /home/danger/security_analyst/topology/assets/strc.yaml — emit nothing rather than a stale copy
Wed Sep  9 10:08:03 AM CST 2026: axis5 emit skipped for strc (source walk unavailable)
MISSING: /home/danger/security_analyst/topology/assets/mstr.yaml — emit nothing rather than a stale copy
Wed Sep  9 10:08:03 AM CST 2026: axis5 emit skipped for mstr (source walk unavailable)
MISSING: /home/danger/security_analyst/topology/assets/bmnr.yaml — emit nothing rather than a stale copy
Wed Sep  9 10:08:03 AM CST 2026: axis5 emit skipped for bmnr (source walk unavailable)
REFUSED: usdat.yaml is generator v1.7 output, not a hand-walk. Its own trust banner rates 36.5% of generated rows trustworthy and says `timelock: unresolved` means NOT MEASURED. Axis 5 stays "Not assessed".
Wed Sep  9 10:08:03 AM CST 2026: axis5 emit skipped for usdat (source walk unavailable)
MISSING: /home/danger/security_analyst/topology/assets/susdat.yaml — emit nothing rather than a stale copy
Wed Sep  9 10:08:03 AM CST 2026: axis5 emit skipped for susdat (source walk unavailable)
data/usdai_contract.json: as_of=2026-08-26 layers=2 unresolved=3 walk_notes=37
MISSING: /home/danger/security_analyst/topology/assets/susdai.yaml — emit nothing rather than a stale copy
Wed Sep  9 10:08:03 AM CST 2026: axis5 emit skipped for susdai (source walk unavailable)
data/usdm_contract.json: as_of=2026-09-07 layers=10 unresolved=7 walk_notes=35
MISSING: /home/danger/security_analyst/topology/assets/usde.yaml — emit nothing rather than a stale copy
Wed Sep  9 10:08:03 AM CST 2026: axis5 emit skipped for usde (source walk unavailable)
REFUSED: susde.yaml is generator v2.1 output, not a hand-walk. Its own trust banner rates 36.5% of generated rows trustworthy and says `timelock: unresolved` means NOT MEASURED. Axis 5 stays "Not assessed".
Wed Sep  9 10:08:03 AM CST 2026: axis5 emit skipped for susde (source walk unavailable)
data/usds_contract.json: as_of=2026-08-23 layers=2 unresolved=0 walk_notes=21
data/susds_contract.json: as_of=2026-09-07 layers=5 unresolved=2 walk_notes=3
MISSING: /home/danger/security_analyst/topology/assets/thusd.yaml — emit nothing rather than a stale copy
Wed Sep  9 10:08:03 AM CST 2026: axis5 emit skipped for thusd (source walk unavailable)
MISSING: /home/danger/security_analyst/topology/assets/cusd.yaml — emit nothing rather than a stale copy
Wed Sep  9 10:08:03 AM CST 2026: axis5 emit skipped for cusd (source walk unavailable)
data/hastra_prime_contract.json: as_of=2026-07-31 layers=3 unresolved=0 walk_notes=51
data/yzusd_contract.json: as_of=2026-09-06 layers=1 unresolved=3 walk_notes=34
data/syzusd_contract.json: as_of=2026-08-30 layers=3 unresolved=4 walk_notes=31
data/reusd_re_contract.json: as_of=2026-08-30 layers=2 unresolved=3 walk_notes=58
data/reusde_re_contract.json: as_of=2026-09-06 layers=2 unresolved=3 walk_notes=38
From https://github.com/todayindefi/backing-monitor
 * branch                main       -> FETCH_HEAD
MISSING: /home/danger/security_analyst/topology/assets/ousd.yaml — emit nothing rather than a stale copy
Wed Sep  9 11:08:01 AM CST 2026: axis5 emit skipped for ousd (source walk unavailable)
REFUSED: crvusd.yaml is generator v2.1 output, not a hand-walk. Its own trust banner rates 36.5% of generated rows trustworthy and says `timelock: unresolved` means NOT MEASURED. Axis 5 stays "Not assessed".
Wed Sep  9 11:08:01 AM CST 2026: axis5 emit skipped for crvusd (source walk unavailable)
data/usg_contract.json: as_of=2026-09-06 layers=3 unresolved=3 walk_notes=96
MISSING: /home/danger/security_analyst/topology/assets/usdd.yaml — emit nothing rather than a stale copy
Wed Sep  9 11:08:01 AM CST 2026: axis5 emit skipped for usdd (source walk unavailable)
data/syrupusdc_contract.json: as_of=2026-09-06 layers=8 unresolved=3 walk_notes=8
data/syrupusdt_contract.json: as_of=2026-09-06 layers=6 unresolved=3 walk_notes=8
MISSING: /home/danger/security_analyst/topology/assets/apxusd.yaml — emit nothing rather than a stale copy
Wed Sep  9 11:08:01 AM CST 2026: axis5 emit skipped for apxusd (source walk unavailable)
REFUSED: apyusd.yaml is generator v1.7 output, not a hand-walk. Its own trust banner rates 36.5% of generated rows trustworthy and says `timelock: unresolved` means NOT MEASURED. Axis 5 stays "Not assessed".
Wed Sep  9 11:08:01 AM CST 2026: axis5 emit skipped for apyusd (source walk unavailable)
MISSING: /home/danger/security_analyst/topology/assets/strc.yaml — emit nothing rather than a stale copy
Wed Sep  9 11:08:01 AM CST 2026: axis5 emit skipped for strc (source walk unavailable)
MISSING: /home/danger/security_analyst/topology/assets/mstr.yaml — emit nothing rather than a stale copy
Wed Sep  9 11:08:01 AM CST 2026: axis5 emit skipped for mstr (source walk unavailable)
MISSING: /home/danger/security_analyst/topology/assets/bmnr.yaml — emit nothing rather than a stale copy
Wed Sep  9 11:08:01 AM CST 2026: axis5 emit skipped for bmnr (source walk unavailable)
REFUSED: usdat.yaml is generator v1.7 output, not a hand-walk. Its own trust banner rates 36.5% of generated rows trustworthy and says `timelock: unresolved` means NOT MEASURED. Axis 5 stays "Not assessed".
Wed Sep  9 11:08:01 AM CST 2026: axis5 emit skipped for usdat (source walk unavailable)
MISSING: /home/danger/security_analyst/topology/assets/susdat.yaml — emit nothing rather than a stale copy
Wed Sep  9 11:08:01 AM CST 2026: axis5 emit skipped for susdat (source walk unavailable)
data/usdai_contract.json: as_of=2026-08-26 layers=2 unresolved=3 walk_notes=37
MISSING: /home/danger/security_analyst/topology/assets/susdai.yaml — emit nothing rather than a stale copy
Wed Sep  9 11:08:01 AM CST 2026: axis5 emit skipped for susdai (source walk unavailable)
data/usdm_contract.json: as_of=2026-09-07 layers=10 unresolved=7 walk_notes=35
MISSING: /home/danger/security_analyst/topology/assets/usde.yaml — emit nothing rather than a stale copy
Wed Sep  9 11:08:01 AM CST 2026: axis5 emit skipped for usde (source walk unavailable)
REFUSED: susde.yaml is generator v2.1 output, not a hand-walk. Its own trust banner rates 36.5% of generated rows trustworthy and says `timelock: unresolved` means NOT MEASURED. Axis 5 stays "Not assessed".
Wed Sep  9 11:08:01 AM CST 2026: axis5 emit skipped for susde (source walk unavailable)
data/usds_contract.json: as_of=2026-08-23 layers=2 unresolved=0 walk_notes=21
data/susds_contract.json: as_of=2026-09-07 layers=5 unresolved=2 walk_notes=3
MISSING: /home/danger/security_analyst/topology/assets/thusd.yaml — emit nothing rather than a stale copy
Wed Sep  9 11:08:01 AM CST 2026: axis5 emit skipped for thusd (source walk unavailable)
MISSING: /home/danger/security_analyst/topology/assets/cusd.yaml — emit nothing rather than a stale copy
Wed Sep  9 11:08:01 AM CST 2026: axis5 emit skipped for cusd (source walk unavailable)
data/hastra_prime_contract.json: as_of=2026-07-31 layers=3 unresolved=0 walk_notes=51
data/yzusd_contract.json: as_of=2026-09-06 layers=1 unresolved=3 walk_notes=34
data/syzusd_contract.json: as_of=2026-08-30 layers=3 unresolved=4 walk_notes=31
data/reusd_re_contract.json: as_of=2026-08-30 layers=2 unresolved=3 walk_notes=58
data/reusde_re_contract.json: as_of=2026-09-06 layers=2 unresolved=3 walk_notes=38
From https://github.com/todayindefi/backing-monitor
 * branch                main       -> FETCH_HEAD
MISSING: /home/danger/security_analyst/topology/assets/ousd.yaml — emit nothing rather than a stale copy
Wed Sep  9 12:08:02 PM CST 2026: axis5 emit skipped for ousd (source walk unavailable)
REFUSED: crvusd.yaml is generator v2.1 output, not a hand-walk. Its own trust banner rates 36.5% of generated rows trustworthy and says `timelock: unresolved` means NOT MEASURED. Axis 5 stays "Not assessed".
Wed Sep  9 12:08:02 PM CST 2026: axis5 emit skipped for crvusd (source walk unavailable)
data/usg_contract.json: as_of=2026-09-06 layers=3 unresolved=3 walk_notes=96
MISSING: /home/danger/security_analyst/topology/assets/usdd.yaml — emit nothing rather than a stale copy
Wed Sep  9 12:08:02 PM CST 2026: axis5 emit skipped for usdd (source walk unavailable)
data/syrupusdc_contract.json: as_of=2026-09-06 layers=8 unresolved=3 walk_notes=8
data/syrupusdt_contract.json: as_of=2026-09-06 layers=6 unresolved=3 walk_notes=8
MISSING: /home/danger/security_analyst/topology/assets/apxusd.yaml — emit nothing rather than a stale copy
Wed Sep  9 12:08:02 PM CST 2026: axis5 emit skipped for apxusd (source walk unavailable)
REFUSED: apyusd.yaml is generator v1.7 output, not a hand-walk. Its own trust banner rates 36.5% of generated rows trustworthy and says `timelock: unresolved` means NOT MEASURED. Axis 5 stays "Not assessed".
Wed Sep  9 12:08:02 PM CST 2026: axis5 emit skipped for apyusd (source walk unavailable)
MISSING: /home/danger/security_analyst/topology/assets/strc.yaml — emit nothing rather than a stale copy
Wed Sep  9 12:08:02 PM CST 2026: axis5 emit skipped for strc (source walk unavailable)
MISSING: /home/danger/security_analyst/topology/assets/mstr.yaml — emit nothing rather than a stale copy
Wed Sep  9 12:08:02 PM CST 2026: axis5 emit skipped for mstr (source walk unavailable)
MISSING: /home/danger/security_analyst/topology/assets/bmnr.yaml — emit nothing rather than a stale copy
Wed Sep  9 12:08:02 PM CST 2026: axis5 emit skipped for bmnr (source walk unavailable)
REFUSED: usdat.yaml is generator v1.7 output, not a hand-walk. Its own trust banner rates 36.5% of generated rows trustworthy and says `timelock: unresolved` means NOT MEASURED. Axis 5 stays "Not assessed".
Wed Sep  9 12:08:02 PM CST 2026: axis5 emit skipped for usdat (source walk unavailable)
MISSING: /home/danger/security_analyst/topology/assets/susdat.yaml — emit nothing rather than a stale copy
Wed Sep  9 12:08:02 PM CST 2026: axis5 emit skipped for susdat (source walk unavailable)
data/usdai_contract.json: as_of=2026-08-26 layers=2 unresolved=3 walk_notes=37
MISSING: /home/danger/security_analyst/topology/assets/susdai.yaml — emit nothing rather than a stale copy
Wed Sep  9 12:08:02 PM CST 2026: axis5 emit skipped for susdai (source walk unavailable)
data/usdm_contract.json: as_of=2026-09-07 layers=10 unresolved=7 walk_notes=35
MISSING: /home/danger/security_analyst/topology/assets/usde.yaml — emit nothing rather than a stale copy
Wed Sep  9 12:08:02 PM CST 2026: axis5 emit skipped for usde (source walk unavailable)
REFUSED: susde.yaml is generator v2.1 output, not a hand-walk. Its own trust banner rates 36.5% of generated rows trustworthy and says `timelock: unresolved` means NOT MEASURED. Axis 5 stays "Not assessed".
Wed Sep  9 12:08:02 PM CST 2026: axis5 emit skipped for susde (source walk unavailable)
data/usds_contract.json: as_of=2026-08-23 layers=2 unresolved=0 walk_notes=21
data/susds_contract.json: as_of=2026-09-07 layers=5 unresolved=2 walk_notes=3
MISSING: /home/danger/security_analyst/topology/assets/thusd.yaml — emit nothing rather than a stale copy
Wed Sep  9 12:08:02 PM CST 2026: axis5 emit skipped for thusd (source walk unavailable)
MISSING: /home/danger/security_analyst/topology/assets/cusd.yaml — emit nothing rather than a stale copy
Wed Sep  9 12:08:02 PM CST 2026: axis5 emit skipped for cusd (source walk unavailable)
data/hastra_prime_contract.json: as_of=2026-07-31 layers=3 unresolved=0 walk_notes=51
data/yzusd_contract.json: as_of=2026-09-06 layers=1 unresolved=3 walk_notes=34
data/syzusd_contract.json: as_of=2026-08-30 layers=3 unresolved=4 walk_notes=31
data/reusd_re_contract.json: as_of=2026-08-30 layers=2 unresolved=3 walk_notes=58
data/reusde_re_contract.json: as_of=2026-09-06 layers=2 unresolved=3 walk_notes=38
From https://github.com/todayindefi/backing-monitor
 * branch                main       -> FETCH_HEAD
MISSING: /home/danger/security_analyst/topology/assets/ousd.yaml — emit nothing rather than a stale copy
Wed Sep  9 01:08:01 PM CST 2026: axis5 emit skipped for ousd (source walk unavailable)
  ⚠️ crvusd.yaml: working tree has UNCOMMITTED changes that are NOT being published — publishing the committed version. Commit there to publish them.
REFUSED: crvusd.yaml is generator v2.1 output, not a hand-walk. Its own trust banner rates 36.5% of generated rows trustworthy and says `timelock: unresolved` means NOT MEASURED. Axis 5 stays "Not assessed".
Wed Sep  9 01:08:02 PM CST 2026: axis5 emit skipped for crvusd (source walk unavailable)
data/usg_contract.json: as_of=2026-09-06 layers=3 unresolved=3 walk_notes=96
MISSING: /home/danger/security_analyst/topology/assets/usdd.yaml — emit nothing rather than a stale copy
Wed Sep  9 01:08:02 PM CST 2026: axis5 emit skipped for usdd (source walk unavailable)
data/syrupusdc_contract.json: as_of=2026-09-06 layers=8 unresolved=3 walk_notes=8
data/syrupusdt_contract.json: as_of=2026-09-06 layers=6 unresolved=3 walk_notes=8
MISSING: /home/danger/security_analyst/topology/assets/apxusd.yaml — emit nothing rather than a stale copy
Wed Sep  9 01:08:02 PM CST 2026: axis5 emit skipped for apxusd (source walk unavailable)
REFUSED: apyusd.yaml is generator v1.7 output, not a hand-walk. Its own trust banner rates 36.5% of generated rows trustworthy and says `timelock: unresolved` means NOT MEASURED. Axis 5 stays "Not assessed".
Wed Sep  9 01:08:02 PM CST 2026: axis5 emit skipped for apyusd (source walk unavailable)
MISSING: /home/danger/security_analyst/topology/assets/strc.yaml — emit nothing rather than a stale copy
Wed Sep  9 01:08:02 PM CST 2026: axis5 emit skipped for strc (source walk unavailable)
MISSING: /home/danger/security_analyst/topology/assets/mstr.yaml — emit nothing rather than a stale copy
Wed Sep  9 01:08:02 PM CST 2026: axis5 emit skipped for mstr (source walk unavailable)
MISSING: /home/danger/security_analyst/topology/assets/bmnr.yaml — emit nothing rather than a stale copy
Wed Sep  9 01:08:02 PM CST 2026: axis5 emit skipped for bmnr (source walk unavailable)
REFUSED: usdat.yaml is generator v1.7 output, not a hand-walk. Its own trust banner rates 36.5% of generated rows trustworthy and says `timelock: unresolved` means NOT MEASURED. Axis 5 stays "Not assessed".
Wed Sep  9 01:08:02 PM CST 2026: axis5 emit skipped for usdat (source walk unavailable)
MISSING: /home/danger/security_analyst/topology/assets/susdat.yaml — emit nothing rather than a stale copy
Wed Sep  9 01:08:02 PM CST 2026: axis5 emit skipped for susdat (source walk unavailable)
data/usdai_contract.json: as_of=2026-08-26 layers=2 unresolved=3 walk_notes=37
MISSING: /home/danger/security_analyst/topology/assets/susdai.yaml — emit nothing rather than a stale copy
Wed Sep  9 01:08:02 PM CST 2026: axis5 emit skipped for susdai (source walk unavailable)
data/usdm_contract.json: as_of=2026-09-07 layers=10 unresolved=7 walk_notes=35
MISSING: /home/danger/security_analyst/topology/assets/usde.yaml — emit nothing rather than a stale copy
Wed Sep  9 01:08:02 PM CST 2026: axis5 emit skipped for usde (source walk unavailable)
REFUSED: susde.yaml is generator v2.1 output, not a hand-walk. Its own trust banner rates 36.5% of generated rows trustworthy and says `timelock: unresolved` means NOT MEASURED. Axis 5 stays "Not assessed".
Wed Sep  9 01:08:02 PM CST 2026: axis5 emit skipped for susde (source walk unavailable)
data/usds_contract.json: as_of=2026-08-23 layers=2 unresolved=0 walk_notes=21
data/susds_contract.json: as_of=2026-09-07 layers=5 unresolved=2 walk_notes=3
MISSING: /home/danger/security_analyst/topology/assets/thusd.yaml — emit nothing rather than a stale copy
Wed Sep  9 01:08:02 PM CST 2026: axis5 emit skipped for thusd (source walk unavailable)
MISSING: /home/danger/security_analyst/topology/assets/cusd.yaml — emit nothing rather than a stale copy
Wed Sep  9 01:08:02 PM CST 2026: axis5 emit skipped for cusd (source walk unavailable)
data/hastra_prime_contract.json: as_of=2026-07-31 layers=3 unresolved=0 walk_notes=51
data/yzusd_contract.json: as_of=2026-09-06 layers=1 unresolved=3 walk_notes=34
data/syzusd_contract.json: as_of=2026-08-30 layers=3 unresolved=4 walk_notes=31
data/reusd_re_contract.json: as_of=2026-08-30 layers=2 unresolved=3 walk_notes=58
data/reusde_re_contract.json: as_of=2026-09-06 layers=2 unresolved=3 walk_notes=38
From https://github.com/todayindefi/backing-monitor
 * branch                main       -> FETCH_HEAD
MISSING: /home/danger/security_analyst/topology/assets/ousd.yaml — emit nothing rather than a stale copy
Wed Sep  9 02:08:01 PM CST 2026: axis5 emit skipped for ousd (source walk unavailable)
data/crvusd_contract.json: as_of=2026-09-09 layers=3 unresolved=5 walk_notes=9
data/usg_contract.json: as_of=2026-09-06 layers=3 unresolved=3 walk_notes=96
MISSING: /home/danger/security_analyst/topology/assets/usdd.yaml — emit nothing rather than a stale copy
Wed Sep  9 02:08:01 PM CST 2026: axis5 emit skipped for usdd (source walk unavailable)
data/syrupusdc_contract.json: as_of=2026-09-06 layers=8 unresolved=3 walk_notes=8
data/syrupusdt_contract.json: as_of=2026-09-06 layers=6 unresolved=3 walk_notes=8
MISSING: /home/danger/security_analyst/topology/assets/apxusd.yaml — emit nothing rather than a stale copy
Wed Sep  9 02:08:01 PM CST 2026: axis5 emit skipped for apxusd (source walk unavailable)
REFUSED: apyusd.yaml is generator v1.7 output, not a hand-walk. Its own trust banner rates 36.5% of generated rows trustworthy and says `timelock: unresolved` means NOT MEASURED. Axis 5 stays "Not assessed".
Wed Sep  9 02:08:01 PM CST 2026: axis5 emit skipped for apyusd (source walk unavailable)
MISSING: /home/danger/security_analyst/topology/assets/strc.yaml — emit nothing rather than a stale copy
Wed Sep  9 02:08:01 PM CST 2026: axis5 emit skipped for strc (source walk unavailable)
MISSING: /home/danger/security_analyst/topology/assets/mstr.yaml — emit nothing rather than a stale copy
Wed Sep  9 02:08:01 PM CST 2026: axis5 emit skipped for mstr (source walk unavailable)
MISSING: /home/danger/security_analyst/topology/assets/bmnr.yaml — emit nothing rather than a stale copy
Wed Sep  9 02:08:01 PM CST 2026: axis5 emit skipped for bmnr (source walk unavailable)
REFUSED: usdat.yaml is generator v1.7 output, not a hand-walk. Its own trust banner rates 36.5% of generated rows trustworthy and says `timelock: unresolved` means NOT MEASURED. Axis 5 stays "Not assessed".
Wed Sep  9 02:08:01 PM CST 2026: axis5 emit skipped for usdat (source walk unavailable)
MISSING: /home/danger/security_analyst/topology/assets/susdat.yaml — emit nothing rather than a stale copy
Wed Sep  9 02:08:01 PM CST 2026: axis5 emit skipped for susdat (source walk unavailable)
data/usdai_contract.json: as_of=2026-08-26 layers=2 unresolved=3 walk_notes=37
MISSING: /home/danger/security_analyst/topology/assets/susdai.yaml — emit nothing rather than a stale copy
Wed Sep  9 02:08:01 PM CST 2026: axis5 emit skipped for susdai (source walk unavailable)
data/usdm_contract.json: as_of=2026-09-07 layers=10 unresolved=7 walk_notes=35
MISSING: /home/danger/security_analyst/topology/assets/usde.yaml — emit nothing rather than a stale copy
Wed Sep  9 02:08:01 PM CST 2026: axis5 emit skipped for usde (source walk unavailable)
REFUSED: susde.yaml is generator v2.1 output, not a hand-walk. Its own trust banner rates 36.5% of generated rows trustworthy and says `timelock: unresolved` means NOT MEASURED. Axis 5 stays "Not assessed".
Wed Sep  9 02:08:01 PM CST 2026: axis5 emit skipped for susde (source walk unavailable)
data/usds_contract.json: as_of=2026-08-23 layers=2 unresolved=0 walk_notes=21
data/susds_contract.json: as_of=2026-09-07 layers=5 unresolved=2 walk_notes=3
MISSING: /home/danger/security_analyst/topology/assets/thusd.yaml — emit nothing rather than a stale copy
Wed Sep  9 02:08:01 PM CST 2026: axis5 emit skipped for thusd (source walk unavailable)
MISSING: /home/danger/security_analyst/topology/assets/cusd.yaml — emit nothing rather than a stale copy
Wed Sep  9 02:08:01 PM CST 2026: axis5 emit skipped for cusd (source walk unavailable)
data/hastra_prime_contract.json: as_of=2026-07-31 layers=3 unresolved=0 walk_notes=51
data/yzusd_contract.json: as_of=2026-09-06 layers=1 unresolved=3 walk_notes=34
data/syzusd_contract.json: as_of=2026-08-30 layers=3 unresolved=4 walk_notes=31
data/reusd_re_contract.json: as_of=2026-08-30 layers=2 unresolved=3 walk_notes=58
data/reusde_re_contract.json: as_of=2026-09-06 layers=2 unresolved=3 walk_notes=38
From https://github.com/todayindefi/backing-monitor
 * branch                main       -> FETCH_HEAD
MISSING: /home/danger/security_analyst/topology/assets/ousd.yaml — emit nothing rather than a stale copy
Wed Sep  9 03:08:01 PM CST 2026: axis5 emit skipped for ousd (source walk unavailable)
data/crvusd_contract.json: as_of=2026-09-09 layers=3 unresolved=5 walk_notes=9
data/usg_contract.json: as_of=2026-09-06 layers=3 unresolved=3 walk_notes=96
MISSING: /home/danger/security_analyst/topology/assets/usdd.yaml — emit nothing rather than a stale copy
Wed Sep  9 03:08:01 PM CST 2026: axis5 emit skipped for usdd (source walk unavailable)
data/syrupusdc_contract.json: as_of=2026-09-06 layers=8 unresolved=3 walk_notes=8
data/syrupusdt_contract.json: as_of=2026-09-06 layers=6 unresolved=3 walk_notes=8
MISSING: /home/danger/security_analyst/topology/assets/apxusd.yaml — emit nothing rather than a stale copy
Wed Sep  9 03:08:01 PM CST 2026: axis5 emit skipped for apxusd (source walk unavailable)
REFUSED: apyusd.yaml is generator v1.7 output, not a hand-walk. Its own trust banner rates 36.5% of generated rows trustworthy and says `timelock: unresolved` means NOT MEASURED. Axis 5 stays "Not assessed".
Wed Sep  9 03:08:01 PM CST 2026: axis5 emit skipped for apyusd (source walk unavailable)
MISSING: /home/danger/security_analyst/topology/assets/strc.yaml — emit nothing rather than a stale copy
Wed Sep  9 03:08:01 PM CST 2026: axis5 emit skipped for strc (source walk unavailable)
MISSING: /home/danger/security_analyst/topology/assets/mstr.yaml — emit nothing rather than a stale copy
Wed Sep  9 03:08:01 PM CST 2026: axis5 emit skipped for mstr (source walk unavailable)
MISSING: /home/danger/security_analyst/topology/assets/bmnr.yaml — emit nothing rather than a stale copy
Wed Sep  9 03:08:01 PM CST 2026: axis5 emit skipped for bmnr (source walk unavailable)
REFUSED: usdat.yaml is generator v1.7 output, not a hand-walk. Its own trust banner rates 36.5% of generated rows trustworthy and says `timelock: unresolved` means NOT MEASURED. Axis 5 stays "Not assessed".
Wed Sep  9 03:08:01 PM CST 2026: axis5 emit skipped for usdat (source walk unavailable)
MISSING: /home/danger/security_analyst/topology/assets/susdat.yaml — emit nothing rather than a stale copy
Wed Sep  9 03:08:01 PM CST 2026: axis5 emit skipped for susdat (source walk unavailable)
data/usdai_contract.json: as_of=2026-08-26 layers=3 unresolved=3 walk_notes=37
data/susdai_contract.json: as_of=2026-09-09 layers=4 unresolved=4 walk_notes=10
data/usdm_contract.json: as_of=2026-09-07 layers=10 unresolved=7 walk_notes=35
MISSING: /home/danger/security_analyst/topology/assets/usde.yaml — emit nothing rather than a stale copy
Wed Sep  9 03:08:02 PM CST 2026: axis5 emit skipped for usde (source walk unavailable)
REFUSED: susde.yaml is generator v2.1 output, not a hand-walk. Its own trust banner rates 36.5% of generated rows trustworthy and says `timelock: unresolved` means NOT MEASURED. Axis 5 stays "Not assessed".
Wed Sep  9 03:08:02 PM CST 2026: axis5 emit skipped for susde (source walk unavailable)
data/usds_contract.json: as_of=2026-08-23 layers=2 unresolved=0 walk_notes=21
data/susds_contract.json: as_of=2026-09-07 layers=5 unresolved=2 walk_notes=3
MISSING: /home/danger/security_analyst/topology/assets/thusd.yaml — emit nothing rather than a stale copy
Wed Sep  9 03:08:02 PM CST 2026: axis5 emit skipped for thusd (source walk unavailable)
MISSING: /home/danger/security_analyst/topology/assets/cusd.yaml — emit nothing rather than a stale copy
Wed Sep  9 03:08:02 PM CST 2026: axis5 emit skipped for cusd (source walk unavailable)
data/hastra_prime_contract.json: as_of=2026-07-31 layers=3 unresolved=0 walk_notes=51
data/yzusd_contract.json: as_of=2026-09-06 layers=1 unresolved=3 walk_notes=34
data/syzusd_contract.json: as_of=2026-08-30 layers=3 unresolved=4 walk_notes=31
data/reusd_re_contract.json: as_of=2026-08-30 layers=2 unresolved=3 walk_notes=58
data/reusde_re_contract.json: as_of=2026-09-06 layers=2 unresolved=3 walk_notes=38
From https://github.com/todayindefi/backing-monitor
 * branch                main       -> FETCH_HEAD
MISSING: /home/danger/security_analyst/topology/assets/ousd.yaml — emit nothing rather than a stale copy
Wed Sep  9 04:08:02 PM CST 2026: axis5 emit skipped for ousd (source walk unavailable)
data/crvusd_contract.json: as_of=2026-09-09 layers=3 unresolved=5 walk_notes=9
data/usg_contract.json: as_of=2026-09-06 layers=3 unresolved=3 walk_notes=96
MISSING: /home/danger/security_analyst/topology/assets/usdd.yaml — emit nothing rather than a stale copy
Wed Sep  9 04:08:02 PM CST 2026: axis5 emit skipped for usdd (source walk unavailable)
data/syrupusdc_contract.json: as_of=2026-09-06 layers=8 unresolved=3 walk_notes=8
data/syrupusdt_contract.json: as_of=2026-09-06 layers=6 unresolved=3 walk_notes=8
MISSING: /home/danger/security_analyst/topology/assets/apxusd.yaml — emit nothing rather than a stale copy
Wed Sep  9 04:08:02 PM CST 2026: axis5 emit skipped for apxusd (source walk unavailable)
REFUSED: apyusd.yaml is generator v1.7 output, not a hand-walk. Its own trust banner rates 36.5% of generated rows trustworthy and says `timelock: unresolved` means NOT MEASURED. Axis 5 stays "Not assessed".
Wed Sep  9 04:08:02 PM CST 2026: axis5 emit skipped for apyusd (source walk unavailable)
MISSING: /home/danger/security_analyst/topology/assets/strc.yaml — emit nothing rather than a stale copy
Wed Sep  9 04:08:02 PM CST 2026: axis5 emit skipped for strc (source walk unavailable)
MISSING: /home/danger/security_analyst/topology/assets/mstr.yaml — emit nothing rather than a stale copy
Wed Sep  9 04:08:02 PM CST 2026: axis5 emit skipped for mstr (source walk unavailable)
MISSING: /home/danger/security_analyst/topology/assets/bmnr.yaml — emit nothing rather than a stale copy
Wed Sep  9 04:08:02 PM CST 2026: axis5 emit skipped for bmnr (source walk unavailable)
REFUSED: usdat.yaml is generator v1.7 output, not a hand-walk. Its own trust banner rates 36.5% of generated rows trustworthy and says `timelock: unresolved` means NOT MEASURED. Axis 5 stays "Not assessed".
Wed Sep  9 04:08:02 PM CST 2026: axis5 emit skipped for usdat (source walk unavailable)
MISSING: /home/danger/security_analyst/topology/assets/susdat.yaml — emit nothing rather than a stale copy
Wed Sep  9 04:08:02 PM CST 2026: axis5 emit skipped for susdat (source walk unavailable)
data/usdai_contract.json: as_of=2026-09-09 layers=4 unresolved=2 walk_notes=37
data/susdai_contract.json: as_of=2026-09-09 layers=4 unresolved=4 walk_notes=11
data/usdm_contract.json: as_of=2026-09-07 layers=10 unresolved=7 walk_notes=35
MISSING: /home/danger/security_analyst/topology/assets/usde.yaml — emit nothing rather than a stale copy
Wed Sep  9 04:08:02 PM CST 2026: axis5 emit skipped for usde (source walk unavailable)
REFUSED: susde.yaml is generator v2.1 output, not a hand-walk. Its own trust banner rates 36.5% of generated rows trustworthy and says `timelock: unresolved` means NOT MEASURED. Axis 5 stays "Not assessed".
Wed Sep  9 04:08:02 PM CST 2026: axis5 emit skipped for susde (source walk unavailable)
data/usds_contract.json: as_of=2026-08-23 layers=2 unresolved=0 walk_notes=21
data/susds_contract.json: as_of=2026-09-07 layers=5 unresolved=2 walk_notes=3
MISSING: /home/danger/security_analyst/topology/assets/thusd.yaml — emit nothing rather than a stale copy
Wed Sep  9 04:08:02 PM CST 2026: axis5 emit skipped for thusd (source walk unavailable)
MISSING: /home/danger/security_analyst/topology/assets/cusd.yaml — emit nothing rather than a stale copy
Wed Sep  9 04:08:02 PM CST 2026: axis5 emit skipped for cusd (source walk unavailable)
data/hastra_prime_contract.json: as_of=2026-07-31 layers=3 unresolved=0 walk_notes=51
data/yzusd_contract.json: as_of=2026-09-06 layers=1 unresolved=3 walk_notes=34
data/syzusd_contract.json: as_of=2026-08-30 layers=3 unresolved=4 walk_notes=31
data/reusd_re_contract.json: as_of=2026-08-30 layers=2 unresolved=3 walk_notes=58
data/reusde_re_contract.json: as_of=2026-09-06 layers=2 unresolved=3 walk_notes=38
From https://github.com/todayindefi/backing-monitor
 * branch                main       -> FETCH_HEAD
MISSING: /home/danger/security_analyst/topology/assets/ousd.yaml — emit nothing rather than a stale copy
Wed Sep  9 05:08:02 PM CST 2026: axis5 emit skipped for ousd (source walk unavailable)
data/crvusd_contract.json: as_of=2026-09-09 layers=3 unresolved=5 walk_notes=9
data/usg_contract.json: as_of=2026-09-06 layers=3 unresolved=3 walk_notes=96
MISSING: /home/danger/security_analyst/topology/assets/usdd.yaml — emit nothing rather than a stale copy
Wed Sep  9 05:08:02 PM CST 2026: axis5 emit skipped for usdd (source walk unavailable)
data/syrupusdc_contract.json: as_of=2026-09-06 layers=8 unresolved=3 walk_notes=8
data/syrupusdt_contract.json: as_of=2026-09-06 layers=6 unresolved=3 walk_notes=8
MISSING: /home/danger/security_analyst/topology/assets/apxusd.yaml — emit nothing rather than a stale copy
Wed Sep  9 05:08:02 PM CST 2026: axis5 emit skipped for apxusd (source walk unavailable)
REFUSED: apyusd.yaml is generator v1.7 output, not a hand-walk. Its own trust banner rates 36.5% of generated rows trustworthy and says `timelock: unresolved` means NOT MEASURED. Axis 5 stays "Not assessed".
Wed Sep  9 05:08:02 PM CST 2026: axis5 emit skipped for apyusd (source walk unavailable)
MISSING: /home/danger/security_analyst/topology/assets/strc.yaml — emit nothing rather than a stale copy
Wed Sep  9 05:08:02 PM CST 2026: axis5 emit skipped for strc (source walk unavailable)
MISSING: /home/danger/security_analyst/topology/assets/mstr.yaml — emit nothing rather than a stale copy
Wed Sep  9 05:08:02 PM CST 2026: axis5 emit skipped for mstr (source walk unavailable)
MISSING: /home/danger/security_analyst/topology/assets/bmnr.yaml — emit nothing rather than a stale copy
Wed Sep  9 05:08:02 PM CST 2026: axis5 emit skipped for bmnr (source walk unavailable)
REFUSED: usdat.yaml is generator v1.7 output, not a hand-walk. Its own trust banner rates 36.5% of generated rows trustworthy and says `timelock: unresolved` means NOT MEASURED. Axis 5 stays "Not assessed".
Wed Sep  9 05:08:02 PM CST 2026: axis5 emit skipped for usdat (source walk unavailable)
MISSING: /home/danger/security_analyst/topology/assets/susdat.yaml — emit nothing rather than a stale copy
Wed Sep  9 05:08:02 PM CST 2026: axis5 emit skipped for susdat (source walk unavailable)
data/usdai_contract.json: as_of=2026-09-09 layers=4 unresolved=2 walk_notes=37
data/susdai_contract.json: as_of=2026-09-09 layers=4 unresolved=4 walk_notes=11
data/usdm_contract.json: as_of=2026-09-07 layers=10 unresolved=7 walk_notes=35
MISSING: /home/danger/security_analyst/topology/assets/usde.yaml — emit nothing rather than a stale copy
Wed Sep  9 05:08:02 PM CST 2026: axis5 emit skipped for usde (source walk unavailable)
REFUSED: susde.yaml is generator v2.1 output, not a hand-walk. Its own trust banner rates 36.5% of generated rows trustworthy and says `timelock: unresolved` means NOT MEASURED. Axis 5 stays "Not assessed".
Wed Sep  9 05:08:02 PM CST 2026: axis5 emit skipped for susde (source walk unavailable)
data/usds_contract.json: as_of=2026-08-23 layers=2 unresolved=0 walk_notes=21
data/susds_contract.json: as_of=2026-09-07 layers=5 unresolved=2 walk_notes=3
MISSING: /home/danger/security_analyst/topology/assets/thusd.yaml — emit nothing rather than a stale copy
Wed Sep  9 05:08:02 PM CST 2026: axis5 emit skipped for thusd (source walk unavailable)
MISSING: /home/danger/security_analyst/topology/assets/cusd.yaml — emit nothing rather than a stale copy
Wed Sep  9 05:08:02 PM CST 2026: axis5 emit skipped for cusd (source walk unavailable)
data/hastra_prime_contract.json: as_of=2026-07-31 layers=3 unresolved=0 walk_notes=51
data/yzusd_contract.json: as_of=2026-09-06 layers=1 unresolved=3 walk_notes=34
data/syzusd_contract.json: as_of=2026-08-30 layers=3 unresolved=4 walk_notes=31
data/reusd_re_contract.json: as_of=2026-08-30 layers=2 unresolved=3 walk_notes=58
data/reusde_re_contract.json: as_of=2026-09-06 layers=2 unresolved=3 walk_notes=38
From https://github.com/todayindefi/backing-monitor
 * branch                main       -> FETCH_HEAD
MISSING: /home/danger/security_analyst/topology/assets/ousd.yaml — emit nothing rather than a stale copy
Wed Sep  9 06:08:01 PM CST 2026: axis5 emit skipped for ousd (source walk unavailable)
data/crvusd_contract.json: as_of=2026-09-09 layers=3 unresolved=5 walk_notes=9
data/usg_contract.json: as_of=2026-09-06 layers=3 unresolved=3 walk_notes=96
MISSING: /home/danger/security_analyst/topology/assets/usdd.yaml — emit nothing rather than a stale copy
Wed Sep  9 06:08:01 PM CST 2026: axis5 emit skipped for usdd (source walk unavailable)
data/syrupusdc_contract.json: as_of=2026-09-06 layers=8 unresolved=3 walk_notes=8
data/syrupusdt_contract.json: as_of=2026-09-06 layers=6 unresolved=3 walk_notes=8
MISSING: /home/danger/security_analyst/topology/assets/apxusd.yaml — emit nothing rather than a stale copy
Wed Sep  9 06:08:01 PM CST 2026: axis5 emit skipped for apxusd (source walk unavailable)
REFUSED: apyusd.yaml is generator v1.7 output, not a hand-walk. Its own trust banner rates 36.5% of generated rows trustworthy and says `timelock: unresolved` means NOT MEASURED. Axis 5 stays "Not assessed".
Wed Sep  9 06:08:01 PM CST 2026: axis5 emit skipped for apyusd (source walk unavailable)
MISSING: /home/danger/security_analyst/topology/assets/strc.yaml — emit nothing rather than a stale copy
Wed Sep  9 06:08:01 PM CST 2026: axis5 emit skipped for strc (source walk unavailable)
MISSING: /home/danger/security_analyst/topology/assets/mstr.yaml — emit nothing rather than a stale copy
Wed Sep  9 06:08:01 PM CST 2026: axis5 emit skipped for mstr (source walk unavailable)
MISSING: /home/danger/security_analyst/topology/assets/bmnr.yaml — emit nothing rather than a stale copy
Wed Sep  9 06:08:01 PM CST 2026: axis5 emit skipped for bmnr (source walk unavailable)
REFUSED: usdat.yaml is generator v1.7 output, not a hand-walk. Its own trust banner rates 36.5% of generated rows trustworthy and says `timelock: unresolved` means NOT MEASURED. Axis 5 stays "Not assessed".
Wed Sep  9 06:08:01 PM CST 2026: axis5 emit skipped for usdat (source walk unavailable)
MISSING: /home/danger/security_analyst/topology/assets/susdat.yaml — emit nothing rather than a stale copy
Wed Sep  9 06:08:01 PM CST 2026: axis5 emit skipped for susdat (source walk unavailable)
data/usdai_contract.json: as_of=2026-09-09 layers=4 unresolved=2 walk_notes=37
data/susdai_contract.json: as_of=2026-09-09 layers=4 unresolved=4 walk_notes=11
data/usdm_contract.json: as_of=2026-09-07 layers=10 unresolved=7 walk_notes=35
MISSING: /home/danger/security_analyst/topology/assets/usde.yaml — emit nothing rather than a stale copy
Wed Sep  9 06:08:01 PM CST 2026: axis5 emit skipped for usde (source walk unavailable)
REFUSED: susde.yaml is generator v2.1 output, not a hand-walk. Its own trust banner rates 36.5% of generated rows trustworthy and says `timelock: unresolved` means NOT MEASURED. Axis 5 stays "Not assessed".
Wed Sep  9 06:08:01 PM CST 2026: axis5 emit skipped for susde (source walk unavailable)
data/usds_contract.json: as_of=2026-08-23 layers=2 unresolved=0 walk_notes=21
data/susds_contract.json: as_of=2026-09-07 layers=5 unresolved=2 walk_notes=3
MISSING: /home/danger/security_analyst/topology/assets/thusd.yaml — emit nothing rather than a stale copy
Wed Sep  9 06:08:01 PM CST 2026: axis5 emit skipped for thusd (source walk unavailable)
MISSING: /home/danger/security_analyst/topology/assets/cusd.yaml — emit nothing rather than a stale copy
Wed Sep  9 06:08:01 PM CST 2026: axis5 emit skipped for cusd (source walk unavailable)
data/hastra_prime_contract.json: as_of=2026-07-31 layers=3 unresolved=0 walk_notes=51
data/yzusd_contract.json: as_of=2026-09-06 layers=1 unresolved=3 walk_notes=34
data/syzusd_contract.json: as_of=2026-08-30 layers=3 unresolved=4 walk_notes=31
data/reusd_re_contract.json: as_of=2026-08-30 layers=2 unresolved=3 walk_notes=58
data/reusde_re_contract.json: as_of=2026-09-06 layers=2 unresolved=3 walk_notes=38
From https://github.com/todayindefi/backing-monitor
 * branch                main       -> FETCH_HEAD
MISSING: /home/danger/security_analyst/topology/assets/ousd.yaml — emit nothing rather than a stale copy
Wed Sep  9 07:08:01 PM CST 2026: axis5 emit skipped for ousd (source walk unavailable)
data/crvusd_contract.json: as_of=2026-09-09 layers=3 unresolved=5 walk_notes=9
data/usg_contract.json: as_of=2026-09-06 layers=3 unresolved=3 walk_notes=96
MISSING: /home/danger/security_analyst/topology/assets/usdd.yaml — emit nothing rather than a stale copy
Wed Sep  9 07:08:01 PM CST 2026: axis5 emit skipped for usdd (source walk unavailable)
data/syrupusdc_contract.json: as_of=2026-09-06 layers=8 unresolved=3 walk_notes=8
data/syrupusdt_contract.json: as_of=2026-09-06 layers=6 unresolved=3 walk_notes=8
MISSING: /home/danger/security_analyst/topology/assets/apxusd.yaml — emit nothing rather than a stale copy
Wed Sep  9 07:08:01 PM CST 2026: axis5 emit skipped for apxusd (source walk unavailable)
REFUSED: apyusd.yaml is generator v1.7 output, not a hand-walk. Its own trust banner rates 36.5% of generated rows trustworthy and says `timelock: unresolved` means NOT MEASURED. Axis 5 stays "Not assessed".
Wed Sep  9 07:08:01 PM CST 2026: axis5 emit skipped for apyusd (source walk unavailable)
MISSING: /home/danger/security_analyst/topology/assets/strc.yaml — emit nothing rather than a stale copy
Wed Sep  9 07:08:01 PM CST 2026: axis5 emit skipped for strc (source walk unavailable)
MISSING: /home/danger/security_analyst/topology/assets/mstr.yaml — emit nothing rather than a stale copy
Wed Sep  9 07:08:01 PM CST 2026: axis5 emit skipped for mstr (source walk unavailable)
MISSING: /home/danger/security_analyst/topology/assets/bmnr.yaml — emit nothing rather than a stale copy
Wed Sep  9 07:08:01 PM CST 2026: axis5 emit skipped for bmnr (source walk unavailable)
REFUSED: usdat.yaml is generator v1.7 output, not a hand-walk. Its own trust banner rates 36.5% of generated rows trustworthy and says `timelock: unresolved` means NOT MEASURED. Axis 5 stays "Not assessed".
Wed Sep  9 07:08:01 PM CST 2026: axis5 emit skipped for usdat (source walk unavailable)
MISSING: /home/danger/security_analyst/topology/assets/susdat.yaml — emit nothing rather than a stale copy
Wed Sep  9 07:08:01 PM CST 2026: axis5 emit skipped for susdat (source walk unavailable)
data/usdai_contract.json: as_of=2026-09-09 layers=4 unresolved=2 walk_notes=37
data/susdai_contract.json: as_of=2026-09-09 layers=4 unresolved=4 walk_notes=11
data/usdm_contract.json: as_of=2026-09-07 layers=10 unresolved=7 walk_notes=35
MISSING: /home/danger/security_analyst/topology/assets/usde.yaml — emit nothing rather than a stale copy
Wed Sep  9 07:08:01 PM CST 2026: axis5 emit skipped for usde (source walk unavailable)
REFUSED: susde.yaml is generator v2.1 output, not a hand-walk. Its own trust banner rates 36.5% of generated rows trustworthy and says `timelock: unresolved` means NOT MEASURED. Axis 5 stays "Not assessed".
Wed Sep  9 07:08:01 PM CST 2026: axis5 emit skipped for susde (source walk unavailable)
data/usds_contract.json: as_of=2026-08-23 layers=2 unresolved=0 walk_notes=21
data/susds_contract.json: as_of=2026-09-07 layers=5 unresolved=2 walk_notes=3
MISSING: /home/danger/security_analyst/topology/assets/thusd.yaml — emit nothing rather than a stale copy
Wed Sep  9 07:08:01 PM CST 2026: axis5 emit skipped for thusd (source walk unavailable)
MISSING: /home/danger/security_analyst/topology/assets/cusd.yaml — emit nothing rather than a stale copy
Wed Sep  9 07:08:01 PM CST 2026: axis5 emit skipped for cusd (source walk unavailable)
data/hastra_prime_contract.json: as_of=2026-07-31 layers=3 unresolved=0 walk_notes=51
data/yzusd_contract.json: as_of=2026-09-06 layers=1 unresolved=3 walk_notes=34
data/syzusd_contract.json: as_of=2026-08-30 layers=3 unresolved=4 walk_notes=31
data/reusd_re_contract.json: as_of=2026-08-30 layers=2 unresolved=3 walk_notes=58
data/reusde_re_contract.json: as_of=2026-09-06 layers=2 unresolved=3 walk_notes=38
From https://github.com/todayindefi/backing-monitor
 * branch                main       -> FETCH_HEAD
MISSING: /home/danger/security_analyst/topology/assets/ousd.yaml — emit nothing rather than a stale copy
Wed Sep  9 08:08:02 PM CST 2026: axis5 emit skipped for ousd (source walk unavailable)
data/crvusd_contract.json: as_of=2026-09-09 layers=3 unresolved=5 walk_notes=9
data/usg_contract.json: as_of=2026-09-06 layers=3 unresolved=3 walk_notes=96
MISSING: /home/danger/security_analyst/topology/assets/usdd.yaml — emit nothing rather than a stale copy
Wed Sep  9 08:08:02 PM CST 2026: axis5 emit skipped for usdd (source walk unavailable)
data/syrupusdc_contract.json: as_of=2026-09-06 layers=8 unresolved=3 walk_notes=8
data/syrupusdt_contract.json: as_of=2026-09-06 layers=6 unresolved=3 walk_notes=8
MISSING: /home/danger/security_analyst/topology/assets/apxusd.yaml — emit nothing rather than a stale copy
Wed Sep  9 08:08:02 PM CST 2026: axis5 emit skipped for apxusd (source walk unavailable)
REFUSED: apyusd.yaml is generator v1.7 output, not a hand-walk. Its own trust banner rates 36.5% of generated rows trustworthy and says `timelock: unresolved` means NOT MEASURED. Axis 5 stays "Not assessed".
Wed Sep  9 08:08:02 PM CST 2026: axis5 emit skipped for apyusd (source walk unavailable)
MISSING: /home/danger/security_analyst/topology/assets/strc.yaml — emit nothing rather than a stale copy
Wed Sep  9 08:08:02 PM CST 2026: axis5 emit skipped for strc (source walk unavailable)
MISSING: /home/danger/security_analyst/topology/assets/mstr.yaml — emit nothing rather than a stale copy
Wed Sep  9 08:08:02 PM CST 2026: axis5 emit skipped for mstr (source walk unavailable)
MISSING: /home/danger/security_analyst/topology/assets/bmnr.yaml — emit nothing rather than a stale copy
Wed Sep  9 08:08:02 PM CST 2026: axis5 emit skipped for bmnr (source walk unavailable)
REFUSED: usdat.yaml is generator v1.7 output, not a hand-walk. Its own trust banner rates 36.5% of generated rows trustworthy and says `timelock: unresolved` means NOT MEASURED. Axis 5 stays "Not assessed".
Wed Sep  9 08:08:02 PM CST 2026: axis5 emit skipped for usdat (source walk unavailable)
MISSING: /home/danger/security_analyst/topology/assets/susdat.yaml — emit nothing rather than a stale copy
Wed Sep  9 08:08:02 PM CST 2026: axis5 emit skipped for susdat (source walk unavailable)
data/usdai_contract.json: as_of=2026-09-09 layers=4 unresolved=2 walk_notes=37
data/susdai_contract.json: as_of=2026-09-09 layers=4 unresolved=4 walk_notes=11
data/usdm_contract.json: as_of=2026-09-07 layers=10 unresolved=7 walk_notes=35
MISSING: /home/danger/security_analyst/topology/assets/usde.yaml — emit nothing rather than a stale copy
Wed Sep  9 08:08:02 PM CST 2026: axis5 emit skipped for usde (source walk unavailable)
REFUSED: susde.yaml is generator v2.1 output, not a hand-walk. Its own trust banner rates 36.5% of generated rows trustworthy and says `timelock: unresolved` means NOT MEASURED. Axis 5 stays "Not assessed".
Wed Sep  9 08:08:02 PM CST 2026: axis5 emit skipped for susde (source walk unavailable)
data/usds_contract.json: as_of=2026-08-23 layers=2 unresolved=0 walk_notes=21
data/susds_contract.json: as_of=2026-09-07 layers=5 unresolved=2 walk_notes=3
MISSING: /home/danger/security_analyst/topology/assets/thusd.yaml — emit nothing rather than a stale copy
Wed Sep  9 08:08:02 PM CST 2026: axis5 emit skipped for thusd (source walk unavailable)
MISSING: /home/danger/security_analyst/topology/assets/cusd.yaml — emit nothing rather than a stale copy
Wed Sep  9 08:08:02 PM CST 2026: axis5 emit skipped for cusd (source walk unavailable)
data/hastra_prime_contract.json: as_of=2026-07-31 layers=3 unresolved=0 walk_notes=51
data/yzusd_contract.json: as_of=2026-09-06 layers=1 unresolved=3 walk_notes=34
data/syzusd_contract.json: as_of=2026-08-30 layers=3 unresolved=4 walk_notes=31
data/reusd_re_contract.json: as_of=2026-08-30 layers=2 unresolved=3 walk_notes=58
data/reusde_re_contract.json: as_of=2026-09-06 layers=2 unresolved=3 walk_notes=38
From https://github.com/todayindefi/backing-monitor
 * branch                main       -> FETCH_HEAD
MISSING: /home/danger/security_analyst/topology/assets/ousd.yaml — emit nothing rather than a stale copy
Wed Sep  9 09:08:02 PM CST 2026: axis5 emit skipped for ousd (source walk unavailable)
data/crvusd_contract.json: as_of=2026-09-09 layers=3 unresolved=5 walk_notes=9
data/usg_contract.json: as_of=2026-09-06 layers=3 unresolved=3 walk_notes=96
MISSING: /home/danger/security_analyst/topology/assets/usdd.yaml — emit nothing rather than a stale copy
Wed Sep  9 09:08:02 PM CST 2026: axis5 emit skipped for usdd (source walk unavailable)
data/syrupusdc_contract.json: as_of=2026-09-06 layers=8 unresolved=3 walk_notes=8
data/syrupusdt_contract.json: as_of=2026-09-06 layers=6 unresolved=3 walk_notes=8
MISSING: /home/danger/security_analyst/topology/assets/apxusd.yaml — emit nothing rather than a stale copy
Wed Sep  9 09:08:02 PM CST 2026: axis5 emit skipped for apxusd (source walk unavailable)
REFUSED: apyusd.yaml is generator v1.7 output, not a hand-walk. Its own trust banner rates 36.5% of generated rows trustworthy and says `timelock: unresolved` means NOT MEASURED. Axis 5 stays "Not assessed".
Wed Sep  9 09:08:02 PM CST 2026: axis5 emit skipped for apyusd (source walk unavailable)
MISSING: /home/danger/security_analyst/topology/assets/strc.yaml — emit nothing rather than a stale copy
Wed Sep  9 09:08:02 PM CST 2026: axis5 emit skipped for strc (source walk unavailable)
MISSING: /home/danger/security_analyst/topology/assets/mstr.yaml — emit nothing rather than a stale copy
Wed Sep  9 09:08:02 PM CST 2026: axis5 emit skipped for mstr (source walk unavailable)
MISSING: /home/danger/security_analyst/topology/assets/bmnr.yaml — emit nothing rather than a stale copy
Wed Sep  9 09:08:02 PM CST 2026: axis5 emit skipped for bmnr (source walk unavailable)
REFUSED: usdat.yaml is generator v1.7 output, not a hand-walk. Its own trust banner rates 36.5% of generated rows trustworthy and says `timelock: unresolved` means NOT MEASURED. Axis 5 stays "Not assessed".
Wed Sep  9 09:08:02 PM CST 2026: axis5 emit skipped for usdat (source walk unavailable)
MISSING: /home/danger/security_analyst/topology/assets/susdat.yaml — emit nothing rather than a stale copy
Wed Sep  9 09:08:02 PM CST 2026: axis5 emit skipped for susdat (source walk unavailable)
data/usdai_contract.json: as_of=2026-09-09 layers=4 unresolved=2 walk_notes=37
data/susdai_contract.json: as_of=2026-09-09 layers=4 unresolved=4 walk_notes=11
data/usdm_contract.json: as_of=2026-09-07 layers=10 unresolved=7 walk_notes=35
MISSING: /home/danger/security_analyst/topology/assets/usde.yaml — emit nothing rather than a stale copy
Wed Sep  9 09:08:02 PM CST 2026: axis5 emit skipped for usde (source walk unavailable)
REFUSED: susde.yaml is generator v2.1 output, not a hand-walk. Its own trust banner rates 36.5% of generated rows trustworthy and says `timelock: unresolved` means NOT MEASURED. Axis 5 stays "Not assessed".
Wed Sep  9 09:08:02 PM CST 2026: axis5 emit skipped for susde (source walk unavailable)
data/usds_contract.json: as_of=2026-08-23 layers=2 unresolved=0 walk_notes=21
data/susds_contract.json: as_of=2026-09-07 layers=5 unresolved=2 walk_notes=3
MISSING: /home/danger/security_analyst/topology/assets/thusd.yaml — emit nothing rather than a stale copy
Wed Sep  9 09:08:02 PM CST 2026: axis5 emit skipped for thusd (source walk unavailable)
MISSING: /home/danger/security_analyst/topology/assets/cusd.yaml — emit nothing rather than a stale copy
Wed Sep  9 09:08:02 PM CST 2026: axis5 emit skipped for cusd (source walk unavailable)
data/hastra_prime_contract.json: as_of=2026-07-31 layers=3 unresolved=0 walk_notes=51
data/yzusd_contract.json: as_of=2026-09-06 layers=1 unresolved=3 walk_notes=34
data/syzusd_contract.json: as_of=2026-08-30 layers=3 unresolved=4 walk_notes=31
data/reusd_re_contract.json: as_of=2026-08-30 layers=2 unresolved=3 walk_notes=58
data/reusde_re_contract.json: as_of=2026-09-06 layers=2 unresolved=3 walk_notes=38
From https://github.com/todayindefi/backing-monitor
 * branch                main       -> FETCH_HEAD
MISSING: /home/danger/security_analyst/topology/assets/ousd.yaml — emit nothing rather than a stale copy
Wed Sep  9 10:08:02 PM CST 2026: axis5 emit skipped for ousd (source walk unavailable)
data/crvusd_contract.json: as_of=2026-09-09 layers=3 unresolved=5 walk_notes=9
data/usg_contract.json: as_of=2026-09-06 layers=3 unresolved=3 walk_notes=96
MISSING: /home/danger/security_analyst/topology/assets/usdd.yaml — emit nothing rather than a stale copy
Wed Sep  9 10:08:02 PM CST 2026: axis5 emit skipped for usdd (source walk unavailable)
data/syrupusdc_contract.json: as_of=2026-09-06 layers=8 unresolved=3 walk_notes=8
data/syrupusdt_contract.json: as_of=2026-09-06 layers=6 unresolved=3 walk_notes=8
MISSING: /home/danger/security_analyst/topology/assets/apxusd.yaml — emit nothing rather than a stale copy
Wed Sep  9 10:08:02 PM CST 2026: axis5 emit skipped for apxusd (source walk unavailable)
REFUSED: apyusd.yaml is generator v1.7 output, not a hand-walk. Its own trust banner rates 36.5% of generated rows trustworthy and says `timelock: unresolved` means NOT MEASURED. Axis 5 stays "Not assessed".
Wed Sep  9 10:08:02 PM CST 2026: axis5 emit skipped for apyusd (source walk unavailable)
MISSING: /home/danger/security_analyst/topology/assets/strc.yaml — emit nothing rather than a stale copy
Wed Sep  9 10:08:02 PM CST 2026: axis5 emit skipped for strc (source walk unavailable)
MISSING: /home/danger/security_analyst/topology/assets/mstr.yaml — emit nothing rather than a stale copy
Wed Sep  9 10:08:02 PM CST 2026: axis5 emit skipped for mstr (source walk unavailable)
MISSING: /home/danger/security_analyst/topology/assets/bmnr.yaml — emit nothing rather than a stale copy
Wed Sep  9 10:08:02 PM CST 2026: axis5 emit skipped for bmnr (source walk unavailable)
REFUSED: usdat.yaml is generator v1.7 output, not a hand-walk. Its own trust banner rates 36.5% of generated rows trustworthy and says `timelock: unresolved` means NOT MEASURED. Axis 5 stays "Not assessed".
Wed Sep  9 10:08:02 PM CST 2026: axis5 emit skipped for usdat (source walk unavailable)
MISSING: /home/danger/security_analyst/topology/assets/susdat.yaml — emit nothing rather than a stale copy
Wed Sep  9 10:08:02 PM CST 2026: axis5 emit skipped for susdat (source walk unavailable)
data/usdai_contract.json: as_of=2026-09-09 layers=4 unresolved=2 walk_notes=37
data/susdai_contract.json: as_of=2026-09-09 layers=4 unresolved=4 walk_notes=11
data/usdm_contract.json: as_of=2026-09-07 layers=10 unresolved=7 walk_notes=35
MISSING: /home/danger/security_analyst/topology/assets/usde.yaml — emit nothing rather than a stale copy
Wed Sep  9 10:08:02 PM CST 2026: axis5 emit skipped for usde (source walk unavailable)
REFUSED: susde.yaml is generator v2.1 output, not a hand-walk. Its own trust banner rates 36.5% of generated rows trustworthy and says `timelock: unresolved` means NOT MEASURED. Axis 5 stays "Not assessed".
Wed Sep  9 10:08:02 PM CST 2026: axis5 emit skipped for susde (source walk unavailable)
data/usds_contract.json: as_of=2026-08-23 layers=2 unresolved=0 walk_notes=21
data/susds_contract.json: as_of=2026-09-07 layers=5 unresolved=2 walk_notes=3
MISSING: /home/danger/security_analyst/topology/assets/thusd.yaml — emit nothing rather than a stale copy
Wed Sep  9 10:08:02 PM CST 2026: axis5 emit skipped for thusd (source walk unavailable)
MISSING: /home/danger/security_analyst/topology/assets/cusd.yaml — emit nothing rather than a stale copy
Wed Sep  9 10:08:02 PM CST 2026: axis5 emit skipped for cusd (source walk unavailable)
data/hastra_prime_contract.json: as_of=2026-07-31 layers=3 unresolved=0 walk_notes=51
data/yzusd_contract.json: as_of=2026-09-06 layers=1 unresolved=3 walk_notes=34
data/syzusd_contract.json: as_of=2026-08-30 layers=3 unresolved=4 walk_notes=31
data/reusd_re_contract.json: as_of=2026-08-30 layers=2 unresolved=3 walk_notes=58
data/reusde_re_contract.json: as_of=2026-09-06 layers=2 unresolved=3 walk_notes=38
From https://github.com/todayindefi/backing-monitor
 * branch                main       -> FETCH_HEAD
MISSING: /home/danger/security_analyst/topology/assets/ousd.yaml — emit nothing rather than a stale copy
Wed Sep  9 11:08:01 PM CST 2026: axis5 emit skipped for ousd (source walk unavailable)
data/crvusd_contract.json: as_of=2026-09-09 layers=7 unresolved=4 walk_notes=9
data/usg_contract.json: as_of=2026-09-06 layers=3 unresolved=3 walk_notes=96
MISSING: /home/danger/security_analyst/topology/assets/usdd.yaml — emit nothing rather than a stale copy
Wed Sep  9 11:08:01 PM CST 2026: axis5 emit skipped for usdd (source walk unavailable)
data/syrupusdc_contract.json: as_of=2026-09-06 layers=8 unresolved=3 walk_notes=8
data/syrupusdt_contract.json: as_of=2026-09-06 layers=6 unresolved=3 walk_notes=8
NOT COMMITTED: topology/assets/apxusd.yaml is not in HEAD of /home/danger/security_analyst. Publication is triggered by COMMIT, so an uncommitted walk is deliberately not published. Commit it there to publish.
Wed Sep  9 11:08:01 PM CST 2026: axis5 emit skipped for apxusd (source walk unavailable)
  ⚠️ apyusd.yaml: working tree has UNCOMMITTED changes that are NOT being published — publishing the committed version. Commit there to publish them.
REFUSED: apyusd.yaml is generator v1.7 output, not a hand-walk. Its own trust banner rates 36.5% of generated rows trustworthy and says `timelock: unresolved` means NOT MEASURED. Axis 5 stays "Not assessed".
Wed Sep  9 11:08:01 PM CST 2026: axis5 emit skipped for apyusd (source walk unavailable)
MISSING: /home/danger/security_analyst/topology/assets/strc.yaml — emit nothing rather than a stale copy
Wed Sep  9 11:08:01 PM CST 2026: axis5 emit skipped for strc (source walk unavailable)
MISSING: /home/danger/security_analyst/topology/assets/mstr.yaml — emit nothing rather than a stale copy
Wed Sep  9 11:08:01 PM CST 2026: axis5 emit skipped for mstr (source walk unavailable)
MISSING: /home/danger/security_analyst/topology/assets/bmnr.yaml — emit nothing rather than a stale copy
Wed Sep  9 11:08:01 PM CST 2026: axis5 emit skipped for bmnr (source walk unavailable)
REFUSED: usdat.yaml is generator v1.7 output, not a hand-walk. Its own trust banner rates 36.5% of generated rows trustworthy and says `timelock: unresolved` means NOT MEASURED. Axis 5 stays "Not assessed".
Wed Sep  9 11:08:01 PM CST 2026: axis5 emit skipped for usdat (source walk unavailable)
MISSING: /home/danger/security_analyst/topology/assets/susdat.yaml — emit nothing rather than a stale copy
Wed Sep  9 11:08:01 PM CST 2026: axis5 emit skipped for susdat (source walk unavailable)
data/usdai_contract.json: as_of=2026-09-09 layers=4 unresolved=2 walk_notes=37
data/susdai_contract.json: as_of=2026-09-09 layers=4 unresolved=4 walk_notes=11
data/usdm_contract.json: as_of=2026-09-07 layers=10 unresolved=7 walk_notes=35
data/usde_contract.json: as_of=2026-09-09 layers=1 unresolved=8 walk_notes=4
data/susde_contract.json: as_of=2026-09-09 layers=3 unresolved=9 walk_notes=4
data/usds_contract.json: as_of=2026-08-23 layers=2 unresolved=0 walk_notes=21
data/susds_contract.json: as_of=2026-09-07 layers=5 unresolved=2 walk_notes=3
MISSING: /home/danger/security_analyst/topology/assets/thusd.yaml — emit nothing rather than a stale copy
Wed Sep  9 11:08:02 PM CST 2026: axis5 emit skipped for thusd (source walk unavailable)
MISSING: /home/danger/security_analyst/topology/assets/cusd.yaml — emit nothing rather than a stale copy
Wed Sep  9 11:08:02 PM CST 2026: axis5 emit skipped for cusd (source walk unavailable)
data/hastra_prime_contract.json: as_of=2026-07-31 layers=3 unresolved=0 walk_notes=51
data/yzusd_contract.json: as_of=2026-09-06 layers=1 unresolved=3 walk_notes=34
data/syzusd_contract.json: as_of=2026-08-30 layers=3 unresolved=4 walk_notes=31
data/reusd_re_contract.json: as_of=2026-08-30 layers=2 unresolved=3 walk_notes=58
data/reusde_re_contract.json: as_of=2026-09-06 layers=2 unresolved=3 walk_notes=38
From https://github.com/todayindefi/backing-monitor
 * branch                main       -> FETCH_HEAD
MISSING: /home/danger/security_analyst/topology/assets/ousd.yaml — emit nothing rather than a stale copy
Thu Sep 10 12:08:01 AM CST 2026: axis5 emit skipped for ousd (source walk unavailable)
data/crvusd_contract.json: as_of=2026-09-09 layers=7 unresolved=4 walk_notes=9
data/usg_contract.json: as_of=2026-09-06 layers=3 unresolved=3 walk_notes=96
MISSING: /home/danger/security_analyst/topology/assets/usdd.yaml — emit nothing rather than a stale copy
Thu Sep 10 12:08:01 AM CST 2026: axis5 emit skipped for usdd (source walk unavailable)
data/syrupusdc_contract.json: as_of=2026-09-06 layers=8 unresolved=3 walk_notes=8
data/syrupusdt_contract.json: as_of=2026-09-06 layers=6 unresolved=3 walk_notes=8
data/apxusd_contract.json: as_of=2026-09-09 layers=4 unresolved=4 walk_notes=1
data/apyusd_contract.json: as_of=2026-09-09 layers=4 unresolved=5 walk_notes=2
MISSING: /home/danger/security_analyst/topology/assets/strc.yaml — emit nothing rather than a stale copy
Thu Sep 10 12:08:01 AM CST 2026: axis5 emit skipped for strc (source walk unavailable)
MISSING: /home/danger/security_analyst/topology/assets/mstr.yaml — emit nothing rather than a stale copy
Thu Sep 10 12:08:01 AM CST 2026: axis5 emit skipped for mstr (source walk unavailable)
MISSING: /home/danger/security_analyst/topology/assets/bmnr.yaml — emit nothing rather than a stale copy
Thu Sep 10 12:08:01 AM CST 2026: axis5 emit skipped for bmnr (source walk unavailable)
  ⚠️ usdat.yaml: working tree has UNCOMMITTED changes that are NOT being published — publishing the committed version. Commit there to publish them.
REFUSED: usdat.yaml is generator v1.7 output, not a hand-walk. Its own trust banner rates 36.5% of generated rows trustworthy and says `timelock: unresolved` means NOT MEASURED. Axis 5 stays "Not assessed".
Thu Sep 10 12:08:01 AM CST 2026: axis5 emit skipped for usdat (source walk unavailable)
NOT COMMITTED: topology/assets/susdat.yaml is not in HEAD of /home/danger/security_analyst. Publication is triggered by COMMIT, so an uncommitted walk is deliberately not published. Commit it there to publish.
Thu Sep 10 12:08:01 AM CST 2026: axis5 emit skipped for susdat (source walk unavailable)
data/usdai_contract.json: as_of=2026-09-09 layers=4 unresolved=2 walk_notes=37
data/susdai_contract.json: as_of=2026-09-09 layers=4 unresolved=4 walk_notes=11
data/usdm_contract.json: as_of=2026-09-07 layers=10 unresolved=7 walk_notes=35
data/usde_contract.json: as_of=2026-09-09 layers=1 unresolved=8 walk_notes=4
data/susde_contract.json: as_of=2026-09-09 layers=3 unresolved=9 walk_notes=4
data/usds_contract.json: as_of=2026-08-23 layers=2 unresolved=0 walk_notes=21
data/susds_contract.json: as_of=2026-09-07 layers=5 unresolved=2 walk_notes=3
MISSING: /home/danger/security_analyst/topology/assets/thusd.yaml — emit nothing rather than a stale copy
Thu Sep 10 12:08:02 AM CST 2026: axis5 emit skipped for thusd (source walk unavailable)
MISSING: /home/danger/security_analyst/topology/assets/cusd.yaml — emit nothing rather than a stale copy
Thu Sep 10 12:08:02 AM CST 2026: axis5 emit skipped for cusd (source walk unavailable)
data/hastra_prime_contract.json: as_of=2026-07-31 layers=3 unresolved=0 walk_notes=51
data/yzusd_contract.json: as_of=2026-09-06 layers=1 unresolved=3 walk_notes=34
data/syzusd_contract.json: as_of=2026-08-30 layers=3 unresolved=4 walk_notes=31
data/reusd_re_contract.json: as_of=2026-08-30 layers=2 unresolved=3 walk_notes=58
data/reusde_re_contract.json: as_of=2026-09-06 layers=2 unresolved=3 walk_notes=38
From https://github.com/todayindefi/backing-monitor
 * branch                main       -> FETCH_HEAD
MISSING: /home/danger/security_analyst/topology/assets/ousd.yaml — emit nothing rather than a stale copy
Thu Sep 10 01:08:01 AM CST 2026: axis5 emit skipped for ousd (source walk unavailable)
data/crvusd_contract.json: as_of=2026-09-09 layers=7 unresolved=4 walk_notes=9
data/usg_contract.json: as_of=2026-09-06 layers=3 unresolved=3 walk_notes=96
MISSING: /home/danger/security_analyst/topology/assets/usdd.yaml — emit nothing rather than a stale copy
Thu Sep 10 01:08:02 AM CST 2026: axis5 emit skipped for usdd (source walk unavailable)
data/syrupusdc_contract.json: as_of=2026-09-06 layers=8 unresolved=3 walk_notes=8
data/syrupusdt_contract.json: as_of=2026-09-06 layers=6 unresolved=3 walk_notes=8
data/apxusd_contract.json: as_of=2026-09-09 layers=4 unresolved=4 walk_notes=1
  ⚠️ apyusd.yaml: working tree has UNCOMMITTED changes that are NOT being published — publishing the committed version. Commit there to publish them.
data/apyusd_contract.json: as_of=2026-09-09 layers=4 unresolved=5 walk_notes=2
MISSING: /home/danger/security_analyst/topology/assets/strc.yaml — emit nothing rather than a stale copy
Thu Sep 10 01:08:02 AM CST 2026: axis5 emit skipped for strc (source walk unavailable)
MISSING: /home/danger/security_analyst/topology/assets/mstr.yaml — emit nothing rather than a stale copy
Thu Sep 10 01:08:02 AM CST 2026: axis5 emit skipped for mstr (source walk unavailable)
MISSING: /home/danger/security_analyst/topology/assets/bmnr.yaml — emit nothing rather than a stale copy
Thu Sep 10 01:08:02 AM CST 2026: axis5 emit skipped for bmnr (source walk unavailable)
  ⚠️ usdat.yaml: working tree has UNCOMMITTED changes that are NOT being published — publishing the committed version. Commit there to publish them.
REFUSED: usdat.yaml is generator v1.7 output, not a hand-walk. Its own trust banner rates 36.5% of generated rows trustworthy and says `timelock: unresolved` means NOT MEASURED. Axis 5 stays "Not assessed".
Thu Sep 10 01:08:02 AM CST 2026: axis5 emit skipped for usdat (source walk unavailable)
NOT COMMITTED: topology/assets/susdat.yaml is not in HEAD of /home/danger/security_analyst. Publication is triggered by COMMIT, so an uncommitted walk is deliberately not published. Commit it there to publish.
Thu Sep 10 01:08:02 AM CST 2026: axis5 emit skipped for susdat (source walk unavailable)
data/usdai_contract.json: as_of=2026-09-09 layers=4 unresolved=2 walk_notes=37
data/susdai_contract.json: as_of=2026-09-09 layers=4 unresolved=4 walk_notes=11
data/usdm_contract.json: as_of=2026-09-07 layers=10 unresolved=7 walk_notes=35
data/usde_contract.json: as_of=2026-09-09 layers=1 unresolved=8 walk_notes=4
data/susde_contract.json: as_of=2026-09-09 layers=3 unresolved=9 walk_notes=4
data/usds_contract.json: as_of=2026-08-23 layers=2 unresolved=0 walk_notes=21
data/susds_contract.json: as_of=2026-09-07 layers=5 unresolved=2 walk_notes=3
NOT COMMITTED: topology/assets/thusd.yaml is not in HEAD of /home/danger/security_analyst. Publication is triggered by COMMIT, so an uncommitted walk is deliberately not published. Commit it there to publish.
Thu Sep 10 01:08:02 AM CST 2026: axis5 emit skipped for thusd (source walk unavailable)
MISSING: /home/danger/security_analyst/topology/assets/cusd.yaml — emit nothing rather than a stale copy
Thu Sep 10 01:08:02 AM CST 2026: axis5 emit skipped for cusd (source walk unavailable)
data/hastra_prime_contract.json: as_of=2026-07-31 layers=3 unresolved=0 walk_notes=51
data/yzusd_contract.json: as_of=2026-09-06 layers=1 unresolved=3 walk_notes=34
data/syzusd_contract.json: as_of=2026-08-30 layers=3 unresolved=4 walk_notes=31
data/reusd_re_contract.json: as_of=2026-08-30 layers=2 unresolved=3 walk_notes=58
data/reusde_re_contract.json: as_of=2026-09-06 layers=2 unresolved=3 walk_notes=38
From https://github.com/todayindefi/backing-monitor
 * branch                main       -> FETCH_HEAD
MISSING: /home/danger/security_analyst/topology/assets/ousd.yaml — emit nothing rather than a stale copy
Thu Sep 10 02:08:01 AM CST 2026: axis5 emit skipped for ousd (source walk unavailable)
data/crvusd_contract.json: as_of=2026-09-09 layers=7 unresolved=4 walk_notes=9
data/usg_contract.json: as_of=2026-09-06 layers=3 unresolved=3 walk_notes=96
MISSING: /home/danger/security_analyst/topology/assets/usdd.yaml — emit nothing rather than a stale copy
Thu Sep 10 02:08:01 AM CST 2026: axis5 emit skipped for usdd (source walk unavailable)
data/syrupusdc_contract.json: as_of=2026-09-06 layers=8 unresolved=3 walk_notes=8
data/syrupusdt_contract.json: as_of=2026-09-06 layers=6 unresolved=3 walk_notes=8
data/apxusd_contract.json: as_of=2026-09-09 layers=4 unresolved=4 walk_notes=1
  ⚠️ apyusd.yaml: working tree has UNCOMMITTED changes that are NOT being published — publishing the committed version. Commit there to publish them.
data/apyusd_contract.json: as_of=2026-09-09 layers=4 unresolved=5 walk_notes=2
MISSING: /home/danger/security_analyst/topology/assets/strc.yaml — emit nothing rather than a stale copy
Thu Sep 10 02:08:01 AM CST 2026: axis5 emit skipped for strc (source walk unavailable)
MISSING: /home/danger/security_analyst/topology/assets/mstr.yaml — emit nothing rather than a stale copy
Thu Sep 10 02:08:02 AM CST 2026: axis5 emit skipped for mstr (source walk unavailable)
MISSING: /home/danger/security_analyst/topology/assets/bmnr.yaml — emit nothing rather than a stale copy
Thu Sep 10 02:08:02 AM CST 2026: axis5 emit skipped for bmnr (source walk unavailable)
  ⚠️ usdat.yaml: working tree has UNCOMMITTED changes that are NOT being published — publishing the committed version. Commit there to publish them.
REFUSED: usdat.yaml is generator v1.7 output, not a hand-walk. Its own trust banner rates 36.5% of generated rows trustworthy and says `timelock: unresolved` means NOT MEASURED. Axis 5 stays "Not assessed".
Thu Sep 10 02:08:02 AM CST 2026: axis5 emit skipped for usdat (source walk unavailable)
NOT COMMITTED: topology/assets/susdat.yaml is not in HEAD of /home/danger/security_analyst. Publication is triggered by COMMIT, so an uncommitted walk is deliberately not published. Commit it there to publish.
Thu Sep 10 02:08:02 AM CST 2026: axis5 emit skipped for susdat (source walk unavailable)
data/usdai_contract.json: as_of=2026-09-09 layers=4 unresolved=2 walk_notes=37
data/susdai_contract.json: as_of=2026-09-09 layers=4 unresolved=4 walk_notes=11
data/usdm_contract.json: as_of=2026-09-07 layers=10 unresolved=7 walk_notes=35
data/usde_contract.json: as_of=2026-09-09 layers=1 unresolved=8 walk_notes=4
data/susde_contract.json: as_of=2026-09-09 layers=3 unresolved=9 walk_notes=4
data/usds_contract.json: as_of=2026-08-23 layers=2 unresolved=0 walk_notes=21
data/susds_contract.json: as_of=2026-09-07 layers=5 unresolved=2 walk_notes=3
NOT COMMITTED: topology/assets/thusd.yaml is not in HEAD of /home/danger/security_analyst. Publication is triggered by COMMIT, so an uncommitted walk is deliberately not published. Commit it there to publish.
Thu Sep 10 02:08:02 AM CST 2026: axis5 emit skipped for thusd (source walk unavailable)
MISSING: /home/danger/security_analyst/topology/assets/cusd.yaml — emit nothing rather than a stale copy
Thu Sep 10 02:08:02 AM CST 2026: axis5 emit skipped for cusd (source walk unavailable)
data/hastra_prime_contract.json: as_of=2026-07-31 layers=3 unresolved=0 walk_notes=51
data/yzusd_contract.json: as_of=2026-09-06 layers=1 unresolved=3 walk_notes=34
data/syzusd_contract.json: as_of=2026-08-30 layers=3 unresolved=4 walk_notes=31
data/reusd_re_contract.json: as_of=2026-08-30 layers=2 unresolved=3 walk_notes=58
data/reusde_re_contract.json: as_of=2026-09-06 layers=2 unresolved=3 walk_notes=38
From https://github.com/todayindefi/backing-monitor
 * branch                main       -> FETCH_HEAD
MISSING: /home/danger/security_analyst/topology/assets/ousd.yaml — emit nothing rather than a stale copy
Thu Sep 10 03:08:02 AM CST 2026: axis5 emit skipped for ousd (source walk unavailable)
data/crvusd_contract.json: as_of=2026-09-09 layers=7 unresolved=4 walk_notes=9
data/usg_contract.json: as_of=2026-09-06 layers=3 unresolved=3 walk_notes=96
MISSING: /home/danger/security_analyst/topology/assets/usdd.yaml — emit nothing rather than a stale copy
Thu Sep 10 03:08:02 AM CST 2026: axis5 emit skipped for usdd (source walk unavailable)
data/syrupusdc_contract.json: as_of=2026-09-06 layers=8 unresolved=3 walk_notes=8
data/syrupusdt_contract.json: as_of=2026-09-06 layers=6 unresolved=3 walk_notes=8
data/apxusd_contract.json: as_of=2026-09-09 layers=4 unresolved=4 walk_notes=1
  ⚠️ apyusd.yaml: working tree has UNCOMMITTED changes that are NOT being published — publishing the committed version. Commit there to publish them.
data/apyusd_contract.json: as_of=2026-09-09 layers=4 unresolved=5 walk_notes=2
MISSING: /home/danger/security_analyst/topology/assets/strc.yaml — emit nothing rather than a stale copy
Thu Sep 10 03:08:02 AM CST 2026: axis5 emit skipped for strc (source walk unavailable)
MISSING: /home/danger/security_analyst/topology/assets/mstr.yaml — emit nothing rather than a stale copy
Thu Sep 10 03:08:02 AM CST 2026: axis5 emit skipped for mstr (source walk unavailable)
MISSING: /home/danger/security_analyst/topology/assets/bmnr.yaml — emit nothing rather than a stale copy
Thu Sep 10 03:08:02 AM CST 2026: axis5 emit skipped for bmnr (source walk unavailable)
  ⚠️ usdat.yaml: working tree has UNCOMMITTED changes that are NOT being published — publishing the committed version. Commit there to publish them.
REFUSED: usdat.yaml is generator v1.7 output, not a hand-walk. Its own trust banner rates 36.5% of generated rows trustworthy and says `timelock: unresolved` means NOT MEASURED. Axis 5 stays "Not assessed".
Thu Sep 10 03:08:02 AM CST 2026: axis5 emit skipped for usdat (source walk unavailable)
NOT COMMITTED: topology/assets/susdat.yaml is not in HEAD of /home/danger/security_analyst. Publication is triggered by COMMIT, so an uncommitted walk is deliberately not published. Commit it there to publish.
Thu Sep 10 03:08:02 AM CST 2026: axis5 emit skipped for susdat (source walk unavailable)
data/usdai_contract.json: as_of=2026-09-09 layers=4 unresolved=2 walk_notes=37
data/susdai_contract.json: as_of=2026-09-09 layers=4 unresolved=4 walk_notes=11
data/usdm_contract.json: as_of=2026-09-07 layers=10 unresolved=7 walk_notes=35
data/usde_contract.json: as_of=2026-09-09 layers=1 unresolved=8 walk_notes=4
data/susde_contract.json: as_of=2026-09-09 layers=3 unresolved=9 walk_notes=4
data/usds_contract.json: as_of=2026-08-23 layers=2 unresolved=0 walk_notes=21
data/susds_contract.json: as_of=2026-09-07 layers=5 unresolved=2 walk_notes=3
NOT COMMITTED: topology/assets/thusd.yaml is not in HEAD of /home/danger/security_analyst. Publication is triggered by COMMIT, so an uncommitted walk is deliberately not published. Commit it there to publish.
Thu Sep 10 03:08:02 AM CST 2026: axis5 emit skipped for thusd (source walk unavailable)
MISSING: /home/danger/security_analyst/topology/assets/cusd.yaml — emit nothing rather than a stale copy
Thu Sep 10 03:08:02 AM CST 2026: axis5 emit skipped for cusd (source walk unavailable)
data/hastra_prime_contract.json: as_of=2026-07-31 layers=3 unresolved=0 walk_notes=51
data/yzusd_contract.json: as_of=2026-09-06 layers=1 unresolved=3 walk_notes=34
data/syzusd_contract.json: as_of=2026-08-30 layers=3 unresolved=4 walk_notes=31
data/reusd_re_contract.json: as_of=2026-08-30 layers=2 unresolved=3 walk_notes=58
data/reusde_re_contract.json: as_of=2026-09-06 layers=2 unresolved=3 walk_notes=38
From https://github.com/todayindefi/backing-monitor
 * branch                main       -> FETCH_HEAD
MISSING: /home/danger/security_analyst/topology/assets/ousd.yaml — emit nothing rather than a stale copy
Thu Sep 10 04:08:01 AM CST 2026: axis5 emit skipped for ousd (source walk unavailable)
data/crvusd_contract.json: as_of=2026-09-09 layers=7 unresolved=4 walk_notes=9
data/usg_contract.json: as_of=2026-09-06 layers=3 unresolved=3 walk_notes=96
MISSING: /home/danger/security_analyst/topology/assets/usdd.yaml — emit nothing rather than a stale copy
Thu Sep 10 04:08:01 AM CST 2026: axis5 emit skipped for usdd (source walk unavailable)
data/syrupusdc_contract.json: as_of=2026-09-06 layers=8 unresolved=3 walk_notes=8
data/syrupusdt_contract.json: as_of=2026-09-06 layers=6 unresolved=3 walk_notes=8
data/apxusd_contract.json: as_of=2026-09-09 layers=4 unresolved=4 walk_notes=1
  ⚠️ apyusd.yaml: working tree has UNCOMMITTED changes that are NOT being published — publishing the committed version. Commit there to publish them.
data/apyusd_contract.json: as_of=2026-09-09 layers=4 unresolved=5 walk_notes=2
MISSING: /home/danger/security_analyst/topology/assets/strc.yaml — emit nothing rather than a stale copy
Thu Sep 10 04:08:01 AM CST 2026: axis5 emit skipped for strc (source walk unavailable)
MISSING: /home/danger/security_analyst/topology/assets/mstr.yaml — emit nothing rather than a stale copy
Thu Sep 10 04:08:01 AM CST 2026: axis5 emit skipped for mstr (source walk unavailable)
MISSING: /home/danger/security_analyst/topology/assets/bmnr.yaml — emit nothing rather than a stale copy
Thu Sep 10 04:08:01 AM CST 2026: axis5 emit skipped for bmnr (source walk unavailable)
  ⚠️ usdat.yaml: working tree has UNCOMMITTED changes that are NOT being published — publishing the committed version. Commit there to publish them.
REFUSED: usdat.yaml is generator v1.7 output, not a hand-walk. Its own trust banner rates 36.5% of generated rows trustworthy and says `timelock: unresolved` means NOT MEASURED. Axis 5 stays "Not assessed".
Thu Sep 10 04:08:01 AM CST 2026: axis5 emit skipped for usdat (source walk unavailable)
NOT COMMITTED: topology/assets/susdat.yaml is not in HEAD of /home/danger/security_analyst. Publication is triggered by COMMIT, so an uncommitted walk is deliberately not published. Commit it there to publish.
Thu Sep 10 04:08:01 AM CST 2026: axis5 emit skipped for susdat (source walk unavailable)
data/usdai_contract.json: as_of=2026-09-09 layers=4 unresolved=2 walk_notes=37
data/susdai_contract.json: as_of=2026-09-09 layers=4 unresolved=4 walk_notes=11
data/usdm_contract.json: as_of=2026-09-07 layers=10 unresolved=7 walk_notes=35
data/usde_contract.json: as_of=2026-09-09 layers=1 unresolved=8 walk_notes=4
data/susde_contract.json: as_of=2026-09-09 layers=3 unresolved=9 walk_notes=4
data/usds_contract.json: as_of=2026-08-23 layers=2 unresolved=0 walk_notes=21
data/susds_contract.json: as_of=2026-09-07 layers=5 unresolved=2 walk_notes=3
NOT COMMITTED: topology/assets/thusd.yaml is not in HEAD of /home/danger/security_analyst. Publication is triggered by COMMIT, so an uncommitted walk is deliberately not published. Commit it there to publish.
Thu Sep 10 04:08:02 AM CST 2026: axis5 emit skipped for thusd (source walk unavailable)
MISSING: /home/danger/security_analyst/topology/assets/cusd.yaml — emit nothing rather than a stale copy
Thu Sep 10 04:08:02 AM CST 2026: axis5 emit skipped for cusd (source walk unavailable)
data/hastra_prime_contract.json: as_of=2026-07-31 layers=3 unresolved=0 walk_notes=51
data/yzusd_contract.json: as_of=2026-09-06 layers=1 unresolved=3 walk_notes=34
data/syzusd_contract.json: as_of=2026-08-30 layers=3 unresolved=4 walk_notes=31
data/reusd_re_contract.json: as_of=2026-08-30 layers=2 unresolved=3 walk_notes=58
data/reusde_re_contract.json: as_of=2026-09-06 layers=2 unresolved=3 walk_notes=38
From https://github.com/todayindefi/backing-monitor
 * branch                main       -> FETCH_HEAD
MISSING: /home/danger/security_analyst/topology/assets/ousd.yaml — emit nothing rather than a stale copy
Thu Sep 10 05:08:01 AM CST 2026: axis5 emit skipped for ousd (source walk unavailable)
data/crvusd_contract.json: as_of=2026-09-09 layers=7 unresolved=4 walk_notes=9
data/usg_contract.json: as_of=2026-09-06 layers=3 unresolved=3 walk_notes=96
MISSING: /home/danger/security_analyst/topology/assets/usdd.yaml — emit nothing rather than a stale copy
Thu Sep 10 05:08:01 AM CST 2026: axis5 emit skipped for usdd (source walk unavailable)
data/syrupusdc_contract.json: as_of=2026-09-06 layers=8 unresolved=3 walk_notes=8
data/syrupusdt_contract.json: as_of=2026-09-06 layers=6 unresolved=3 walk_notes=8
data/apxusd_contract.json: as_of=2026-09-09 layers=4 unresolved=4 walk_notes=1
  ⚠️ apyusd.yaml: working tree has UNCOMMITTED changes that are NOT being published — publishing the committed version. Commit there to publish them.
data/apyusd_contract.json: as_of=2026-09-09 layers=4 unresolved=5 walk_notes=2
MISSING: /home/danger/security_analyst/topology/assets/strc.yaml — emit nothing rather than a stale copy
Thu Sep 10 05:08:01 AM CST 2026: axis5 emit skipped for strc (source walk unavailable)
MISSING: /home/danger/security_analyst/topology/assets/mstr.yaml — emit nothing rather than a stale copy
Thu Sep 10 05:08:01 AM CST 2026: axis5 emit skipped for mstr (source walk unavailable)
MISSING: /home/danger/security_analyst/topology/assets/bmnr.yaml — emit nothing rather than a stale copy
Thu Sep 10 05:08:01 AM CST 2026: axis5 emit skipped for bmnr (source walk unavailable)
  ⚠️ usdat.yaml: working tree has UNCOMMITTED changes that are NOT being published — publishing the committed version. Commit there to publish them.
REFUSED: usdat.yaml is generator v1.7 output, not a hand-walk. Its own trust banner rates 36.5% of generated rows trustworthy and says `timelock: unresolved` means NOT MEASURED. Axis 5 stays "Not assessed".
Thu Sep 10 05:08:01 AM CST 2026: axis5 emit skipped for usdat (source walk unavailable)
NOT COMMITTED: topology/assets/susdat.yaml is not in HEAD of /home/danger/security_analyst. Publication is triggered by COMMIT, so an uncommitted walk is deliberately not published. Commit it there to publish.
Thu Sep 10 05:08:01 AM CST 2026: axis5 emit skipped for susdat (source walk unavailable)
data/usdai_contract.json: as_of=2026-09-09 layers=4 unresolved=2 walk_notes=37
data/susdai_contract.json: as_of=2026-09-09 layers=4 unresolved=4 walk_notes=11
data/usdm_contract.json: as_of=2026-09-07 layers=10 unresolved=7 walk_notes=35
data/usde_contract.json: as_of=2026-09-09 layers=1 unresolved=8 walk_notes=4
data/susde_contract.json: as_of=2026-09-09 layers=3 unresolved=9 walk_notes=4
data/usds_contract.json: as_of=2026-08-23 layers=2 unresolved=0 walk_notes=21
data/susds_contract.json: as_of=2026-09-07 layers=5 unresolved=2 walk_notes=3
NOT COMMITTED: topology/assets/thusd.yaml is not in HEAD of /home/danger/security_analyst. Publication is triggered by COMMIT, so an uncommitted walk is deliberately not published. Commit it there to publish.
Thu Sep 10 05:08:01 AM CST 2026: axis5 emit skipped for thusd (source walk unavailable)
MISSING: /home/danger/security_analyst/topology/assets/cusd.yaml — emit nothing rather than a stale copy
Thu Sep 10 05:08:01 AM CST 2026: axis5 emit skipped for cusd (source walk unavailable)
data/hastra_prime_contract.json: as_of=2026-07-31 layers=3 unresolved=0 walk_notes=51
data/yzusd_contract.json: as_of=2026-09-06 layers=1 unresolved=3 walk_notes=34
data/syzusd_contract.json: as_of=2026-08-30 layers=3 unresolved=4 walk_notes=31
data/reusd_re_contract.json: as_of=2026-08-30 layers=2 unresolved=3 walk_notes=58
data/reusde_re_contract.json: as_of=2026-09-06 layers=2 unresolved=3 walk_notes=38
From https://github.com/todayindefi/backing-monitor
 * branch                main       -> FETCH_HEAD
MISSING: /home/danger/security_analyst/topology/assets/ousd.yaml — emit nothing rather than a stale copy
Thu Sep 10 06:08:01 AM CST 2026: axis5 emit skipped for ousd (source walk unavailable)
data/crvusd_contract.json: as_of=2026-09-09 layers=7 unresolved=4 walk_notes=9
data/usg_contract.json: as_of=2026-09-06 layers=3 unresolved=3 walk_notes=96
MISSING: /home/danger/security_analyst/topology/assets/usdd.yaml — emit nothing rather than a stale copy
Thu Sep 10 06:08:01 AM CST 2026: axis5 emit skipped for usdd (source walk unavailable)
data/syrupusdc_contract.json: as_of=2026-09-06 layers=8 unresolved=3 walk_notes=8
data/syrupusdt_contract.json: as_of=2026-09-06 layers=6 unresolved=3 walk_notes=8
data/apxusd_contract.json: as_of=2026-09-09 layers=4 unresolved=4 walk_notes=1
  ⚠️ apyusd.yaml: working tree has UNCOMMITTED changes that are NOT being published — publishing the committed version. Commit there to publish them.
data/apyusd_contract.json: as_of=2026-09-09 layers=4 unresolved=5 walk_notes=2
MISSING: /home/danger/security_analyst/topology/assets/strc.yaml — emit nothing rather than a stale copy
Thu Sep 10 06:08:01 AM CST 2026: axis5 emit skipped for strc (source walk unavailable)
MISSING: /home/danger/security_analyst/topology/assets/mstr.yaml — emit nothing rather than a stale copy
Thu Sep 10 06:08:01 AM CST 2026: axis5 emit skipped for mstr (source walk unavailable)
MISSING: /home/danger/security_analyst/topology/assets/bmnr.yaml — emit nothing rather than a stale copy
Thu Sep 10 06:08:01 AM CST 2026: axis5 emit skipped for bmnr (source walk unavailable)
  ⚠️ usdat.yaml: working tree has UNCOMMITTED changes that are NOT being published — publishing the committed version. Commit there to publish them.
REFUSED: usdat.yaml is generator v1.7 output, not a hand-walk. Its own trust banner rates 36.5% of generated rows trustworthy and says `timelock: unresolved` means NOT MEASURED. Axis 5 stays "Not assessed".
Thu Sep 10 06:08:01 AM CST 2026: axis5 emit skipped for usdat (source walk unavailable)
NOT COMMITTED: topology/assets/susdat.yaml is not in HEAD of /home/danger/security_analyst. Publication is triggered by COMMIT, so an uncommitted walk is deliberately not published. Commit it there to publish.
Thu Sep 10 06:08:01 AM CST 2026: axis5 emit skipped for susdat (source walk unavailable)
data/usdai_contract.json: as_of=2026-09-09 layers=4 unresolved=2 walk_notes=37
data/susdai_contract.json: as_of=2026-09-09 layers=4 unresolved=4 walk_notes=11
data/usdm_contract.json: as_of=2026-09-07 layers=10 unresolved=7 walk_notes=35
data/usde_contract.json: as_of=2026-09-09 layers=1 unresolved=8 walk_notes=4
data/susde_contract.json: as_of=2026-09-09 layers=3 unresolved=9 walk_notes=4
data/usds_contract.json: as_of=2026-08-23 layers=2 unresolved=0 walk_notes=21
data/susds_contract.json: as_of=2026-09-07 layers=5 unresolved=2 walk_notes=3
NOT COMMITTED: topology/assets/thusd.yaml is not in HEAD of /home/danger/security_analyst. Publication is triggered by COMMIT, so an uncommitted walk is deliberately not published. Commit it there to publish.
Thu Sep 10 06:08:02 AM CST 2026: axis5 emit skipped for thusd (source walk unavailable)
MISSING: /home/danger/security_analyst/topology/assets/cusd.yaml — emit nothing rather than a stale copy
Thu Sep 10 06:08:02 AM CST 2026: axis5 emit skipped for cusd (source walk unavailable)
data/hastra_prime_contract.json: as_of=2026-07-31 layers=3 unresolved=0 walk_notes=51
data/yzusd_contract.json: as_of=2026-09-06 layers=1 unresolved=3 walk_notes=34
data/syzusd_contract.json: as_of=2026-08-30 layers=3 unresolved=4 walk_notes=31
data/reusd_re_contract.json: as_of=2026-08-30 layers=2 unresolved=3 walk_notes=58
data/reusde_re_contract.json: as_of=2026-09-06 layers=2 unresolved=3 walk_notes=38
From https://github.com/todayindefi/backing-monitor
 * branch                main       -> FETCH_HEAD
MISSING: /home/danger/security_analyst/topology/assets/ousd.yaml — emit nothing rather than a stale copy
Thu Sep 10 07:08:01 AM CST 2026: axis5 emit skipped for ousd (source walk unavailable)
data/crvusd_contract.json: as_of=2026-09-09 layers=7 unresolved=4 walk_notes=9
data/usg_contract.json: as_of=2026-09-06 layers=3 unresolved=3 walk_notes=96
MISSING: /home/danger/security_analyst/topology/assets/usdd.yaml — emit nothing rather than a stale copy
Thu Sep 10 07:08:01 AM CST 2026: axis5 emit skipped for usdd (source walk unavailable)
data/syrupusdc_contract.json: as_of=2026-09-06 layers=8 unresolved=3 walk_notes=8
data/syrupusdt_contract.json: as_of=2026-09-06 layers=6 unresolved=3 walk_notes=8
data/apxusd_contract.json: as_of=2026-09-09 layers=4 unresolved=4 walk_notes=1
  ⚠️ apyusd.yaml: working tree has UNCOMMITTED changes that are NOT being published — publishing the committed version. Commit there to publish them.
data/apyusd_contract.json: as_of=2026-09-09 layers=4 unresolved=5 walk_notes=2
MISSING: /home/danger/security_analyst/topology/assets/strc.yaml — emit nothing rather than a stale copy
Thu Sep 10 07:08:02 AM CST 2026: axis5 emit skipped for strc (source walk unavailable)
MISSING: /home/danger/security_analyst/topology/assets/mstr.yaml — emit nothing rather than a stale copy
Thu Sep 10 07:08:02 AM CST 2026: axis5 emit skipped for mstr (source walk unavailable)
MISSING: /home/danger/security_analyst/topology/assets/bmnr.yaml — emit nothing rather than a stale copy
Thu Sep 10 07:08:02 AM CST 2026: axis5 emit skipped for bmnr (source walk unavailable)
  ⚠️ usdat.yaml: working tree has UNCOMMITTED changes that are NOT being published — publishing the committed version. Commit there to publish them.
REFUSED: usdat.yaml is generator v1.7 output, not a hand-walk. Its own trust banner rates 36.5% of generated rows trustworthy and says `timelock: unresolved` means NOT MEASURED. Axis 5 stays "Not assessed".
Thu Sep 10 07:08:02 AM CST 2026: axis5 emit skipped for usdat (source walk unavailable)
NOT COMMITTED: topology/assets/susdat.yaml is not in HEAD of /home/danger/security_analyst. Publication is triggered by COMMIT, so an uncommitted walk is deliberately not published. Commit it there to publish.
Thu Sep 10 07:08:02 AM CST 2026: axis5 emit skipped for susdat (source walk unavailable)
data/usdai_contract.json: as_of=2026-09-09 layers=4 unresolved=2 walk_notes=37
data/susdai_contract.json: as_of=2026-09-09 layers=4 unresolved=4 walk_notes=11
data/usdm_contract.json: as_of=2026-09-07 layers=10 unresolved=7 walk_notes=35
data/usde_contract.json: as_of=2026-09-09 layers=1 unresolved=8 walk_notes=4
data/susde_contract.json: as_of=2026-09-09 layers=3 unresolved=9 walk_notes=4
data/usds_contract.json: as_of=2026-08-23 layers=2 unresolved=0 walk_notes=21
data/susds_contract.json: as_of=2026-09-07 layers=5 unresolved=2 walk_notes=3
NOT COMMITTED: topology/assets/thusd.yaml is not in HEAD of /home/danger/security_analyst. Publication is triggered by COMMIT, so an uncommitted walk is deliberately not published. Commit it there to publish.
Thu Sep 10 07:08:02 AM CST 2026: axis5 emit skipped for thusd (source walk unavailable)
MISSING: /home/danger/security_analyst/topology/assets/cusd.yaml — emit nothing rather than a stale copy
Thu Sep 10 07:08:02 AM CST 2026: axis5 emit skipped for cusd (source walk unavailable)
data/hastra_prime_contract.json: as_of=2026-07-31 layers=3 unresolved=0 walk_notes=51
data/yzusd_contract.json: as_of=2026-09-06 layers=1 unresolved=3 walk_notes=34
data/syzusd_contract.json: as_of=2026-08-30 layers=3 unresolved=4 walk_notes=31
data/reusd_re_contract.json: as_of=2026-08-30 layers=2 unresolved=3 walk_notes=58
data/reusde_re_contract.json: as_of=2026-09-06 layers=2 unresolved=3 walk_notes=38
From https://github.com/todayindefi/backing-monitor
 * branch                main       -> FETCH_HEAD
MISSING: /home/danger/security_analyst/topology/assets/ousd.yaml — emit nothing rather than a stale copy
Thu Sep 10 08:08:01 AM CST 2026: axis5 emit skipped for ousd (source walk unavailable)
data/crvusd_contract.json: as_of=2026-09-09 layers=7 unresolved=4 walk_notes=9
data/usg_contract.json: as_of=2026-09-06 layers=3 unresolved=3 walk_notes=96
MISSING: /home/danger/security_analyst/topology/assets/usdd.yaml — emit nothing rather than a stale copy
Thu Sep 10 08:08:01 AM CST 2026: axis5 emit skipped for usdd (source walk unavailable)
data/syrupusdc_contract.json: as_of=2026-09-06 layers=8 unresolved=3 walk_notes=8
data/syrupusdt_contract.json: as_of=2026-09-06 layers=6 unresolved=3 walk_notes=8
data/apxusd_contract.json: as_of=2026-09-09 layers=4 unresolved=4 walk_notes=1
  ⚠️ apyusd.yaml: working tree has UNCOMMITTED changes that are NOT being published — publishing the committed version. Commit there to publish them.
data/apyusd_contract.json: as_of=2026-09-09 layers=4 unresolved=5 walk_notes=2
MISSING: /home/danger/security_analyst/topology/assets/strc.yaml — emit nothing rather than a stale copy
Thu Sep 10 08:08:01 AM CST 2026: axis5 emit skipped for strc (source walk unavailable)
MISSING: /home/danger/security_analyst/topology/assets/mstr.yaml — emit nothing rather than a stale copy
Thu Sep 10 08:08:01 AM CST 2026: axis5 emit skipped for mstr (source walk unavailable)
MISSING: /home/danger/security_analyst/topology/assets/bmnr.yaml — emit nothing rather than a stale copy
Thu Sep 10 08:08:01 AM CST 2026: axis5 emit skipped for bmnr (source walk unavailable)
  ⚠️ usdat.yaml: working tree has UNCOMMITTED changes that are NOT being published — publishing the committed version. Commit there to publish them.
REFUSED: usdat.yaml is generator v1.7 output, not a hand-walk. Its own trust banner rates 36.5% of generated rows trustworthy and says `timelock: unresolved` means NOT MEASURED. Axis 5 stays "Not assessed".
Thu Sep 10 08:08:01 AM CST 2026: axis5 emit skipped for usdat (source walk unavailable)
NOT COMMITTED: topology/assets/susdat.yaml is not in HEAD of /home/danger/security_analyst. Publication is triggered by COMMIT, so an uncommitted walk is deliberately not published. Commit it there to publish.
Thu Sep 10 08:08:01 AM CST 2026: axis5 emit skipped for susdat (source walk unavailable)
data/usdai_contract.json: as_of=2026-09-09 layers=4 unresolved=2 walk_notes=37
data/susdai_contract.json: as_of=2026-09-09 layers=4 unresolved=4 walk_notes=11
data/usdm_contract.json: as_of=2026-09-07 layers=10 unresolved=7 walk_notes=35
data/usde_contract.json: as_of=2026-09-09 layers=1 unresolved=8 walk_notes=4
data/susde_contract.json: as_of=2026-09-09 layers=3 unresolved=9 walk_notes=4
data/usds_contract.json: as_of=2026-08-23 layers=2 unresolved=0 walk_notes=21
data/susds_contract.json: as_of=2026-09-07 layers=5 unresolved=2 walk_notes=3
NOT COMMITTED: topology/assets/thusd.yaml is not in HEAD of /home/danger/security_analyst. Publication is triggered by COMMIT, so an uncommitted walk is deliberately not published. Commit it there to publish.
Thu Sep 10 08:08:01 AM CST 2026: axis5 emit skipped for thusd (source walk unavailable)
MISSING: /home/danger/security_analyst/topology/assets/cusd.yaml — emit nothing rather than a stale copy
Thu Sep 10 08:08:01 AM CST 2026: axis5 emit skipped for cusd (source walk unavailable)
data/hastra_prime_contract.json: as_of=2026-07-31 layers=3 unresolved=0 walk_notes=51
data/yzusd_contract.json: as_of=2026-09-06 layers=1 unresolved=3 walk_notes=34
data/syzusd_contract.json: as_of=2026-08-30 layers=3 unresolved=4 walk_notes=31
data/reusd_re_contract.json: as_of=2026-08-30 layers=2 unresolved=3 walk_notes=58
data/reusde_re_contract.json: as_of=2026-09-06 layers=2 unresolved=3 walk_notes=38
From https://github.com/todayindefi/backing-monitor
 * branch                main       -> FETCH_HEAD
MISSING: /home/danger/security_analyst/topology/assets/ousd.yaml — emit nothing rather than a stale copy
Thu Sep 10 09:08:01 AM CST 2026: axis5 emit skipped for ousd (source walk unavailable)
data/crvusd_contract.json: as_of=2026-09-09 layers=7 unresolved=4 walk_notes=9
data/usg_contract.json: as_of=2026-09-06 layers=3 unresolved=3 walk_notes=96
MISSING: /home/danger/security_analyst/topology/assets/usdd.yaml — emit nothing rather than a stale copy
Thu Sep 10 09:08:01 AM CST 2026: axis5 emit skipped for usdd (source walk unavailable)
data/syrupusdc_contract.json: as_of=2026-09-06 layers=8 unresolved=3 walk_notes=8
data/syrupusdt_contract.json: as_of=2026-09-06 layers=6 unresolved=3 walk_notes=8
data/apxusd_contract.json: as_of=2026-09-09 layers=4 unresolved=4 walk_notes=1
data/apyusd_contract.json: as_of=2026-09-10 layers=4 unresolved=5 walk_notes=9
MISSING: /home/danger/security_analyst/topology/assets/strc.yaml — emit nothing rather than a stale copy
Thu Sep 10 09:08:01 AM CST 2026: axis5 emit skipped for strc (source walk unavailable)
MISSING: /home/danger/security_analyst/topology/assets/mstr.yaml — emit nothing rather than a stale copy
Thu Sep 10 09:08:01 AM CST 2026: axis5 emit skipped for mstr (source walk unavailable)
MISSING: /home/danger/security_analyst/topology/assets/bmnr.yaml — emit nothing rather than a stale copy
Thu Sep 10 09:08:01 AM CST 2026: axis5 emit skipped for bmnr (source walk unavailable)
data/usdat_contract.json: as_of=2026-09-09 layers=2 unresolved=3 walk_notes=1
data/susdat_contract.json: as_of=2026-09-09 layers=2 unresolved=4 walk_notes=1
data/usdai_contract.json: as_of=2026-09-09 layers=4 unresolved=2 walk_notes=37
data/susdai_contract.json: as_of=2026-09-09 layers=4 unresolved=4 walk_notes=11
data/usdm_contract.json: as_of=2026-09-07 layers=10 unresolved=7 walk_notes=35
data/usde_contract.json: as_of=2026-09-09 layers=1 unresolved=8 walk_notes=4
data/susde_contract.json: as_of=2026-09-09 layers=3 unresolved=9 walk_notes=4
data/usds_contract.json: as_of=2026-08-23 layers=2 unresolved=0 walk_notes=21
data/susds_contract.json: as_of=2026-09-07 layers=5 unresolved=2 walk_notes=3
data/thusd_contract.json: as_of=2026-09-10 layers=6 unresolved=6 walk_notes=10
MISSING: /home/danger/security_analyst/topology/assets/cusd.yaml — emit nothing rather than a stale copy
Thu Sep 10 09:08:02 AM CST 2026: axis5 emit skipped for cusd (source walk unavailable)
data/hastra_prime_contract.json: as_of=2026-07-31 layers=3 unresolved=0 walk_notes=51
data/yzusd_contract.json: as_of=2026-09-06 layers=1 unresolved=3 walk_notes=34
data/syzusd_contract.json: as_of=2026-08-30 layers=3 unresolved=4 walk_notes=31
data/reusd_re_contract.json: as_of=2026-08-30 layers=2 unresolved=3 walk_notes=58
data/reusde_re_contract.json: as_of=2026-09-06 layers=2 unresolved=3 walk_notes=38
From https://github.com/todayindefi/backing-monitor
 * branch                main       -> FETCH_HEAD
MISSING: /home/danger/security_analyst/topology/assets/ousd.yaml — emit nothing rather than a stale copy
Thu Sep 10 10:08:01 AM CST 2026: axis5 emit skipped for ousd (source walk unavailable)
data/crvusd_contract.json: as_of=2026-09-09 layers=7 unresolved=4 walk_notes=9
data/usg_contract.json: as_of=2026-09-06 layers=3 unresolved=3 walk_notes=96
MISSING: /home/danger/security_analyst/topology/assets/usdd.yaml — emit nothing rather than a stale copy
Thu Sep 10 10:08:02 AM CST 2026: axis5 emit skipped for usdd (source walk unavailable)
data/syrupusdc_contract.json: as_of=2026-09-06 layers=8 unresolved=3 walk_notes=8
data/syrupusdt_contract.json: as_of=2026-09-06 layers=6 unresolved=3 walk_notes=8
data/apxusd_contract.json: as_of=2026-09-09 layers=4 unresolved=4 walk_notes=1
data/apyusd_contract.json: as_of=2026-09-10 layers=4 unresolved=5 walk_notes=9
MISSING: /home/danger/security_analyst/topology/assets/strc.yaml — emit nothing rather than a stale copy
Thu Sep 10 10:08:02 AM CST 2026: axis5 emit skipped for strc (source walk unavailable)
MISSING: /home/danger/security_analyst/topology/assets/mstr.yaml — emit nothing rather than a stale copy
Thu Sep 10 10:08:02 AM CST 2026: axis5 emit skipped for mstr (source walk unavailable)
MISSING: /home/danger/security_analyst/topology/assets/bmnr.yaml — emit nothing rather than a stale copy
Thu Sep 10 10:08:02 AM CST 2026: axis5 emit skipped for bmnr (source walk unavailable)
data/usdat_contract.json: as_of=2026-09-09 layers=2 unresolved=3 walk_notes=1
data/susdat_contract.json: as_of=2026-09-09 layers=2 unresolved=4 walk_notes=1
data/usdai_contract.json: as_of=2026-09-09 layers=4 unresolved=2 walk_notes=37
data/susdai_contract.json: as_of=2026-09-09 layers=4 unresolved=4 walk_notes=11
data/usdm_contract.json: as_of=2026-09-07 layers=10 unresolved=7 walk_notes=35
data/usde_contract.json: as_of=2026-09-09 layers=1 unresolved=8 walk_notes=4
data/susde_contract.json: as_of=2026-09-09 layers=3 unresolved=9 walk_notes=4
data/usds_contract.json: as_of=2026-08-23 layers=2 unresolved=0 walk_notes=21
data/susds_contract.json: as_of=2026-09-07 layers=5 unresolved=2 walk_notes=3
data/thusd_contract.json: as_of=2026-09-10 layers=6 unresolved=6 walk_notes=10
MISSING: /home/danger/security_analyst/topology/assets/cusd.yaml — emit nothing rather than a stale copy
Thu Sep 10 10:08:02 AM CST 2026: axis5 emit skipped for cusd (source walk unavailable)
data/hastra_prime_contract.json: as_of=2026-07-31 layers=3 unresolved=0 walk_notes=51
data/yzusd_contract.json: as_of=2026-09-06 layers=1 unresolved=3 walk_notes=34
data/syzusd_contract.json: as_of=2026-08-30 layers=3 unresolved=4 walk_notes=31
data/reusd_re_contract.json: as_of=2026-08-30 layers=2 unresolved=3 walk_notes=58
data/reusde_re_contract.json: as_of=2026-09-06 layers=2 unresolved=3 walk_notes=38
From https://github.com/todayindefi/backing-monitor
 * branch                main       -> FETCH_HEAD
Thu Sep 10 10:08:04 AM CST 2026: WARNING frontend files are dirty at sync time (js/ or index.html) — publish intentionally; sync will not auto-commit them:
 M js/renderers/saturn.js
MISSING: /home/danger/security_analyst/topology/assets/ousd.yaml — emit nothing rather than a stale copy
Thu Sep 10 11:08:01 AM CST 2026: axis5 emit skipped for ousd (source walk unavailable)
data/crvusd_contract.json: as_of=2026-09-09 layers=7 unresolved=4 walk_notes=9
data/usg_contract.json: as_of=2026-09-06 layers=3 unresolved=3 walk_notes=96
MISSING: /home/danger/security_analyst/topology/assets/usdd.yaml — emit nothing rather than a stale copy
Thu Sep 10 11:08:01 AM CST 2026: axis5 emit skipped for usdd (source walk unavailable)
data/syrupusdc_contract.json: as_of=2026-09-06 layers=8 unresolved=3 walk_notes=8
data/syrupusdt_contract.json: as_of=2026-09-06 layers=6 unresolved=3 walk_notes=8
data/apxusd_contract.json: as_of=2026-09-09 layers=4 unresolved=4 walk_notes=1
data/apyusd_contract.json: as_of=2026-09-10 layers=4 unresolved=5 walk_notes=9
MISSING: /home/danger/security_analyst/topology/assets/strc.yaml — emit nothing rather than a stale copy
Thu Sep 10 11:08:01 AM CST 2026: axis5 emit skipped for strc (source walk unavailable)
MISSING: /home/danger/security_analyst/topology/assets/mstr.yaml — emit nothing rather than a stale copy
Thu Sep 10 11:08:01 AM CST 2026: axis5 emit skipped for mstr (source walk unavailable)
MISSING: /home/danger/security_analyst/topology/assets/bmnr.yaml — emit nothing rather than a stale copy
Thu Sep 10 11:08:01 AM CST 2026: axis5 emit skipped for bmnr (source walk unavailable)
data/usdat_contract.json: as_of=2026-09-09 layers=2 unresolved=3 walk_notes=1
data/susdat_contract.json: as_of=2026-09-09 layers=2 unresolved=4 walk_notes=1
data/usdai_contract.json: as_of=2026-09-09 layers=4 unresolved=2 walk_notes=37
data/susdai_contract.json: as_of=2026-09-09 layers=4 unresolved=4 walk_notes=11
data/usdm_contract.json: as_of=2026-09-07 layers=10 unresolved=7 walk_notes=35
data/usde_contract.json: as_of=2026-09-09 layers=1 unresolved=8 walk_notes=4
data/susde_contract.json: as_of=2026-09-09 layers=3 unresolved=9 walk_notes=4
data/usds_contract.json: as_of=2026-08-23 layers=2 unresolved=0 walk_notes=21
data/susds_contract.json: as_of=2026-09-07 layers=5 unresolved=2 walk_notes=3
data/thusd_contract.json: as_of=2026-09-10 layers=6 unresolved=6 walk_notes=10
MISSING: /home/danger/security_analyst/topology/assets/cusd.yaml — emit nothing rather than a stale copy
Thu Sep 10 11:08:02 AM CST 2026: axis5 emit skipped for cusd (source walk unavailable)
data/hastra_prime_contract.json: as_of=2026-07-31 layers=3 unresolved=0 walk_notes=51
data/yzusd_contract.json: as_of=2026-09-06 layers=1 unresolved=3 walk_notes=34
data/syzusd_contract.json: as_of=2026-08-30 layers=3 unresolved=4 walk_notes=31
data/reusd_re_contract.json: as_of=2026-08-30 layers=2 unresolved=3 walk_notes=58
data/reusde_re_contract.json: as_of=2026-09-06 layers=2 unresolved=3 walk_notes=38
From https://github.com/todayindefi/backing-monitor
 * branch                main       -> FETCH_HEAD
MISSING: /home/danger/security_analyst/topology/assets/ousd.yaml — emit nothing rather than a stale copy
Thu Sep 10 12:08:01 PM CST 2026: axis5 emit skipped for ousd (source walk unavailable)
data/crvusd_contract.json: as_of=2026-09-09 layers=7 unresolved=4 walk_notes=9
data/usg_contract.json: as_of=2026-09-06 layers=3 unresolved=3 walk_notes=96
MISSING: /home/danger/security_analyst/topology/assets/usdd.yaml — emit nothing rather than a stale copy
Thu Sep 10 12:08:02 PM CST 2026: axis5 emit skipped for usdd (source walk unavailable)
data/syrupusdc_contract.json: as_of=2026-09-06 layers=8 unresolved=3 walk_notes=8
data/syrupusdt_contract.json: as_of=2026-09-06 layers=6 unresolved=3 walk_notes=8
data/apxusd_contract.json: as_of=2026-09-09 layers=4 unresolved=4 walk_notes=1
data/apyusd_contract.json: as_of=2026-09-10 layers=4 unresolved=5 walk_notes=9
MISSING: /home/danger/security_analyst/topology/assets/strc.yaml — emit nothing rather than a stale copy
Thu Sep 10 12:08:02 PM CST 2026: axis5 emit skipped for strc (source walk unavailable)
MISSING: /home/danger/security_analyst/topology/assets/mstr.yaml — emit nothing rather than a stale copy
Thu Sep 10 12:08:02 PM CST 2026: axis5 emit skipped for mstr (source walk unavailable)
MISSING: /home/danger/security_analyst/topology/assets/bmnr.yaml — emit nothing rather than a stale copy
Thu Sep 10 12:08:02 PM CST 2026: axis5 emit skipped for bmnr (source walk unavailable)
data/usdat_contract.json: as_of=2026-09-09 layers=2 unresolved=3 walk_notes=1
data/susdat_contract.json: as_of=2026-09-09 layers=2 unresolved=4 walk_notes=1
data/usdai_contract.json: as_of=2026-09-09 layers=4 unresolved=2 walk_notes=37
data/susdai_contract.json: as_of=2026-09-09 layers=4 unresolved=4 walk_notes=11
data/usdm_contract.json: as_of=2026-09-07 layers=10 unresolved=7 walk_notes=35
data/usde_contract.json: as_of=2026-09-09 layers=1 unresolved=8 walk_notes=4
data/susde_contract.json: as_of=2026-09-09 layers=3 unresolved=9 walk_notes=4
data/usds_contract.json: as_of=2026-08-23 layers=2 unresolved=0 walk_notes=21
data/susds_contract.json: as_of=2026-09-07 layers=5 unresolved=2 walk_notes=3
data/thusd_contract.json: as_of=2026-09-10 layers=6 unresolved=6 walk_notes=10
MISSING: /home/danger/security_analyst/topology/assets/cusd.yaml — emit nothing rather than a stale copy
Thu Sep 10 12:08:02 PM CST 2026: axis5 emit skipped for cusd (source walk unavailable)
data/hastra_prime_contract.json: as_of=2026-07-31 layers=3 unresolved=0 walk_notes=51
data/yzusd_contract.json: as_of=2026-09-06 layers=1 unresolved=3 walk_notes=34
data/syzusd_contract.json: as_of=2026-08-30 layers=3 unresolved=4 walk_notes=31
data/reusd_re_contract.json: as_of=2026-08-30 layers=2 unresolved=3 walk_notes=58
data/reusde_re_contract.json: as_of=2026-09-06 layers=2 unresolved=3 walk_notes=38
From https://github.com/todayindefi/backing-monitor
 * branch                main       -> FETCH_HEAD
MISSING: /home/danger/security_analyst/topology/assets/ousd.yaml — emit nothing rather than a stale copy
Thu Sep 10 01:08:01 PM CST 2026: axis5 emit skipped for ousd (source walk unavailable)
data/crvusd_contract.json: as_of=2026-09-09 layers=7 unresolved=4 walk_notes=9
data/usg_contract.json: as_of=2026-09-06 layers=3 unresolved=3 walk_notes=96
MISSING: /home/danger/security_analyst/topology/assets/usdd.yaml — emit nothing rather than a stale copy
Thu Sep 10 01:08:01 PM CST 2026: axis5 emit skipped for usdd (source walk unavailable)
data/syrupusdc_contract.json: as_of=2026-09-06 layers=8 unresolved=3 walk_notes=8
data/syrupusdt_contract.json: as_of=2026-09-06 layers=6 unresolved=3 walk_notes=8
data/apxusd_contract.json: as_of=2026-09-09 layers=4 unresolved=4 walk_notes=1
data/apyusd_contract.json: as_of=2026-09-10 layers=4 unresolved=5 walk_notes=9
MISSING: /home/danger/security_analyst/topology/assets/strc.yaml — emit nothing rather than a stale copy
Thu Sep 10 01:08:01 PM CST 2026: axis5 emit skipped for strc (source walk unavailable)
MISSING: /home/danger/security_analyst/topology/assets/mstr.yaml — emit nothing rather than a stale copy
Thu Sep 10 01:08:01 PM CST 2026: axis5 emit skipped for mstr (source walk unavailable)
MISSING: /home/danger/security_analyst/topology/assets/bmnr.yaml — emit nothing rather than a stale copy
Thu Sep 10 01:08:01 PM CST 2026: axis5 emit skipped for bmnr (source walk unavailable)
data/usdat_contract.json: as_of=2026-09-09 layers=2 unresolved=3 walk_notes=1
data/susdat_contract.json: as_of=2026-09-09 layers=2 unresolved=4 walk_notes=1
data/usdai_contract.json: as_of=2026-09-09 layers=4 unresolved=2 walk_notes=37
data/susdai_contract.json: as_of=2026-09-09 layers=4 unresolved=4 walk_notes=11
data/usdm_contract.json: as_of=2026-09-07 layers=10 unresolved=7 walk_notes=35
data/usde_contract.json: as_of=2026-09-09 layers=1 unresolved=8 walk_notes=4
data/susde_contract.json: as_of=2026-09-09 layers=3 unresolved=9 walk_notes=4
data/usds_contract.json: as_of=2026-08-23 layers=2 unresolved=0 walk_notes=21
data/susds_contract.json: as_of=2026-09-07 layers=5 unresolved=2 walk_notes=3
data/thusd_contract.json: as_of=2026-09-10 layers=6 unresolved=6 walk_notes=10
MISSING: /home/danger/security_analyst/topology/assets/cusd.yaml — emit nothing rather than a stale copy
Thu Sep 10 01:08:02 PM CST 2026: axis5 emit skipped for cusd (source walk unavailable)
data/hastra_prime_contract.json: as_of=2026-07-31 layers=3 unresolved=0 walk_notes=51
data/yzusd_contract.json: as_of=2026-09-06 layers=1 unresolved=3 walk_notes=34
data/syzusd_contract.json: as_of=2026-08-30 layers=3 unresolved=4 walk_notes=31
data/reusd_re_contract.json: as_of=2026-08-30 layers=2 unresolved=3 walk_notes=58
data/reusde_re_contract.json: as_of=2026-09-06 layers=2 unresolved=3 walk_notes=38
From https://github.com/todayindefi/backing-monitor
 * branch                main       -> FETCH_HEAD
MISSING: /home/danger/security_analyst/topology/assets/ousd.yaml — emit nothing rather than a stale copy
Thu Sep 10 02:08:01 PM CST 2026: axis5 emit skipped for ousd (source walk unavailable)
data/crvusd_contract.json: as_of=2026-09-09 layers=7 unresolved=4 walk_notes=9
data/usg_contract.json: as_of=2026-09-06 layers=3 unresolved=3 walk_notes=96
MISSING: /home/danger/security_analyst/topology/assets/usdd.yaml — emit nothing rather than a stale copy
Thu Sep 10 02:08:02 PM CST 2026: axis5 emit skipped for usdd (source walk unavailable)
data/syrupusdc_contract.json: as_of=2026-09-06 layers=8 unresolved=3 walk_notes=8
data/syrupusdt_contract.json: as_of=2026-09-06 layers=6 unresolved=3 walk_notes=8
data/apxusd_contract.json: as_of=2026-09-09 layers=4 unresolved=4 walk_notes=1
data/apyusd_contract.json: as_of=2026-09-10 layers=4 unresolved=5 walk_notes=9
MISSING: /home/danger/security_analyst/topology/assets/strc.yaml — emit nothing rather than a stale copy
Thu Sep 10 02:08:02 PM CST 2026: axis5 emit skipped for strc (source walk unavailable)
MISSING: /home/danger/security_analyst/topology/assets/mstr.yaml — emit nothing rather than a stale copy
Thu Sep 10 02:08:02 PM CST 2026: axis5 emit skipped for mstr (source walk unavailable)
MISSING: /home/danger/security_analyst/topology/assets/bmnr.yaml — emit nothing rather than a stale copy
Thu Sep 10 02:08:02 PM CST 2026: axis5 emit skipped for bmnr (source walk unavailable)
data/usdat_contract.json: as_of=2026-09-09 layers=2 unresolved=3 walk_notes=1
data/susdat_contract.json: as_of=2026-09-09 layers=2 unresolved=4 walk_notes=1
data/usdai_contract.json: as_of=2026-09-09 layers=4 unresolved=2 walk_notes=37
data/susdai_contract.json: as_of=2026-09-09 layers=4 unresolved=4 walk_notes=11
data/usdm_contract.json: as_of=2026-09-07 layers=10 unresolved=7 walk_notes=35
data/usde_contract.json: as_of=2026-09-09 layers=1 unresolved=8 walk_notes=4
data/susde_contract.json: as_of=2026-09-09 layers=3 unresolved=9 walk_notes=4
data/usds_contract.json: as_of=2026-08-23 layers=2 unresolved=0 walk_notes=21
data/susds_contract.json: as_of=2026-09-07 layers=5 unresolved=2 walk_notes=3
data/thusd_contract.json: as_of=2026-09-10 layers=6 unresolved=6 walk_notes=10
MISSING: /home/danger/security_analyst/topology/assets/cusd.yaml — emit nothing rather than a stale copy
Thu Sep 10 02:08:02 PM CST 2026: axis5 emit skipped for cusd (source walk unavailable)
data/hastra_prime_contract.json: as_of=2026-07-31 layers=3 unresolved=0 walk_notes=51
data/yzusd_contract.json: as_of=2026-09-06 layers=1 unresolved=3 walk_notes=34
data/syzusd_contract.json: as_of=2026-08-30 layers=3 unresolved=4 walk_notes=31
data/reusd_re_contract.json: as_of=2026-08-30 layers=2 unresolved=3 walk_notes=58
data/reusde_re_contract.json: as_of=2026-09-06 layers=2 unresolved=3 walk_notes=38
From https://github.com/todayindefi/backing-monitor
 * branch                main       -> FETCH_HEAD
MISSING: /home/danger/security_analyst/topology/assets/ousd.yaml — emit nothing rather than a stale copy
Thu Sep 10 03:08:01 PM CST 2026: axis5 emit skipped for ousd (source walk unavailable)
data/crvusd_contract.json: as_of=2026-09-09 layers=7 unresolved=4 walk_notes=9
data/usg_contract.json: as_of=2026-09-06 layers=3 unresolved=3 walk_notes=96
MISSING: /home/danger/security_analyst/topology/assets/usdd.yaml — emit nothing rather than a stale copy
Thu Sep 10 03:08:01 PM CST 2026: axis5 emit skipped for usdd (source walk unavailable)
data/syrupusdc_contract.json: as_of=2026-09-06 layers=8 unresolved=3 walk_notes=8
data/syrupusdt_contract.json: as_of=2026-09-06 layers=6 unresolved=3 walk_notes=8
data/apxusd_contract.json: as_of=2026-09-09 layers=4 unresolved=4 walk_notes=1
data/apyusd_contract.json: as_of=2026-09-10 layers=4 unresolved=5 walk_notes=9
MISSING: /home/danger/security_analyst/topology/assets/strc.yaml — emit nothing rather than a stale copy
Thu Sep 10 03:08:02 PM CST 2026: axis5 emit skipped for strc (source walk unavailable)
MISSING: /home/danger/security_analyst/topology/assets/mstr.yaml — emit nothing rather than a stale copy
Thu Sep 10 03:08:02 PM CST 2026: axis5 emit skipped for mstr (source walk unavailable)
MISSING: /home/danger/security_analyst/topology/assets/bmnr.yaml — emit nothing rather than a stale copy
Thu Sep 10 03:08:02 PM CST 2026: axis5 emit skipped for bmnr (source walk unavailable)
data/usdat_contract.json: as_of=2026-09-09 layers=2 unresolved=3 walk_notes=1
data/susdat_contract.json: as_of=2026-09-09 layers=2 unresolved=4 walk_notes=1
data/usdai_contract.json: as_of=2026-09-09 layers=4 unresolved=2 walk_notes=37
data/susdai_contract.json: as_of=2026-09-09 layers=4 unresolved=4 walk_notes=11
data/usdm_contract.json: as_of=2026-09-07 layers=10 unresolved=7 walk_notes=35
data/usde_contract.json: as_of=2026-09-09 layers=1 unresolved=8 walk_notes=4
data/susde_contract.json: as_of=2026-09-09 layers=3 unresolved=9 walk_notes=4
data/usds_contract.json: as_of=2026-08-23 layers=2 unresolved=0 walk_notes=21
data/susds_contract.json: as_of=2026-09-07 layers=5 unresolved=2 walk_notes=3
data/thusd_contract.json: as_of=2026-09-10 layers=6 unresolved=6 walk_notes=10
MISSING: /home/danger/security_analyst/topology/assets/cusd.yaml — emit nothing rather than a stale copy
Thu Sep 10 03:08:02 PM CST 2026: axis5 emit skipped for cusd (source walk unavailable)
data/hastra_prime_contract.json: as_of=2026-07-31 layers=3 unresolved=0 walk_notes=51
data/yzusd_contract.json: as_of=2026-09-06 layers=1 unresolved=3 walk_notes=34
data/syzusd_contract.json: as_of=2026-08-30 layers=3 unresolved=4 walk_notes=31
data/reusd_re_contract.json: as_of=2026-08-30 layers=2 unresolved=3 walk_notes=58
data/reusde_re_contract.json: as_of=2026-09-06 layers=2 unresolved=3 walk_notes=38
From https://github.com/todayindefi/backing-monitor
 * branch                main       -> FETCH_HEAD
